<?xml version="1.0" ?>
<activity id="867137375602" type="unscrambling" l2="it" l1="ar" version="1">
   <course_name>italian</course_name>
   <title_prefix>تركيب الجُمَل</title_prefix>
   <title>Forma di cortesia</title>
   <theme>Forma di cortesia</theme>
   <description>أعد ترتيب الكلمات لتركيب الجملة.</description>
   <sentences>
      <sentence id="1ce0c3a32c45592b36a9186902d139c7">
         <s>Buongiorno signora, Lei come si chiama?</s>
         <chunks>
            <chunk index="1">Buongiorno</chunk>
            <chunk index="2">signora,</chunk>
            <chunk index="3">Lei</chunk>
            <chunk index="4">come</chunk>
            <chunk index="5">si</chunk>
            <chunk index="6">chiama?</chunk>
         </chunks>
      </sentence>
      <sentence id="90d19a95c6d0240d1e9d3714c0760be5">
         <s>Professor Rossi, Lei ha una penna rossa?</s>
         <chunks>
            <chunk index="1">Professor</chunk>
            <chunk index="2">Rossi,</chunk>
            <chunk index="3">Lei</chunk>
            <chunk index="4">ha</chunk>
            <chunk index="5">una</chunk>
            <chunk index="6">penna</chunk>
            <chunk index="7">rossa?</chunk>
         </chunks>
      </sentence>
      <sentence id="25e51e0ccd9c2b84163c5d012c907c95">
         <s>Professoressa, Lei è italiana o inglese?</s>
         <chunks>
            <chunk index="1">Professoressa,</chunk>
            <chunk index="2">Lei</chunk>
            <chunk index="3">è</chunk>
            <chunk index="4">italiana</chunk>
            <chunk index="5">o</chunk>
            <chunk index="6">inglese?</chunk>
         </chunks>
      </sentence>
      <sentence id="8107994971f1d0c63f84832b2551f586">
         <s>Signora Bianchi, Lei è molto gentile!</s>
         <chunks>
            <chunk index="1">Signora</chunk>
            <chunk index="2">Bianchi,</chunk>
            <chunk index="3">Lei</chunk>
            <chunk index="4">è</chunk>
            <chunk index="5">molto</chunk>
            <chunk index="6">gentile!</chunk>
         </chunks>
      </sentence>
      <sentence id="390b14a9ab7ff562829ca3eb71e20f6c">
         <s>Signore, Lei preferisce prendere il treno o la macchina?</s>
         <chunks>
            <chunk index="1">Signore,</chunk>
            <chunk index="2">Lei</chunk>
            <chunk index="3">preferisce</chunk>
            <chunk index="4">prendere</chunk>
            <chunk index="5">il treno</chunk>
            <chunk index="6">o la</chunk>
            <chunk index="7">macchina?</chunk>
         </chunks>
      </sentence>
   </sentences>
</activity>
