<?xml version="1.0" ?>
<activity id="387170868181" type="dictation" l2="it" l1="ar" version="1" n_voices="4">
   <course_name>italian</course_name>
   <title_prefix>إملاء</title_prefix>
   <title>Chiedere/dire l’ora</title>
   <theme>Chiedere/dire l’ora</theme>
   <description>استمع ثم اكتب الجملة.</description>
   <sentences>
      <sentence id="ef97676ee34ed4606a960b62aa50f8df" audio_id="582137040985">
         <s>Sono le cinque e mezza.</s>
      </sentence>
      <sentence id="7737ba4231d7d4451de0509a9d2ed38d" audio_id="797109591573">
         <s>Sono le cinque e trentacinque.</s>
      </sentence>
      <sentence id="88960f7677bfa5ededd8c0c8fbf3d686" audio_id="136156759230">
         <s>Sono le due e un quarto.</s>
      </sentence>
      <sentence id="0a405d70930f2ec0e5e9bd0223cc9f3d" audio_id="764107123294">
         <s>Sono le nove e cinque.</s>
      </sentence>
      <sentence id="70444a1afab81ea6c5458c77eff984d4" audio_id="865129398590">
         <s>Sono le nove e quarantacinque.</s>
      </sentence>
      <sentence id="eceb0f57d3a0364811716a7a35e31480" audio_id="298147268703">
         <s>Sono le otto meno un quarto.</s>
      </sentence>
      <sentence id="030fd4c72141c30f737e0d6150e08d6b" audio_id="787173969819">
         <s>Sono le quattro e mezza.</s>
      </sentence>
      <sentence id="f303f0276c3e53b37dc8c398a7632c9a" audio_id="146192419383">
         <s>Sono le quattro meno venti.</s>
      </sentence>
      <sentence id="6b1d13a0c239508ba7f3467a4bedd6ed" audio_id="509156836963">
         <s>Sono le sei.</s>
      </sentence>
      <sentence id="eadbf94f1583e549b2488718fc5c12c2" audio_id="928182401610">
         <s>Sono le sette e trentacinque.</s>
      </sentence>
      <sentence id="c2153176d7edafc46157d6117ff5658a" audio_id="325135873898">
         <s>Sono le sette e venti.</s>
      </sentence>
      <sentence id="ee5aa2ecad09965cb391620fb58bd351" audio_id="297173728937">
         <s>Sono le tre e dieci.</s>
      </sentence>
      <sentence id="8760671321f8392e9e4fb33132a83c5e" audio_id="384178090405">
         <s>Sono le tre e mezza.</s>
      </sentence>
      <sentence id="5959ad04abe7c79ff972f11119e7b5f7" audio_id="580195628319">
         <s>Sono le tre meno cinque.</s>
      </sentence>
      <sentence id="e0993b747c5b5b3c4a93ff9b5aa904db" audio_id="605175904013">
         <s>Sono le undici e cinquanta.</s>
      </sentence>
      <sentence id="e68d54303589224cc6e34ae8c45bd5af" audio_id="530159684914">
         <s>Sono le undici meno dieci.</s>
      </sentence>
      <sentence id="fe69276995693b376cc76a1ae3703176" audio_id="238169619530">
         <s>Sono le undici meno venti.</s>
      </sentence>
      <sentence id="41ff7dab265228f0264beff0a56167ba" audio_id="979176531453">
         <s>È l’una e dieci.</s>
      </sentence>
      <sentence id="bf1ead97cf4faff62347bc860ecc9d9a" audio_id="613125879467">
         <s>È l’una e mezza.</s>
      </sentence>
      <sentence id="cbfe462189292cf8ae67628a365d9b2a" audio_id="705106060163">
         <s>È l’una e quaranta.</s>
      </sentence>
      <sentence id="001647d394cef253a5f9a80ad96f7d31" audio_id="902178731486">
         <s>È l’una e un quarto.</s>
      </sentence>
      <sentence id="2a1b302baec3e769dde2688e48d3abd2" audio_id="645146412671">
         <s>È l’una e venti.</s>
      </sentence>
      <sentence id="6b120f1470f7cc3edfa078a7d10abf06" audio_id="325131621923">
         <s>È mezzanotte e cinque.</s>
      </sentence>
      <sentence id="f082a59e91402fb422b9d6eb4aecf798" audio_id="920197424385">
         <s>È mezzogiorno e un quarto.</s>
      </sentence>
   </sentences>
</activity>
