<?xml version="1.0" ?>
<activity id="124148512583" type="missing_words" l2="it" l1="ar" version="1" n_voices="4">
   <course_name>italian</course_name>
   <title_prefix>كلمات ناقصة</title_prefix>
   <title>Verbi in -ire che prendono -isc</title>
   <theme>Verbi in -ire che prendono -isc</theme>
   <description>استمع ثم اكتب الكلمات الناقصة.</description>
   <sentences>
      <sentence id="cb1208776a7bde31bdeb50141c2987a5" audio_id="620182845402">
         <s>Gli studenti capiscono l’inglese.</s>
         <keywords>
            <keyword>inglese</keyword>
         </keywords>
      </sentence>
      <sentence id="01eb0238512cbb64ea413361045dcd66" audio_id="509130125763">
         <s>Io preferisco la macchina gialla.</s>
         <keywords>
            <keyword>gialla</keyword>
         </keywords>
      </sentence>
      <sentence id="cda540bf44ec1ea05d3ff064152beb8c" audio_id="893190504035">
         <s>La lezione di inglese finisce adesso.</s>
         <keywords>
            <keyword>inglese</keyword>
         </keywords>
      </sentence>
      <sentence id="f97392beb3d96a7a776b20a12535bd20" audio_id="395143403085">
         <s>Lui finisce la scuola elementare.</s>
         <keywords>
            <keyword>scuola elementare</keyword>
         </keywords>
      </sentence>
      <sentence id="7956bcb028ace56c8899d827116686ff" audio_id="719151390952">
         <s>Noi capiamo l’inglese.</s>
         <keywords>
            <keyword>inglese</keyword>
         </keywords>
      </sentence>
      <sentence id="f32c8281122c37463784f2bbd34d1cab" audio_id="415102391453">
         <s>Tu quando finisci la scuola media?</s>
         <keywords>
            <keyword>scuola media</keyword>
         </keywords>
      </sentence>
   </sentences>
</activity>
