<?xml version="1.0" ?>
<activity id="589103189416" type="conjugation" l2="it" l1="ar" version="1">
   <course_name>italian</course_name>
   <title_prefix>تصريف الأفعال</title_prefix>
   <title>Aggettivi in -e</title>
   <theme>Aggettivi in -e</theme>
   <description>اختر الصيغة الصحيحة للفعل.</description>
   <sentences>
      <entry id="5aeb2f66af82c2dc588544d425cc25eb">
         <sentence>Anna ha gli occhi verdi.</sentence>
         <verb>ha</verb>
         <forms>
            <form>avere</form>
            <form>ho</form>
            <form>hai</form>
            <form>abbiamo</form>
            <form>avete</form>
            <form>hanno</form>
         </forms>
      </entry>
      <entry id="76021fb33aa983c1d2c53ef86fbbfeaf">
         <sentence>Anna è una ragazza inglese.</sentence>
         <verb>è</verb>
         <forms>
            <form>essere</form>
            <form>sono</form>
            <form>sei</form>
            <form>siamo</form>
            <form>siete</form>
         </forms>
      </entry>
      <entry id="ccbbc734ef45ce627e825133c6bb36b9">
         <sentence>Chiara è una ragazza bella e gentile.</sentence>
         <verb>è</verb>
         <forms>
            <form>essere</form>
            <form>sono</form>
            <form>sei</form>
            <form>siamo</form>
            <form>siete</form>
         </forms>
      </entry>
      <entry id="36ca028bf9487b5f80c4832049e1a271">
         <sentence>Dino ha una testa grande.</sentence>
         <verb>ha</verb>
         <forms>
            <form>avere</form>
            <form>ho</form>
            <form>hai</form>
            <form>abbiamo</form>
            <form>avete</form>
            <form>hanno</form>
         </forms>
      </entry>
      <entry id="06e27c46bbf73499111300c2d269b025">
         <sentence>Gli occhi di Paolo sono azzurri o verdi?</sentence>
         <verb>sono</verb>
         <forms>
            <form>essere</form>
            <form>sei</form>
            <form>è</form>
            <form>siamo</form>
            <form>siete</form>
         </forms>
      </entry>
      <entry id="544e2abb5459f280de9237fc46e9ab89">
         <sentence>Gli studenti nuovi sono inglesi.</sentence>
         <verb>sono</verb>
         <forms>
            <form>essere</form>
            <form>sei</form>
            <form>è</form>
            <form>siamo</form>
            <form>siete</form>
         </forms>
      </entry>
      <entry id="86db1943aa51322e86e2523713291a3d">
         <sentence>Gli studenti stranieri sono intelligenti.</sentence>
         <verb>sono</verb>
         <forms>
            <form>essere</form>
            <form>sei</form>
            <form>è</form>
            <form>siamo</form>
            <form>siete</form>
         </forms>
      </entry>
      <entry id="b6794acfb241a1890c6636c8fcac7ede">
         <sentence>I professori sono giovani.</sentence>
         <verb>sono</verb>
         <forms>
            <form>essere</form>
            <form>sei</form>
            <form>è</form>
            <form>siamo</form>
            <form>siete</form>
         </forms>
      </entry>
      <entry id="bb72da27b87754bff21bacfbc5fc05cd">
         <sentence>I ragazzi sono tristi.</sentence>
         <verb>sono</verb>
         <forms>
            <form>essere</form>
            <form>sei</form>
            <form>è</form>
            <form>siamo</form>
            <form>siete</form>
         </forms>
      </entry>
      <entry id="08e2307dd9c1be06700ffdbd0f213703">
         <sentence>Il libro di italiano è difficile.</sentence>
         <verb>è</verb>
         <forms>
            <form>essere</form>
            <form>sono</form>
            <form>sei</form>
            <form>siamo</form>
            <form>siete</form>
         </forms>
      </entry>
      <entry id="0e52dfcdd0fb85f11a2ae0f836e720ac">
         <sentence>Il libro è interessante.</sentence>
         <verb>è</verb>
         <forms>
            <form>essere</form>
            <form>sono</form>
            <form>sei</form>
            <form>siamo</form>
            <form>siete</form>
         </forms>
      </entry>
      <entry id="18368481588b63869cbc887805924ace">
         <sentence>Il professore di geografia è giovane.</sentence>
         <verb>è</verb>
         <forms>
            <form>essere</form>
            <form>sono</form>
            <form>sei</form>
            <form>siamo</form>
            <form>siete</form>
         </forms>
      </entry>
      <entry id="f029b1c497d665ef5725330a245ea5d0">
         <sentence>Il professore di italiano è giovane e simpatico.</sentence>
         <verb>è</verb>
         <forms>
            <form>essere</form>
            <form>sono</form>
            <form>sei</form>
            <form>siamo</form>
            <form>siete</form>
         </forms>
      </entry>
      <entry id="de9676745312c6a03135ffb536c0f682">
         <sentence>Io ho la bocca grande.</sentence>
         <verb>ho</verb>
         <forms>
            <form>avere</form>
            <form>hai</form>
            <form>ha</form>
            <form>abbiamo</form>
            <form>avete</form>
            <form>hanno</form>
         </forms>
      </entry>
      <entry id="744f9d717a5330137892ddbcae6b967b">
         <sentence>Io ho un cappello arancione.</sentence>
         <verb>ho</verb>
         <forms>
            <form>avere</form>
            <form>hai</form>
            <form>ha</form>
            <form>abbiamo</form>
            <form>avete</form>
            <form>hanno</form>
         </forms>
      </entry>
      <entry id="b80255e9650ba74d43247a8094031825">
         <sentence>Io ho una borsa arancione.</sentence>
         <verb>ho</verb>
         <forms>
            <form>avere</form>
            <form>hai</form>
            <form>ha</form>
            <form>abbiamo</form>
            <form>avete</form>
            <form>hanno</form>
         </forms>
      </entry>
      <entry id="445646bc5dec7f3592cfc36b741bbb1f">
         <sentence>La casa è bella e grande.</sentence>
         <verb>è</verb>
         <forms>
            <form>essere</form>
            <form>sono</form>
            <form>sei</form>
            <form>siamo</form>
            <form>siete</form>
         </forms>
      </entry>
      <entry id="68b987755564941975f4b18fb8600b42">
         <sentence>La lezione di matematica è difficile.</sentence>
         <verb>è</verb>
         <forms>
            <form>essere</form>
            <form>sono</form>
            <form>sei</form>
            <form>siamo</form>
            <form>siete</form>
         </forms>
      </entry>
      <entry id="2539948586482574af4460bf64939485">
         <sentence>La lezione di storia è interessante.</sentence>
         <verb>è</verb>
         <forms>
            <form>essere</form>
            <form>sono</form>
            <form>sei</form>
            <form>siamo</form>
            <form>siete</form>
         </forms>
      </entry>
      <entry id="b1f96d3bfe1c1db5344554788d8eb148">
         <sentence>La macchina è verde.</sentence>
         <verb>è</verb>
         <forms>
            <form>essere</form>
            <form>sono</form>
            <form>sei</form>
            <form>siamo</form>
            <form>siete</form>
         </forms>
      </entry>
      <entry id="42d1bf47fdd8d94d8fb72b9d625e6b49">
         <sentence>La ragazza è gentile.</sentence>
         <verb>è</verb>
         <forms>
            <form>essere</form>
            <form>sono</form>
            <form>sei</form>
            <form>siamo</form>
            <form>siete</form>
         </forms>
      </entry>
      <entry id="f9f6912cce5fae558c5beaaff3dee4fe">
         <sentence>La studentessa inglese si chiama Maria.</sentence>
         <verb>chiama</verb>
         <forms>
            <form>chiamarsi</form>
            <form>chiamo</form>
            <form>chiami</form>
         </forms>
      </entry>
      <entry id="5b1d894ad77300d2d831a09ba64aa2f5">
         <sentence>La studentessa inglese si chiama Maria.</sentence>
         <verb>si</verb>
         <forms>
            <form>mi</form>
            <form>ti</form>
            <form>ci</form>
            <form>vi</form>
         </forms>
      </entry>
      <entry id="cbfc2c2e1f2fe7671c793f6a02e195f2">
         <sentence>Le amiche di Anna sono gentili.</sentence>
         <verb>sono</verb>
         <forms>
            <form>essere</form>
            <form>sei</form>
            <form>è</form>
            <form>siamo</form>
            <form>siete</form>
         </forms>
      </entry>
      <entry id="eb7bdb67fb5dbac73bfa20da6fe8aa57">
         <sentence>Le aule sono grandi.</sentence>
         <verb>sono</verb>
         <forms>
            <form>essere</form>
            <form>sei</form>
            <form>è</form>
            <form>siamo</form>
            <form>siete</form>
         </forms>
      </entry>
      <entry id="8e411c7a95d7fd790e189dcc3189bc9e">
         <sentence>Le case sono grandi.</sentence>
         <verb>sono</verb>
         <forms>
            <form>essere</form>
            <form>sei</form>
            <form>è</form>
            <form>siamo</form>
            <form>siete</form>
         </forms>
      </entry>
      <entry id="c31e886ff142db3d3d15386b6c2ff42a">
         <sentence>Le ragazze sono brune e hanno gli occhi verdi.</sentence>
         <verb>sono</verb>
         <forms>
            <form>essere</form>
            <form>sei</form>
            <form>è</form>
            <form>siamo</form>
            <form>siete</form>
         </forms>
      </entry>
      <entry id="3a47f9af51e05b293f5ad92c84c7edc3">
         <sentence>Le studentesse sono intelligenti.</sentence>
         <verb>sono</verb>
         <forms>
            <form>essere</form>
            <form>sei</form>
            <form>è</form>
            <form>siamo</form>
            <form>siete</form>
         </forms>
      </entry>
      <entry id="aea850403fbe22db853d704facf608b4">
         <sentence>Lo studente è intelligente.</sentence>
         <verb>è</verb>
         <forms>
            <form>essere</form>
            <form>sono</form>
            <form>sei</form>
            <form>siamo</form>
            <form>siete</form>
         </forms>
      </entry>
      <entry id="65553b5f5f1521787a733b19952ca1e4">
         <sentence>Lo zio di Marco è gentile.</sentence>
         <verb>è</verb>
         <forms>
            <form>essere</form>
            <form>sono</form>
            <form>sei</form>
            <form>siamo</form>
            <form>siete</form>
         </forms>
      </entry>
      <entry id="40597be65b6c154e36da5dbcfd0819a1">
         <sentence>Luca ha i capelli arancioni.</sentence>
         <verb>ha</verb>
         <forms>
            <form>avere</form>
            <form>ho</form>
            <form>hai</form>
            <form>abbiamo</form>
            <form>avete</form>
            <form>hanno</form>
         </forms>
      </entry>
      <entry id="759e97be48ef6377938367640760d461">
         <sentence>Lui è uno studente bravo e gentile.</sentence>
         <verb>è</verb>
         <forms>
            <form>essere</form>
            <form>sono</form>
            <form>sei</form>
            <form>siamo</form>
            <form>siete</form>
         </forms>
      </entry>
      <entry id="6a2f12a6bd073e9e187665839568da19">
         <sentence>L’Italia è grande.</sentence>
         <verb>è</verb>
         <forms>
            <form>essere</form>
            <form>sono</form>
            <form>sei</form>
            <form>siamo</form>
            <form>siete</form>
         </forms>
      </entry>
      <entry id="388ca7537cbabce6141a1b9f416ee483">
         <sentence>L’amica di Anna è triste.</sentence>
         <verb>è</verb>
         <forms>
            <form>essere</form>
            <form>sono</form>
            <form>sei</form>
            <form>siamo</form>
            <form>siete</form>
         </forms>
      </entry>
      <entry id="e84696ff3ec7688647c7749b18193023">
         <sentence>L’amico di Paolo è scortese.</sentence>
         <verb>è</verb>
         <forms>
            <form>essere</form>
            <form>sono</form>
            <form>sei</form>
            <form>siamo</form>
            <form>siete</form>
         </forms>
      </entry>
      <entry id="4b709f257c6e02adec0a347fd095e689">
         <sentence>L’esame è facile o difficile?</sentence>
         <verb>è</verb>
         <forms>
            <form>essere</form>
            <form>sono</form>
            <form>sei</form>
            <form>siamo</form>
            <form>siete</form>
         </forms>
      </entry>
      <entry id="9178934862635a332805d22660da0d76">
         <sentence>L’esame è importante.</sentence>
         <verb>è</verb>
         <forms>
            <form>essere</form>
            <form>sono</form>
            <form>sei</form>
            <form>siamo</form>
            <form>siete</form>
         </forms>
      </entry>
      <entry id="7951c65bb4713a222cf197b906b81f6d">
         <sentence>L’esercizio di matematica non è facile.</sentence>
         <verb>è</verb>
         <forms>
            <form>essere</form>
            <form>sono</form>
            <form>sei</form>
            <form>siamo</form>
            <form>siete</form>
         </forms>
      </entry>
      <entry id="5d3e556238b2dcdd355bd522d8ca196c">
         <sentence>L’esercizio di matematica è difficile.</sentence>
         <verb>è</verb>
         <forms>
            <form>essere</form>
            <form>sono</form>
            <form>sei</form>
            <form>siamo</form>
            <form>siete</form>
         </forms>
      </entry>
      <entry id="68cd988961d309e77683e1212d5e6f22">
         <sentence>L’esercizio è difficile.</sentence>
         <verb>è</verb>
         <forms>
            <form>essere</form>
            <form>sono</form>
            <form>sei</form>
            <form>siamo</form>
            <form>siete</form>
         </forms>
      </entry>
      <entry id="87e016200aced19ebb3fa41a3f841f59">
         <sentence>Marco ha i capelli neri e gli occhi verdi.</sentence>
         <verb>ha</verb>
         <forms>
            <form>avere</form>
            <form>ho</form>
            <form>hai</form>
            <form>abbiamo</form>
            <form>avete</form>
            <form>hanno</form>
         </forms>
      </entry>
      <entry id="7f835b439650beab1471cd67f35dbef8">
         <sentence>Marco ha il naso grande.</sentence>
         <verb>ha</verb>
         <forms>
            <form>avere</form>
            <form>ho</form>
            <form>hai</form>
            <form>abbiamo</form>
            <form>avete</form>
            <form>hanno</form>
         </forms>
      </entry>
      <entry id="63a52770e767fc0a971ae5540fbe756b">
         <sentence>Maria ha la borsa verde.</sentence>
         <verb>ha</verb>
         <forms>
            <form>avere</form>
            <form>ho</form>
            <form>hai</form>
            <form>abbiamo</form>
            <form>avete</form>
            <form>hanno</form>
         </forms>
      </entry>
      <entry id="fd7c799bbedb9088aa7f7e2452bf9903">
         <sentence>Mario ha i piedi grandi.</sentence>
         <verb>ha</verb>
         <forms>
            <form>avere</form>
            <form>ho</form>
            <form>hai</form>
            <form>abbiamo</form>
            <form>avete</form>
            <form>hanno</form>
         </forms>
      </entry>
      <entry id="8f1548fb6955290cd157f0024b3819a9">
         <sentence>Paolo e Marco sono due ragazzi giovani.</sentence>
         <verb>sono</verb>
         <forms>
            <form>essere</form>
            <form>sei</form>
            <form>è</form>
            <form>siamo</form>
            <form>siete</form>
         </forms>
      </entry>
      <entry id="0f37239c0d12906c9c2289f408b428d7">
         <sentence>Ragazzi, voi siete molto gentili.</sentence>
         <verb>siete</verb>
         <forms>
            <form>essere</form>
            <form>sono</form>
            <form>sei</form>
            <form>è</form>
            <form>siamo</form>
         </forms>
      </entry>
      <entry id="2c671555d2ac8afe6780d8f064a64380">
         <sentence>Sara, perché sei triste?</sentence>
         <verb>sei</verb>
         <forms>
            <form>essere</form>
            <form>sono</form>
            <form>è</form>
            <form>siamo</form>
            <form>siete</form>
         </forms>
      </entry>
      <entry id="965e92b51af629469a38af0776599e88">
         <sentence>Tu ascolti la musica inglese?</sentence>
         <verb>ascolti</verb>
         <forms>
            <form>ascoltare</form>
            <form>ascolto</form>
            <form>ascolta</form>
            <form>ascoltiamo</form>
            <form>ascoltate</form>
            <form>ascoltano</form>
         </forms>
      </entry>
      <entry id="84b56a5061ebce72cf78ce72a7c21037">
         <sentence>Tu hai gli occhi grandi.</sentence>
         <verb>hai</verb>
         <forms>
            <form>avere</form>
            <form>ho</form>
            <form>ha</form>
            <form>abbiamo</form>
            <form>avete</form>
            <form>hanno</form>
         </forms>
      </entry>
      <entry id="01e86fe56adbd549bf12f8b4631fb09d">
         <sentence>Tu hai le dita lunghe e le mani grandi.</sentence>
         <verb>hai</verb>
         <forms>
            <form>avere</form>
            <form>ho</form>
            <form>ha</form>
            <form>abbiamo</form>
            <form>avete</form>
            <form>hanno</form>
         </forms>
      </entry>
   </sentences>
</activity>
