<?xml version="1.0" ?>
<activity id="568170157630" type="translation" l2="it" l1="ar" version="1" n_voices="4">
   <course_name>italian</course_name>
   <title_prefix>ترجمة</title_prefix>
   <title>Verbi irregolari</title>
   <theme>Verbi irregolari</theme>
   <description>أعد ترتيب الكلمات لتتناسَب مع الجملة.</description>
   <sentences>
      <entry id="94e3f222324e74ef60fa742dce621026">
         <sentence lang="ar">Anna، هل تُمارِسين الرياضة في عطلة نهاية الأسبوع؟</sentence>
         <translation lang="it">Anna, tu fai sport il fine settimana?</translation>
         <chunks lang="it">
            <chunk index="1" audio_id="723125827904">Anna,</chunk>
            <chunk index="2" audio_id="656136364306">tu</chunk>
            <chunk index="3" audio_id="980132824825">fai</chunk>
            <chunk index="4" audio_id="154185321352">sport</chunk>
            <chunk index="5" audio_id="262108452706">il</chunk>
            <chunk index="6" audio_id="328195647123">fine</chunk>
            <chunk index="7" audio_id="643196342980">settimana?</chunk>
         </chunks>
      </entry>
      <entry id="c1b358fd42292496af886cce12a7cd5b">
         <sentence lang="ar">Heba، هل تأتين لتناوُل البيتزا معي؟</sentence>
         <translation lang="it">Heba, vieni a mangiare una pizza con me?</translation>
         <chunks lang="it">
            <chunk index="1" audio_id="120146830746">Heba,</chunk>
            <chunk index="2" audio_id="917146549245">vieni a</chunk>
            <chunk index="3" audio_id="148173268206">mangiare</chunk>
            <chunk index="4" audio_id="203107513852">una</chunk>
            <chunk index="5" audio_id="586106261613">pizza</chunk>
            <chunk index="6" audio_id="313160794364">con</chunk>
            <chunk index="7" audio_id="382126375026">me?</chunk>
         </chunks>
      </entry>
      <entry id="0df2b2ba0437799a1933cf842cf87b2f">
         <sentence lang="ar">Luigi، هل تأتي لِلَعب ألعاب الفيديو في منزلي؟</sentence>
         <translation lang="it">Luigi, vieni a giocare ai videogiochi a casa mia?</translation>
         <chunks lang="it">
            <chunk index="1" audio_id="353146137312">Luigi,</chunk>
            <chunk index="2" audio_id="917146549245">vieni a</chunk>
            <chunk index="3" audio_id="162142872793">giocare</chunk>
            <chunk index="4" audio_id="392185783278">ai</chunk>
            <chunk index="5" audio_id="165127019415">videogiochi</chunk>
            <chunk index="6" audio_id="862185401875">a casa</chunk>
            <chunk index="7" audio_id="184161890470">mia?</chunk>
         </chunks>
      </entry>
      <entry id="4cb62761079c9d9d61322895e17d00f8">
         <sentence lang="ar">Mario سيأتي إلى الحفلة الموسيقيَّة غدًا.</sentence>
         <translation lang="it">Mario viene al concerto domani.</translation>
         <chunks lang="it">
            <chunk index="1" audio_id="812182635816">Mario</chunk>
            <chunk index="2" audio_id="856167213968">viene</chunk>
            <chunk index="3" audio_id="308186423047">al</chunk>
            <chunk index="4" audio_id="197156439354">concerto</chunk>
            <chunk index="5" audio_id="416153468693">domani.</chunk>
         </chunks>
      </entry>
      <entry id="47548738a4ae2dd5542887ec76454da6">
         <sentence lang="ar">Mario يلعب دائمًا بالحاسب الآليِّ.</sentence>
         <translation lang="it">Mario gioca sempre al computer.</translation>
         <chunks lang="it">
            <chunk index="1" audio_id="812182635816">Mario</chunk>
            <chunk index="2" audio_id="736152493072">gioca</chunk>
            <chunk index="3" audio_id="183192838163">sempre</chunk>
            <chunk index="4" audio_id="308186423047">al</chunk>
            <chunk index="5" audio_id="519108601392">computer.</chunk>
         </chunks>
      </entry>
      <entry id="53edc69b52c562955f12b3bb68141cb2">
         <sentence lang="ar">أنا أذهب دائمًا إلى السينما يوم السبت.</sentence>
         <translation lang="it">Io vado sempre al cinema il sabato.</translation>
         <chunks lang="it">
            <chunk index="1" audio_id="245176495397">Io</chunk>
            <chunk index="2" audio_id="302162014050">vado</chunk>
            <chunk index="3" audio_id="183192838163">sempre</chunk>
            <chunk index="4" audio_id="308186423047">al</chunk>
            <chunk index="5" audio_id="438126026124">cinema</chunk>
            <chunk index="6" audio_id="262108452706">il</chunk>
            <chunk index="7" audio_id="240104695649">sabato.</chunk>
         </chunks>
      </entry>
      <entry id="cb7b68c6b6eff8adc6650d6c2403fe99">
         <sentence lang="ar">أنا أُؤدِّي الواجبات المنزليَّة في عطلة نهاية الأسبوع عادةً.</sentence>
         <translation lang="it">Io faccio i compiti il fine settimana di solito.</translation>
         <chunks lang="it">
            <chunk index="1" audio_id="245176495397">Io</chunk>
            <chunk index="2" audio_id="170187530752">faccio i</chunk>
            <chunk index="3" audio_id="794163989247">compiti</chunk>
            <chunk index="4" audio_id="453178502973">il fine</chunk>
            <chunk index="5" audio_id="162162318693">settimana</chunk>
            <chunk index="6" audio_id="196190491453">di</chunk>
            <chunk index="7" audio_id="215198376158">solito.</chunk>
         </chunks>
      </entry>
      <entry id="053e21c7eef0806f8e331bd23fa1a2b9">
         <sentence lang="ar">أنا سآتي لتناوُل البيتزا معكم الليلة.</sentence>
         <translation lang="it">Io vengo a mangiare una pizza con voi stasera.</translation>
         <chunks lang="it">
            <chunk index="1" audio_id="245176495397">Io</chunk>
            <chunk index="2" audio_id="353172141275">vengo a</chunk>
            <chunk index="3" audio_id="148173268206">mangiare</chunk>
            <chunk index="4" audio_id="203107513852">una</chunk>
            <chunk index="5" audio_id="586106261613">pizza</chunk>
            <chunk index="6" audio_id="429124954372">con voi</chunk>
            <chunk index="7" audio_id="816131680609">stasera.</chunk>
         </chunks>
      </entry>
      <entry id="9f161ef11aadee6737e623d732850b2c">
         <sentence lang="ar">أنا سأخرج مع Anna اليوم. نحن سنذهب إلى السينما.</sentence>
         <translation lang="it">Io esco con Anna oggi. Noi andiamo al cinema.</translation>
         <chunks lang="it">
            <chunk index="1" audio_id="462120347212">Io esco</chunk>
            <chunk index="2" audio_id="796185875719">con Anna</chunk>
            <chunk index="3" audio_id="562181649341">oggi.</chunk>
            <chunk index="4" audio_id="497180219025">Noi</chunk>
            <chunk index="5" audio_id="943154965787">andiamo</chunk>
            <chunk index="6" audio_id="308186423047">al</chunk>
            <chunk index="7" audio_id="907145458396">cinema.</chunk>
         </chunks>
      </entry>
      <entry id="a1ef89613bea71a9718c24247aa634bd">
         <sentence lang="ar">أنا سأخرج مع الأصدقاء الليلة.</sentence>
         <translation lang="it">Io esco con gli amici stasera.</translation>
         <chunks lang="it">
            <chunk index="1" audio_id="245176495397">Io</chunk>
            <chunk index="2" audio_id="939175341254">esco</chunk>
            <chunk index="3" audio_id="313160794364">con</chunk>
            <chunk index="4" audio_id="346146197210">gli</chunk>
            <chunk index="5" audio_id="725152626359">amici</chunk>
            <chunk index="6" audio_id="816131680609">stasera.</chunk>
         </chunks>
      </entry>
      <entry id="fd4edc85237cf7dca3ff2cf843e735b2">
         <sentence lang="ar">أنا وPaolo نخرج غالبًا معًا.</sentence>
         <translation lang="it">Io e Paolo usciamo spesso insieme.</translation>
         <chunks lang="it">
            <chunk index="1" audio_id="245176495397">Io</chunk>
            <chunk index="2" audio_id="260143408439">e</chunk>
            <chunk index="3" audio_id="510108616259">Paolo</chunk>
            <chunk index="4" audio_id="748157838595">usciamo</chunk>
            <chunk index="5" audio_id="586108126945">spesso</chunk>
            <chunk index="6" audio_id="368151921078">insieme.</chunk>
         </chunks>
      </entry>
      <entry id="e6dd87de268fd14933fbf0c3a5f30e84">
         <sentence lang="ar">إنها تُنظِّف المنزل كلَّ يوم.</sentence>
         <translation lang="it">Lei pulisce casa tutti i giorni.</translation>
         <chunks lang="it">
            <chunk index="1" audio_id="515124518342">Lei</chunk>
            <chunk index="2" audio_id="103191062840">pulisce</chunk>
            <chunk index="3" audio_id="129163618578">casa</chunk>
            <chunk index="4" audio_id="307184268964">tutti</chunk>
            <chunk index="5" audio_id="126105646586">i</chunk>
            <chunk index="6" audio_id="587189028027">giorni.</chunk>
         </chunks>
      </entry>
      <entry id="4767f8d7f9487434d33cecd173b9d435">
         <sentence lang="ar">الأولاد يذهبون إلى المدرسة سيرًا على الأقدام.</sentence>
         <translation lang="it">I ragazzi vanno a scuola a piedi.</translation>
         <chunks lang="it">
            <chunk index="1" audio_id="126105646586">I</chunk>
            <chunk index="2" audio_id="208125239412">ragazzi</chunk>
            <chunk index="3" audio_id="137145790109">vanno</chunk>
            <chunk index="4" audio_id="308190754232">a</chunk>
            <chunk index="5" audio_id="129125395142">scuola</chunk>
            <chunk index="6" audio_id="308190754232">a</chunk>
            <chunk index="7" audio_id="250106810920">piedi.</chunk>
         </chunks>
      </entry>
      <entry id="f42526971b9bb3b43cfd52a20a71c39b">
         <sentence lang="ar">للأسف لن أحضر الحفلة الليلة.</sentence>
         <translation lang="it">Mi dispiace, non vengo alla festa stasera.</translation>
         <chunks lang="it">
            <chunk index="1" audio_id="164179125893">Mi</chunk>
            <chunk index="2" audio_id="542132382967">dispiace,</chunk>
            <chunk index="3" audio_id="178104164202">non</chunk>
            <chunk index="4" audio_id="134193842975">vengo</chunk>
            <chunk index="5" audio_id="953190594246">alla</chunk>
            <chunk index="6" audio_id="149150216812">festa</chunk>
            <chunk index="7" audio_id="816131680609">stasera.</chunk>
         </chunks>
      </entry>
      <entry id="6a222aa2f1842920a85e0bd3a00e7e7c">
         <sentence lang="ar">لماذا لا تُمارِس الرياضة؟</sentence>
         <translation lang="it">Tu perché non fai sport?</translation>
         <chunks lang="it">
            <chunk index="1" audio_id="656136364306">Tu</chunk>
            <chunk index="2" audio_id="105149080283">perché</chunk>
            <chunk index="3" audio_id="178104164202">non</chunk>
            <chunk index="4" audio_id="980132824825">fai</chunk>
            <chunk index="5" audio_id="868189482157">sport?</chunk>
         </chunks>
      </entry>
      <entry id="c76592c4b3f16cdb0ba1d90ba063a081">
         <sentence lang="ar">نحن ذاهبون لمشاهدة فيلم أورلاندو بلوم الجديد.</sentence>
         <translation lang="it">Andiamo a vedere il nuovo film di Orlando Bloom?</translation>
         <chunks lang="it">
            <chunk index="1" audio_id="943154965787">Andiamo</chunk>
            <chunk index="2" audio_id="303151346359">a vedere</chunk>
            <chunk index="3" audio_id="262108452706">il</chunk>
            <chunk index="4" audio_id="192172808369">nuovo</chunk>
            <chunk index="5" audio_id="385147828425">film di</chunk>
            <chunk index="6" audio_id="704154130174">Orlando</chunk>
            <chunk index="7" audio_id="869126397598">Bloom?</chunk>
         </chunks>
      </entry>
      <entry id="1319d8ca2ae7e3ea2cdb13150bc56589">
         <sentence lang="ar">نحن سنذهب اليوم لتناوُل المُثلَّجات معًا.</sentence>
         <translation lang="it">Oggi noi andiamo a prendere un gelato insieme.</translation>
         <chunks lang="it">
            <chunk index="1" audio_id="973153715635">Oggi noi</chunk>
            <chunk index="2" audio_id="943154965787">andiamo</chunk>
            <chunk index="3" audio_id="308190754232">a</chunk>
            <chunk index="4" audio_id="120189684531">prendere</chunk>
            <chunk index="5" audio_id="253191472013">un</chunk>
            <chunk index="6" audio_id="215103928041">gelato</chunk>
            <chunk index="7" audio_id="368151921078">insieme.</chunk>
         </chunks>
      </entry>
      <entry id="bc989fe2b4d3e251ccf487c4eeccdc6b">
         <sentence lang="ar">نحن نذهب إلى السينما يوم الأحد عادةً.</sentence>
         <translation lang="it">Noi andiamo al cinema la domenica di solito.</translation>
         <chunks lang="it">
            <chunk index="1" audio_id="497180219025">Noi</chunk>
            <chunk index="2" audio_id="943154965787">andiamo</chunk>
            <chunk index="3" audio_id="106104760916">al cinema</chunk>
            <chunk index="4" audio_id="139182016747">la</chunk>
            <chunk index="5" audio_id="169147359670">domenica</chunk>
            <chunk index="6" audio_id="196190491453">di</chunk>
            <chunk index="7" audio_id="215198376158">solito.</chunk>
         </chunks>
      </entry>
      <entry id="3b77b7af82808bbf952aaf75e9f9acfa">
         <sentence lang="ar">نحن نذهب للتسوُّق يوم الأحد عادةً.</sentence>
         <translation lang="it">Noi facciamo spese la domenica di solito.</translation>
         <chunks lang="it">
            <chunk index="1" audio_id="497180219025">Noi</chunk>
            <chunk index="2" audio_id="427195987932">facciamo</chunk>
            <chunk index="3" audio_id="568150180837">spese</chunk>
            <chunk index="4" audio_id="139182016747">la</chunk>
            <chunk index="5" audio_id="169147359670">domenica</chunk>
            <chunk index="6" audio_id="196190491453">di</chunk>
            <chunk index="7" audio_id="215198376158">solito.</chunk>
         </chunks>
      </entry>
      <entry id="79ca0732c96e4cbfc5e9a8635ffddde4">
         <sentence lang="ar">نحن نُؤدِّي الواجبات المدرسيَّة معًا.</sentence>
         <translation lang="it">Noi facciamo i compiti insieme.</translation>
         <chunks lang="it">
            <chunk index="1" audio_id="497180219025">Noi</chunk>
            <chunk index="2" audio_id="427195987932">facciamo</chunk>
            <chunk index="3" audio_id="126105646586">i</chunk>
            <chunk index="4" audio_id="794163989247">compiti</chunk>
            <chunk index="5" audio_id="368151921078">insieme.</chunk>
         </chunks>
      </entry>
      <entry id="79bd7d4566a9d24626c72c4268db28d5">
         <sentence lang="ar">هل أنتم ذاهبون إلى ميلانو الليلة؟</sentence>
         <translation lang="it">Voi andate a Milano stasera?</translation>
         <chunks lang="it">
            <chunk index="1" audio_id="256194763903">Voi</chunk>
            <chunk index="2" audio_id="564172574025">andate</chunk>
            <chunk index="3" audio_id="308190754232">a</chunk>
            <chunk index="4" audio_id="109139864080">Milano</chunk>
            <chunk index="5" audio_id="178103985707">stasera?</chunk>
         </chunks>
      </entry>
      <entry id="2f6f01e0c69dfd5736b53a3ade3475eb">
         <sentence lang="ar">هل ستذهب إلى المسرح غدًا؟</sentence>
         <translation lang="it">Tu vai a teatro domani?</translation>
         <chunks lang="it">
            <chunk index="1" audio_id="656136364306">Tu</chunk>
            <chunk index="2" audio_id="232136916814">vai</chunk>
            <chunk index="3" audio_id="308190754232">a</chunk>
            <chunk index="4" audio_id="304107698530">teatro</chunk>
            <chunk index="5" audio_id="868127384248">domani?</chunk>
         </chunks>
      </entry>
      <entry id="82ad9e075747ef2c3fcdad286b72b88d">
         <sentence lang="ar">هو يتناول الإفطار في الصباح.</sentence>
         <translation lang="it">Lui fa colazione la mattina.</translation>
         <chunks lang="it">
            <chunk index="1" audio_id="326103785648">Lui</chunk>
            <chunk index="2" audio_id="295127603829">fa</chunk>
            <chunk index="3" audio_id="492156547035">colazione</chunk>
            <chunk index="4" audio_id="139182016747">la</chunk>
            <chunk index="5" audio_id="820124573471">mattina.</chunk>
         </chunks>
      </entry>
      <entry id="a7239fb38bc4be476a495ff587cc720d">
         <sentence lang="ar">هي لن تذهب إلى المدرسة غدًا.</sentence>
         <translation lang="it">Lei non va a scuola domani.</translation>
         <chunks lang="it">
            <chunk index="1" audio_id="515124518342">Lei</chunk>
            <chunk index="2" audio_id="178104164202">non</chunk>
            <chunk index="3" audio_id="596159846758">va</chunk>
            <chunk index="4" audio_id="308190754232">a</chunk>
            <chunk index="5" audio_id="129125395142">scuola</chunk>
            <chunk index="6" audio_id="416153468693">domani.</chunk>
         </chunks>
      </entry>
      <entry id="74b5c5f077000627a3703520fae0fe12">
         <sentence lang="ar">هُمْ يذهبون غالبًا للتسوُّق معًا.</sentence>
         <translation lang="it">Loro vanno spesso a fare spese insieme.</translation>
         <chunks lang="it">
            <chunk index="1" audio_id="137105948237">Loro</chunk>
            <chunk index="2" audio_id="137145790109">vanno</chunk>
            <chunk index="3" audio_id="586108126945">spesso</chunk>
            <chunk index="4" audio_id="308190754232">a</chunk>
            <chunk index="5" audio_id="153130435456">fare</chunk>
            <chunk index="6" audio_id="568150180837">spese</chunk>
            <chunk index="7" audio_id="368151921078">insieme.</chunk>
         </chunks>
      </entry>
      <entry id="471e39d0d91bfaaa839dbb46ad0432dd">
         <sentence lang="ar">يا فتيات، هل تأتين لتناوُل شطيرة معنا؟</sentence>
         <translation lang="it">Ragazze, voi venite a mangiare un panino con noi?</translation>
         <chunks lang="it">
            <chunk index="1" audio_id="598129105072">Ragazze,</chunk>
            <chunk index="2" audio_id="256194763903">voi</chunk>
            <chunk index="3" audio_id="578142026275">venite a</chunk>
            <chunk index="4" audio_id="148173268206">mangiare</chunk>
            <chunk index="5" audio_id="253191472013">un</chunk>
            <chunk index="6" audio_id="459126245013">panino</chunk>
            <chunk index="7" audio_id="714127845059">con noi?</chunk>
         </chunks>
      </entry>
   </sentences>
</activity>
