<?xml version="1.0" ?>
<activity id="282149020432" type="missing_words" l2="it" l1="ar" version="1" n_voices="4">
   <course_name>italian</course_name>
   <title_prefix>كلمات ناقصة</title_prefix>
   <title>Chiedere/dire l’ora</title>
   <theme>Chiedere/dire l’ora</theme>
   <description>استمع ثم اكتب الكلمات الناقصة.</description>
   <sentences>
      <sentence id="59305e70ad7196299e1bc7cd8f20e744" audio_id="865129398590">
         <s>Sono le nove e quarantacinque.</s>
         <keywords>
            <keyword>quarantacinque</keyword>
         </keywords>
      </sentence>
      <sentence id="fffbb07ab43b149283541ccbf9a4ef4a" audio_id="605175904013">
         <s>Sono le undici e cinquanta.</s>
         <keywords>
            <keyword>cinquanta</keyword>
         </keywords>
      </sentence>
      <sentence id="3679a83026f62ed3e35bbb14653543d1" audio_id="705106060163">
         <s>È l’una e quaranta.</s>
         <keywords>
            <keyword>quaranta</keyword>
         </keywords>
      </sentence>
      <sentence id="a0e724cf9602a22d673a820db5719f4b" audio_id="325131621923">
         <s>È mezzanotte e cinque.</s>
         <keywords>
            <keyword>mezzanotte</keyword>
         </keywords>
      </sentence>
      <sentence id="a52700457c89084e466349a9dbff7417" audio_id="920197424385">
         <s>È mezzogiorno e un quarto.</s>
         <keywords>
            <keyword>mezzogiorno</keyword>
         </keywords>
      </sentence>
   </sentences>
</activity>
