<?xml version="1.0" ?>
<activity id="382158430515" type="unscrambling" l2="it" l1="ar" version="1">
   <course_name>italian</course_name>
   <title_prefix>تركيب الجُمَل</title_prefix>
   <title>Verbi irregolari</title>
   <theme>Verbi irregolari</theme>
   <description>أعد ترتيب الكلمات لتركيب الجملة.</description>
   <sentences>
      <sentence id="adb47a0376a6b47c254459f6e55e39ec">
         <s>Andiamo a vedere il nuovo film di Orlando Bloom?</s>
         <chunks>
            <chunk index="1">Andiamo</chunk>
            <chunk index="2">a vedere</chunk>
            <chunk index="3">il</chunk>
            <chunk index="4">nuovo</chunk>
            <chunk index="5">film di</chunk>
            <chunk index="6">Orlando</chunk>
            <chunk index="7">Bloom?</chunk>
         </chunks>
      </sentence>
      <sentence id="19a2dbef1ca57157b05f92c9bb91e639">
         <s>Anna, tu fai sport il fine settimana?</s>
         <chunks>
            <chunk index="1">Anna,</chunk>
            <chunk index="2">tu</chunk>
            <chunk index="3">fai</chunk>
            <chunk index="4">sport</chunk>
            <chunk index="5">il</chunk>
            <chunk index="6">fine</chunk>
            <chunk index="7">settimana?</chunk>
         </chunks>
      </sentence>
      <sentence id="5c4395ef93361d625bd54c7de6442ffb">
         <s>Heba, vieni a mangiare una pizza con me?</s>
         <chunks>
            <chunk index="1">Heba,</chunk>
            <chunk index="2">vieni a</chunk>
            <chunk index="3">mangiare</chunk>
            <chunk index="4">una</chunk>
            <chunk index="5">pizza</chunk>
            <chunk index="6">con</chunk>
            <chunk index="7">me?</chunk>
         </chunks>
      </sentence>
      <sentence id="161d8e3c888f0f467120ccbd7ce67b9c">
         <s>I ragazzi vanno a scuola a piedi.</s>
         <chunks>
            <chunk index="1">I</chunk>
            <chunk index="2">ragazzi</chunk>
            <chunk index="3">vanno</chunk>
            <chunk index="4">a</chunk>
            <chunk index="5">scuola</chunk>
            <chunk index="6">a</chunk>
            <chunk index="7">piedi.</chunk>
         </chunks>
      </sentence>
      <sentence id="f691b1e2c3ebe0109f44454293aab8d0">
         <s>Io e Paolo usciamo spesso insieme.</s>
         <chunks>
            <chunk index="1">Io</chunk>
            <chunk index="2">e</chunk>
            <chunk index="3">Paolo</chunk>
            <chunk index="4">usciamo</chunk>
            <chunk index="5">spesso</chunk>
            <chunk index="6">insieme.</chunk>
         </chunks>
      </sentence>
      <sentence id="a6ff250a5ed5632069d7337e7ff7d4a0">
         <s>Io esco con Anna oggi. Noi andiamo al cinema.</s>
         <chunks>
            <chunk index="1">Io esco</chunk>
            <chunk index="2">con Anna</chunk>
            <chunk index="3">oggi.</chunk>
            <chunk index="4">Noi</chunk>
            <chunk index="5">andiamo</chunk>
            <chunk index="6">al</chunk>
            <chunk index="7">cinema.</chunk>
         </chunks>
      </sentence>
      <sentence id="20c183118ba8f5a6da62bb546e7a05d9">
         <s>Io esco con gli amici stasera.</s>
         <chunks>
            <chunk index="1">Io</chunk>
            <chunk index="2">esco</chunk>
            <chunk index="3">con</chunk>
            <chunk index="4">gli</chunk>
            <chunk index="5">amici</chunk>
            <chunk index="6">stasera.</chunk>
         </chunks>
      </sentence>
      <sentence id="79717a1821f590e5aa96c6242894abbf">
         <s>Io faccio i compiti il fine settimana di solito.</s>
         <chunks>
            <chunk index="1">Io</chunk>
            <chunk index="2">faccio i</chunk>
            <chunk index="3">compiti</chunk>
            <chunk index="4">il fine</chunk>
            <chunk index="5">settimana</chunk>
            <chunk index="6">di</chunk>
            <chunk index="7">solito.</chunk>
         </chunks>
      </sentence>
      <sentence id="2c6d0d4d8f9761daa721520018e84775">
         <s>Io vado sempre al cinema il sabato.</s>
         <chunks>
            <chunk index="1">Io</chunk>
            <chunk index="2">vado</chunk>
            <chunk index="3">sempre</chunk>
            <chunk index="4">al</chunk>
            <chunk index="5">cinema</chunk>
            <chunk index="6">il</chunk>
            <chunk index="7">sabato.</chunk>
         </chunks>
      </sentence>
      <sentence id="471f4585a4ec551646e5a147b1e50dc1">
         <s>Io vengo a mangiare una pizza con voi stasera.</s>
         <chunks>
            <chunk index="1">Io</chunk>
            <chunk index="2">vengo a</chunk>
            <chunk index="3">mangiare</chunk>
            <chunk index="4">una</chunk>
            <chunk index="5">pizza</chunk>
            <chunk index="6">con voi</chunk>
            <chunk index="7">stasera.</chunk>
         </chunks>
      </sentence>
      <sentence id="420d43ff614de2ab563570610b8e7779">
         <s>Lei non va a scuola domani.</s>
         <chunks>
            <chunk index="1">Lei</chunk>
            <chunk index="2">non</chunk>
            <chunk index="3">va</chunk>
            <chunk index="4">a</chunk>
            <chunk index="5">scuola</chunk>
            <chunk index="6">domani.</chunk>
         </chunks>
      </sentence>
      <sentence id="0301500f3f1b19d687e02a9b223a286d">
         <s>Lei pulisce casa tutti i giorni.</s>
         <chunks>
            <chunk index="1">Lei</chunk>
            <chunk index="2">pulisce</chunk>
            <chunk index="3">casa</chunk>
            <chunk index="4">tutti</chunk>
            <chunk index="5">i</chunk>
            <chunk index="6">giorni.</chunk>
         </chunks>
      </sentence>
      <sentence id="890326cf29db73cc1b638e2b50aae59a">
         <s>Loro vanno spesso a fare spese insieme.</s>
         <chunks>
            <chunk index="1">Loro</chunk>
            <chunk index="2">vanno</chunk>
            <chunk index="3">spesso</chunk>
            <chunk index="4">a</chunk>
            <chunk index="5">fare</chunk>
            <chunk index="6">spese</chunk>
            <chunk index="7">insieme.</chunk>
         </chunks>
      </sentence>
      <sentence id="52aff3a4d88801ecabdf733c64a632ad">
         <s>Lui fa colazione la mattina.</s>
         <chunks>
            <chunk index="1">Lui</chunk>
            <chunk index="2">fa</chunk>
            <chunk index="3">colazione</chunk>
            <chunk index="4">la</chunk>
            <chunk index="5">mattina.</chunk>
         </chunks>
      </sentence>
      <sentence id="db77e909dc441c8b237d83542f8ffe00">
         <s>Luigi, vieni a giocare ai videogiochi a casa mia?</s>
         <chunks>
            <chunk index="1">Luigi,</chunk>
            <chunk index="2">vieni a</chunk>
            <chunk index="3">giocare</chunk>
            <chunk index="4">ai</chunk>
            <chunk index="5">videogiochi</chunk>
            <chunk index="6">a casa</chunk>
            <chunk index="7">mia?</chunk>
         </chunks>
      </sentence>
      <sentence id="d3b060896eb6c88fdfd4d80e480370a3">
         <s>Mario gioca sempre al computer.</s>
         <chunks>
            <chunk index="1">Mario</chunk>
            <chunk index="2">gioca</chunk>
            <chunk index="3">sempre</chunk>
            <chunk index="4">al</chunk>
            <chunk index="5">computer.</chunk>
         </chunks>
      </sentence>
      <sentence id="ed77124c4f7433f2950fc2a4e1dec337">
         <s>Mario viene al concerto domani.</s>
         <chunks>
            <chunk index="1">Mario</chunk>
            <chunk index="2">viene</chunk>
            <chunk index="3">al</chunk>
            <chunk index="4">concerto</chunk>
            <chunk index="5">domani.</chunk>
         </chunks>
      </sentence>
      <sentence id="c8bf233e52956ea36167e5c903242f04">
         <s>Mi dispiace, non vengo alla festa stasera.</s>
         <chunks>
            <chunk index="1">Mi</chunk>
            <chunk index="2">dispiace,</chunk>
            <chunk index="3">non</chunk>
            <chunk index="4">vengo</chunk>
            <chunk index="5">alla</chunk>
            <chunk index="6">festa</chunk>
            <chunk index="7">stasera.</chunk>
         </chunks>
      </sentence>
      <sentence id="28db7ad6f8590733d5672272b0c90dbf">
         <s>Noi andiamo al cinema la domenica di solito.</s>
         <chunks>
            <chunk index="1">Noi</chunk>
            <chunk index="2">andiamo</chunk>
            <chunk index="3">al cinema</chunk>
            <chunk index="4">la</chunk>
            <chunk index="5">domenica</chunk>
            <chunk index="6">di</chunk>
            <chunk index="7">solito.</chunk>
         </chunks>
      </sentence>
      <sentence id="6f0a9c83c610dce02b5b15ba0b94ffde">
         <s>Noi facciamo i compiti insieme.</s>
         <chunks>
            <chunk index="1">Noi</chunk>
            <chunk index="2">facciamo</chunk>
            <chunk index="3">i</chunk>
            <chunk index="4">compiti</chunk>
            <chunk index="5">insieme.</chunk>
         </chunks>
      </sentence>
      <sentence id="6a1a8a4175d2b66dfc86bf3c0ed84f98">
         <s>Noi facciamo spese la domenica di solito.</s>
         <chunks>
            <chunk index="1">Noi</chunk>
            <chunk index="2">facciamo</chunk>
            <chunk index="3">spese</chunk>
            <chunk index="4">la</chunk>
            <chunk index="5">domenica</chunk>
            <chunk index="6">di</chunk>
            <chunk index="7">solito.</chunk>
         </chunks>
      </sentence>
      <sentence id="850705fe135ef6c5a8aa1d8db05cb39f">
         <s>Oggi noi andiamo a prendere un gelato insieme.</s>
         <chunks>
            <chunk index="1">Oggi noi</chunk>
            <chunk index="2">andiamo</chunk>
            <chunk index="3">a</chunk>
            <chunk index="4">prendere</chunk>
            <chunk index="5">un</chunk>
            <chunk index="6">gelato</chunk>
            <chunk index="7">insieme.</chunk>
         </chunks>
      </sentence>
      <sentence id="cef04fe17b560fc7a15298798c82a656">
         <s>Ragazze, voi venite a mangiare un panino con noi?</s>
         <chunks>
            <chunk index="1">Ragazze,</chunk>
            <chunk index="2">voi</chunk>
            <chunk index="3">venite a</chunk>
            <chunk index="4">mangiare</chunk>
            <chunk index="5">un</chunk>
            <chunk index="6">panino</chunk>
            <chunk index="7">con noi?</chunk>
         </chunks>
      </sentence>
      <sentence id="9178dec5b3818d8953fa581b4fd2f61e">
         <s>Tu perché non fai sport?</s>
         <chunks>
            <chunk index="1">Tu</chunk>
            <chunk index="2">perché</chunk>
            <chunk index="3">non</chunk>
            <chunk index="4">fai</chunk>
            <chunk index="5">sport?</chunk>
         </chunks>
      </sentence>
      <sentence id="71b4930254a18dd4b34fe0485d42e649">
         <s>Tu vai a teatro domani?</s>
         <chunks>
            <chunk index="1">Tu</chunk>
            <chunk index="2">vai</chunk>
            <chunk index="3">a</chunk>
            <chunk index="4">teatro</chunk>
            <chunk index="5">domani?</chunk>
         </chunks>
      </sentence>
      <sentence id="391f15c12aeb9379f092ac87fd5cc3b7">
         <s>Voi andate a Milano stasera?</s>
         <chunks>
            <chunk index="1">Voi</chunk>
            <chunk index="2">andate</chunk>
            <chunk index="3">a</chunk>
            <chunk index="4">Milano</chunk>
            <chunk index="5">stasera?</chunk>
         </chunks>
      </sentence>
   </sentences>
</activity>
