<?xml version="1.0" ?>
<activity id="573108586451" type="missing_words" l2="it" l1="ar" version="1" n_voices="4">
   <course_name>italian</course_name>
   <title_prefix>كلمات ناقصة</title_prefix>
   <title>Aggettivi in -e</title>
   <theme>Aggettivi in -e</theme>
   <description>استمع ثم اكتب الكلمات الناقصة.</description>
   <sentences>
      <sentence id="bbfc0c18232821f6a82f83f0ed3b24c3" audio_id="764145708196">
         <s>Anna ha gli occhi verdi.</s>
         <keywords>
            <keyword>verdi</keyword>
            <keyword>occhi</keyword>
         </keywords>
      </sentence>
      <sentence id="3354ce05980320723fec0fc456f66770" audio_id="757129408258">
         <s>Anna è una ragazza inglese.</s>
         <keywords>
            <keyword>inglese</keyword>
         </keywords>
      </sentence>
      <sentence id="fd3095d9e1829614eef1c5df9333e935" audio_id="270108913647">
         <s>Chiara è una ragazza bella e gentile.</s>
         <keywords>
            <keyword>bella</keyword>
            <keyword>gentile</keyword>
         </keywords>
      </sentence>
      <sentence id="8f3a1320bd010d518eb3fe9c31534b8c" audio_id="862152931534">
         <s>Dino ha una testa grande.</s>
         <keywords>
            <keyword>grande</keyword>
            <keyword>testa</keyword>
         </keywords>
      </sentence>
      <sentence id="86c105d2532f761e1906d8b1a4c77473" audio_id="980126980467">
         <s>Gli occhi di Paolo sono azzurri o verdi?</s>
         <keywords>
            <keyword>azzurri</keyword>
            <keyword>verdi</keyword>
            <keyword>occhi</keyword>
         </keywords>
      </sentence>
      <sentence id="609a8fc7efb504e72c599197bd1dc14c" audio_id="563194715691">
         <s>Gli studenti nuovi sono inglesi.</s>
         <keywords>
            <keyword>inglesi</keyword>
         </keywords>
      </sentence>
      <sentence id="c80786b2081072b041a2b3d0e2d80fb0" audio_id="860145290310">
         <s>Gli studenti stranieri sono intelligenti.</s>
         <keywords>
            <keyword>intelligenti</keyword>
         </keywords>
      </sentence>
      <sentence id="ac2e1563ae895d33126a51409bf1c119" audio_id="819103643497">
         <s>I professori sono giovani.</s>
         <keywords>
            <keyword>giovani</keyword>
         </keywords>
      </sentence>
      <sentence id="7105498432cd44702fd7a9768555e549" audio_id="142109526323">
         <s>I ragazzi sono tristi.</s>
         <keywords>
            <keyword>tristi</keyword>
         </keywords>
      </sentence>
      <sentence id="ebc969f2f7203295328216f81506e94c" audio_id="453158693938">
         <s>Il libro di italiano è difficile.</s>
         <keywords>
            <keyword>difficile</keyword>
         </keywords>
      </sentence>
      <sentence id="b894629716b2f7d241233ddaaa4c86a2" audio_id="267190796120">
         <s>Il libro è interessante.</s>
         <keywords>
            <keyword>interessante</keyword>
         </keywords>
      </sentence>
      <sentence id="13006e3403d7bb7f585e97251353b35e" audio_id="915107416305">
         <s>Il professore di geografia è giovane.</s>
         <keywords>
            <keyword>giovane</keyword>
         </keywords>
      </sentence>
      <sentence id="8023dfe0c1ec05f6521d9c7aa74b7ec3" audio_id="342148942617">
         <s>Il professore di italiano è giovane e simpatico.</s>
         <keywords>
            <keyword>giovane</keyword>
         </keywords>
      </sentence>
      <sentence id="3f1a45b41953ca8a0ff66a8dd5a53dfe" audio_id="192172930167">
         <s>Io ho la bocca grande.</s>
         <keywords>
            <keyword>grande</keyword>
            <keyword>bocca</keyword>
         </keywords>
      </sentence>
      <sentence id="6c6f4e2ce7612babe8f3388970f4e9ea" audio_id="657105619806">
         <s>Io ho un cappello arancione.</s>
         <keywords>
            <keyword>arancione</keyword>
         </keywords>
      </sentence>
      <sentence id="16ce401b84e5f906602bf4da31c3b00a" audio_id="832185813428">
         <s>Io ho una borsa arancione.</s>
         <keywords>
            <keyword>arancione</keyword>
         </keywords>
      </sentence>
      <sentence id="506e4dc384fdd2805f84dcf26880805d" audio_id="969104398543">
         <s>La casa è bella e grande.</s>
         <keywords>
            <keyword>bella</keyword>
            <keyword>grande</keyword>
         </keywords>
      </sentence>
      <sentence id="e41c885365a00f805bfb8ae55160b2ed" audio_id="894103697394">
         <s>La lezione di matematica è difficile.</s>
         <keywords>
            <keyword>difficile</keyword>
         </keywords>
      </sentence>
      <sentence id="bf0da4679b9839a099c404ce62a790ef" audio_id="168184985043">
         <s>La lezione di storia è interessante.</s>
         <keywords>
            <keyword>interessante</keyword>
         </keywords>
      </sentence>
      <sentence id="00621a9e26fdc3673c43999800b1715e" audio_id="527137165375">
         <s>La macchina è verde.</s>
         <keywords>
            <keyword>verde</keyword>
         </keywords>
      </sentence>
      <sentence id="f9eb6e5aa0eaf5d230a3a04a6aa88e02" audio_id="394147979679">
         <s>La ragazza è gentile.</s>
         <keywords>
            <keyword>gentile</keyword>
         </keywords>
      </sentence>
      <sentence id="2e3bb7b01d3217f5cdf174cbe2aebbd5" audio_id="368131595450">
         <s>La studentessa inglese si chiama Maria.</s>
         <keywords>
            <keyword>inglese</keyword>
         </keywords>
      </sentence>
      <sentence id="5bfd529d8427a4834297a2afdd8f8287" audio_id="646179262037">
         <s>Le amiche di Anna sono gentili.</s>
         <keywords>
            <keyword>gentili</keyword>
         </keywords>
      </sentence>
      <sentence id="05c83123e78b10841c0fa3127bbdb151" audio_id="517132173168">
         <s>Le aule sono grandi.</s>
         <keywords>
            <keyword>grandi</keyword>
         </keywords>
      </sentence>
      <sentence id="4f6cfd9aaf907abc7d039017b8bfbf91" audio_id="649142562950">
         <s>Le case sono grandi.</s>
         <keywords>
            <keyword>grandi</keyword>
         </keywords>
      </sentence>
      <sentence id="58bee48a4284b7b62102451627f342ac" audio_id="397138970691">
         <s>Le ragazze sono brune e hanno gli occhi verdi.</s>
         <keywords>
            <keyword>brune</keyword>
            <keyword>verdi</keyword>
            <keyword>occhi</keyword>
         </keywords>
      </sentence>
      <sentence id="5ec0f0a0222e7a1764eaef34b7251399" audio_id="740103986050">
         <s>Le studentesse sono intelligenti.</s>
         <keywords>
            <keyword>intelligenti</keyword>
         </keywords>
      </sentence>
      <sentence id="8fe93c3f1d4afc3d6075d636c8a2d850" audio_id="710145321606">
         <s>Lo studente è intelligente.</s>
         <keywords>
            <keyword>intelligente</keyword>
         </keywords>
      </sentence>
      <sentence id="33cb817e276d1b7dec82471348e1d9ee" audio_id="674156178781">
         <s>Lo zio di Marco è gentile.</s>
         <keywords>
            <keyword>gentile</keyword>
         </keywords>
      </sentence>
      <sentence id="8cd0e68ecb4b8bbd06bc0fc3e1adb473" audio_id="756128080169">
         <s>Luca ha i capelli arancioni.</s>
         <keywords>
            <keyword>arancioni</keyword>
            <keyword>capelli</keyword>
         </keywords>
      </sentence>
      <sentence id="dab8e94a567b26db0d69d98228c53480" audio_id="297180987401">
         <s>Lui è uno studente bravo e gentile.</s>
         <keywords>
            <keyword>gentile</keyword>
         </keywords>
      </sentence>
      <sentence id="ab494b0fbb788a9e99fb0d2dfd117649" audio_id="147135189101">
         <s>L’Italia è grande.</s>
         <keywords>
            <keyword>grande</keyword>
         </keywords>
      </sentence>
      <sentence id="b704814b59d5da1655c1645585ec4774" audio_id="714158171058">
         <s>L’amica di Anna è triste.</s>
         <keywords>
            <keyword>triste</keyword>
         </keywords>
      </sentence>
      <sentence id="19c66e35bf74758f10c949eaad258e42" audio_id="843171649614">
         <s>L’amico di Paolo è scortese.</s>
         <keywords>
            <keyword>scortese</keyword>
         </keywords>
      </sentence>
      <sentence id="20256fa69b28172b18cf68e2b9dc76e2" audio_id="987163464979">
         <s>L’esame è facile o difficile?</s>
         <keywords>
            <keyword>esame</keyword>
            <keyword>facile</keyword>
            <keyword>difficile</keyword>
         </keywords>
      </sentence>
      <sentence id="3880b86d9db59f66214b037709d761ea" audio_id="289104830901">
         <s>L’esame è importante.</s>
         <keywords>
            <keyword>esame</keyword>
            <keyword>importante</keyword>
         </keywords>
      </sentence>
      <sentence id="9b8d4436da2b6965fae0551c2866bc57" audio_id="283137947604">
         <s>L’esercizio di matematica non è facile.</s>
         <keywords>
            <keyword>esercizio</keyword>
            <keyword>facile</keyword>
         </keywords>
      </sentence>
      <sentence id="43550fa39af4226e6e91f011d65a06d2" audio_id="150128549193">
         <s>L’esercizio di matematica è difficile.</s>
         <keywords>
            <keyword>esercizio</keyword>
            <keyword>difficile</keyword>
         </keywords>
      </sentence>
      <sentence id="893ea5850635160241861a73e71a5b0d" audio_id="107198937675">
         <s>L’esercizio è difficile.</s>
         <keywords>
            <keyword>esercizio</keyword>
            <keyword>difficile</keyword>
         </keywords>
      </sentence>
      <sentence id="2406d29e2594b2b7f88381ecddb038de" audio_id="158193561384">
         <s>Marco ha i capelli neri e gli occhi verdi.</s>
         <keywords>
            <keyword>neri</keyword>
            <keyword>verdi</keyword>
            <keyword>capelli</keyword>
            <keyword>occhi</keyword>
         </keywords>
      </sentence>
      <sentence id="4bb2041a8abae80a88f158e360ab4808" audio_id="964128380671">
         <s>Marco ha il naso grande.</s>
         <keywords>
            <keyword>grande</keyword>
            <keyword>naso</keyword>
         </keywords>
      </sentence>
      <sentence id="78407ee313bea38f4cf128965e471adf" audio_id="749178093625">
         <s>Maria ha la borsa verde.</s>
         <keywords>
            <keyword>verde</keyword>
         </keywords>
      </sentence>
      <sentence id="d1bf859ddaee218651fd4a61488cdb07" audio_id="243126915701">
         <s>Mario ha i piedi grandi.</s>
         <keywords>
            <keyword>grandi</keyword>
            <keyword>piedi</keyword>
         </keywords>
      </sentence>
      <sentence id="b20ac6b3718b63a535dd32c0103cfac1" audio_id="594195705787">
         <s>Paolo e Marco sono due ragazzi giovani.</s>
         <keywords>
            <keyword>giovani</keyword>
         </keywords>
      </sentence>
      <sentence id="22f29aafecbef7dd0d7e23a9518a4a21" audio_id="918108291450">
         <s>Ragazzi, voi siete molto gentili.</s>
         <keywords>
            <keyword>gentili</keyword>
         </keywords>
      </sentence>
      <sentence id="dd54cb91884b2f14252a3890f5959eae" audio_id="578157930765">
         <s>Sara, perché sei triste?</s>
         <keywords>
            <keyword>triste</keyword>
         </keywords>
      </sentence>
      <sentence id="082bfe24fc6455649793c6b55d3c12bc" audio_id="819129849840">
         <s>Tu ascolti la musica inglese?</s>
         <keywords>
            <keyword>inglese</keyword>
         </keywords>
      </sentence>
      <sentence id="96a1adebd8b7273bcbfe0f1d8f272022" audio_id="382160270685">
         <s>Tu hai gli occhi grandi.</s>
         <keywords>
            <keyword>grandi</keyword>
            <keyword>occhi</keyword>
         </keywords>
      </sentence>
      <sentence id="666eee487df448b3c533449857fae917" audio_id="292172459451">
         <s>Tu hai le dita lunghe e le mani grandi.</s>
         <keywords>
            <keyword>grandi</keyword>
            <keyword>lunghe</keyword>
            <keyword>dita</keyword>
            <keyword>mani</keyword>
         </keywords>
      </sentence>
   </sentences>
</activity>
