<?xml version="1.0" ?>
<activity id="828194214731" type="missing_words" l2="it" l1="ar" version="1" n_voices="4">
   <course_name>italian</course_name>
   <title_prefix>كلمات ناقصة</title_prefix>
   <title>Forma di cortesia</title>
   <theme>Forma di cortesia</theme>
   <description>استمع ثم اكتب الكلمات الناقصة.</description>
   <sentences>
      <sentence id="62ba619ab5ed8c4d9caf44ea6bd21adf" audio_id="386195494582">
         <s>Professor Rossi, Lei ha una penna rossa?</s>
         <keywords>
            <keyword>rossi</keyword>
            <keyword>rossa</keyword>
         </keywords>
      </sentence>
      <sentence id="eba284d261e5c05a47c2b7811ff108be" audio_id="106157596802">
         <s>Professor Rossi, Lei è molto giovane!</s>
         <keywords>
            <keyword>giovane</keyword>
         </keywords>
      </sentence>
      <sentence id="aba42bb151cb0c103ab676129c29c55c" audio_id="936193686309">
         <s>Professore, Lei è molto alto!</s>
         <keywords>
            <keyword>alto</keyword>
         </keywords>
      </sentence>
      <sentence id="d7b8547e9079ad1c9e8b80bdb4bced87" audio_id="736123739496">
         <s>Professoressa, Lei è italiana o inglese?</s>
         <keywords>
            <keyword>inglese</keyword>
         </keywords>
      </sentence>
      <sentence id="7b708efec194c772f481bf08c0c00698" audio_id="468104582056">
         <s>Signora Bianchi, Lei è molto gentile!</s>
         <keywords>
            <keyword>gentile</keyword>
         </keywords>
      </sentence>
      <sentence id="3e1e32125e79375e5d751ba6b90d77f4" audio_id="897141379426">
         <s>Signora, Lei capisce l’inglese?</s>
         <keywords>
            <keyword>inglese</keyword>
         </keywords>
      </sentence>
      <sentence id="fac1a4ebafdb14856be76e2e8c278862" audio_id="950186516280">
         <s>Signora, Lei ha una casa molto bella!</s>
         <keywords>
            <keyword>bella</keyword>
         </keywords>
      </sentence>
      <sentence id="4f182a5b38ff8f67ab750c5e8488a7cf" audio_id="947143017317">
         <s>Signore, Lei lavora alle scuole superiori?</s>
         <keywords>
            <keyword>scuole superiori</keyword>
         </keywords>
      </sentence>
      <sentence id="8fb4f5335369b8563d7b4492da483a7b" audio_id="816168608517">
         <s>Signore, Lei è molto scortese!</s>
         <keywords>
            <keyword>scortese</keyword>
         </keywords>
      </sentence>
      <sentence id="dfad3aebb8b10f1166710826d2017569" audio_id="215175706146">
         <s>Signore, perché Lei è triste?</s>
         <keywords>
            <keyword>triste</keyword>
         </keywords>
      </sentence>
   </sentences>
</activity>
