<?xml version="1.0" ?>
<activity id="406170921340" type="dictation" l2="it" l1="ar" version="1" n_voices="4">
   <course_name>italian</course_name>
   <title_prefix>إملاء</title_prefix>
   <title>Verbi modali</title>
   <theme>Verbi modali</theme>
   <description>استمع ثم اكتب الجملة.</description>
   <sentences>
      <sentence id="c23faa9b5dc8e485dd4b40dca7c9dc30" audio_id="320181290396">
         <s>Anna, puoi venire a giocare a pallavolo?</s>
      </sentence>
      <sentence id="89bfc026d3f53cdd873a001b15d6dced" audio_id="524146465404">
         <s>Chiara e Anna vogliono andare a fare spese dopo scuola.</s>
      </sentence>
      <sentence id="4f1feaaca2fe5bae1021655afcbbc23e" audio_id="565192827597">
         <s>Devo andare in farmacia.</s>
      </sentence>
      <sentence id="a0b723a7db4b76f5c2f63f82971865ad" audio_id="790104203956">
         <s>Domani mattina io devo andare a fare spese.</s>
      </sentence>
      <sentence id="ea19440709a3dfe1f4fccfbe4edfe48d" audio_id="358170849348">
         <s>Dovete tornare a casa adesso?</s>
      </sentence>
      <sentence id="1efd9816046ebae84f7171814bc0ae4a" audio_id="412101310951">
         <s>Gli studenti possono andare in biblioteca a studiare.</s>
      </sentence>
      <sentence id="73f2b0da203300933d62645c4cafece2" audio_id="597143171380">
         <s>I ragazzi non possono uscire stasera.</s>
      </sentence>
      <sentence id="e8ab6ed2145d4263779adf5e74a7e792" audio_id="848128949709">
         <s>Io devo prendere l’autobus per arrivare al centro.</s>
      </sentence>
      <sentence id="e87843136eda539b2de8724f3288ba5c" audio_id="416139726385">
         <s>Io devo tornare a casa adesso.</s>
      </sentence>
      <sentence id="2be1f4c7ea43565efd4b693a3cf85116" audio_id="650190970273">
         <s>Io e Ahmed non possiamo venire alla festa di Paolo.</s>
      </sentence>
      <sentence id="b56708cd8772337d5cefa5845534b427" audio_id="606140921463">
         <s>Io e Chiara vogliamo andare al teatro domenica.</s>
      </sentence>
      <sentence id="efdb18cc721abb5fc0a043c7655563ee" audio_id="714160309567">
         <s>Io non posso studiare domani.</s>
      </sentence>
      <sentence id="cc7472b4a4b369777d89a8218755b7a0" audio_id="718179721054">
         <s>Io non posso uscire stasera.</s>
      </sentence>
      <sentence id="e40da842f34cb78a6f3a8486c02bbd03" audio_id="349143819482">
         <s>Io non posso venire alla festa domani. Mi dispiace!</s>
      </sentence>
      <sentence id="f32f51b9eec61d734d4e2556f978db2f" audio_id="429192687986">
         <s>Io non voglio mangiare la pizza stasera.</s>
      </sentence>
      <sentence id="055408589c9508578df84ed76ff4b3fb" audio_id="309130687681">
         <s>Io non voglio prendere l’autobus, preferisco camminare.</s>
      </sentence>
      <sentence id="7e4c4d352cd7e7d97ce8f968ecaa126e" audio_id="242180870948">
         <s>Io posso prendere la metropolitana per tornare a casa.</s>
      </sentence>
      <sentence id="54b536e7c01461cd63c3ed42fcca624b" audio_id="478156967132">
         <s>Io voglio andare al cinema sabato.</s>
      </sentence>
      <sentence id="f8c24a0c309269e880ac22a07ee5f4de" audio_id="789146906468">
         <s>Io voglio fare colazione al bar.</s>
      </sentence>
      <sentence id="481005dcbd282d4579db288937c18ac2" audio_id="372146537168">
         <s>Lei deve finire i compiti stasera.</s>
      </sentence>
      <sentence id="b48cb50afd89f38814d6b26e348ede92" audio_id="945104263463">
         <s>Lei non può venire al ristorante stasera.</s>
      </sentence>
      <sentence id="4c8c5ff7836778fe1487f64b52ce0460" audio_id="316173481202">
         <s>Lei non vuole prendere il motorino per andare a scuola.</s>
      </sentence>
      <sentence id="b8bb1658ec233c7f83433977e6a32f35" audio_id="467103016854">
         <s>Loro devono finire i compiti stasera.</s>
      </sentence>
      <sentence id="fa840e1b6275bdfdc7a439e06c5f37f5" audio_id="920186217928">
         <s>Marco, perché non vuoi mangiare la pasta?</s>
      </sentence>
      <sentence id="feeb5037687d3ea2877c9913bc0397a3" audio_id="256135860987">
         <s>Marco, vuoi venire a giocare a calcio?</s>
      </sentence>
      <sentence id="4d34024faf240992ad1421034f36d54d" audio_id="586194305686">
         <s>Mi dispiace, io non posso venire al mare oggi.</s>
      </sentence>
      <sentence id="d91589edfb6cd72bc9aa2fd1f4fdd59a" audio_id="797167524686">
         <s>Mi dispiace, io non posso venire in discoteca a ballare domani.</s>
      </sentence>
      <sentence id="d395e54952cb22acc7a555aa0f38271a" audio_id="628179285306">
         <s>Noi dobbiamo andare alla stazione del treno.</s>
      </sentence>
      <sentence id="6e295cb861122aff82ba899b8eccffc4" audio_id="136196457457">
         <s>Noi dobbiamo studiare oggi.</s>
      </sentence>
      <sentence id="77333fe9dff60da1e0e44c29468591d0" audio_id="590174702982">
         <s>Noi vogliamo andare al mare oggi.</s>
      </sentence>
      <sentence id="deaa51902a1031b6cca1422824bbd035" audio_id="394142392675">
         <s>Noi vogliamo vedere il nuovo film.</s>
      </sentence>
      <sentence id="14e69181fd931ffd0770e3cd54d2a0b2" audio_id="656143162954">
         <s>Paolo e Marco non vogliono venire alla festa di Luigi.</s>
      </sentence>
      <sentence id="7e6dc33dd54b3f016456737433ab4dd9" audio_id="367179802940">
         <s>Paolo non vuole uscire stasera, preferisce guardare la televisione.</s>
      </sentence>
      <sentence id="6a629fd93014a9de2ac93ae710dafed2" audio_id="468189589716">
         <s>Possiamo venire da te a studiare?</s>
      </sentence>
      <sentence id="138e6335798f75121ac574f57fe160e3" audio_id="782157017142">
         <s>Quale linea della metro dobbiamo prendere?</s>
      </sentence>
      <sentence id="a01435eff13e7434a946382368e4517b" audio_id="929158259324">
         <s>Ragazzi, voi potete venire al cinema stasera?</s>
      </sentence>
      <sentence id="b01929d25d0227af6eb9d8b522b5dd57" audio_id="107162565152">
         <s>Ragazzi, volete venire alla sala giochi?</s>
      </sentence>
      <sentence id="4c2034234f55360fe365cacce72c2cae" audio_id="674104202705">
         <s>Sara deve andare a lavorare il sabato.</s>
      </sentence>
      <sentence id="92298f2e5bb5bdcf138ca976b4fe7bef" audio_id="596179204617">
         <s>Sara, vuoi venire al teatro con me domani?</s>
      </sentence>
      <sentence id="540c3f9e0e6baa6865acb1b14fb5185b" audio_id="436149398420">
         <s>Tu devi andare a scuola domani?</s>
      </sentence>
      <sentence id="1571279cdb541eead1f2ba6668fde0f5" audio_id="693187596572">
         <s>Tu e Heba dovete studiare domani?</s>
      </sentence>
      <sentence id="28203bd59cd0769aa2870a5b88c02af4" audio_id="526167519873">
         <s>Tu puoi uscire domani?</s>
      </sentence>
      <sentence id="b924fa9f82a0b1ac61b2117abf7d096e" audio_id="275180960512">
         <s>Tu vuoi venire in pizzeria stasera?</s>
      </sentence>
      <sentence id="80f828b14c112916618fd93e1af6b30b" audio_id="407175251067">
         <s>Voi potete prendere il taxi per tornare a casa.</s>
      </sentence>
      <sentence id="c818e338623762f202f071905bb07474" audio_id="138163598426">
         <s>Voi volete giocare a calcio o preferite giocare a pallacanestro?</s>
      </sentence>
      <sentence id="63d6706c8b68c5dde8841def88b49326" audio_id="314104938276">
         <s>Volete venire al cinema con me?</s>
      </sentence>
      <sentence id="9095261c9f956f7e621bc41babb70e4e" audio_id="310148794020">
         <s>Vuoi venire a Firenze?</s>
      </sentence>
   </sentences>
</activity>
