<?xml version="1.0" ?>
<activity id="358182893037" type="conjugation" l2="it" l1="ar" version="1">
   <course_name>italian</course_name>
   <title_prefix>تصريف الأفعال</title_prefix>
   <title>Forma di cortesia</title>
   <theme>Forma di cortesia</theme>
   <description>اختر الصيغة الصحيحة للفعل.</description>
   <sentences>
      <entry id="3a58a40681364a4ef4162cf1dbf9975a">
         <sentence>Buonasera signor Bianchi! Lei preferisce mangiare la pasta o la pizza?</sentence>
         <verb>preferisce</verb>
         <forms>
            <form>preferire</form>
            <form>preferisco</form>
            <form>preferisci</form>
            <form>preferiamo</form>
            <form>preferite</form>
            <form>preferiscono</form>
         </forms>
      </entry>
      <entry id="71f4d0963cf7950d5cc100a4e0bf8945">
         <sentence>Buongiorno professore! Lei dove abita?</sentence>
         <verb>abita</verb>
         <forms>
            <form>abitare</form>
            <form>abito</form>
            <form>abiti</form>
            <form>abitiamo</form>
            <form>abitate</form>
            <form>abitano</form>
         </forms>
      </entry>
      <entry id="5ad3cb05cf328d990400ce399e590856">
         <sentence>Buongiorno signora, Lei come si chiama?</sentence>
         <verb>chiama</verb>
         <forms>
            <form>chiamarsi</form>
            <form>chiamo</form>
            <form>chiami</form>
         </forms>
      </entry>
      <entry id="383cc261c8f08abc073343c80c2ba1d6">
         <sentence>Buongiorno signora, Lei come si chiama?</sentence>
         <verb>si</verb>
         <forms>
            <form>mi</form>
            <form>ti</form>
            <form>ci</form>
            <form>vi</form>
         </forms>
      </entry>
      <entry id="de7d2e85bbd30424fa5080632fdabee1">
         <sentence>Professor Rossi, Lei ha una penna rossa?</sentence>
         <verb>ha</verb>
         <forms>
            <form>avere</form>
            <form>ho</form>
            <form>hai</form>
            <form>abbiamo</form>
            <form>avete</form>
            <form>hanno</form>
         </forms>
      </entry>
      <entry id="329b71edd215d6c9ebfa9bbca078fcce">
         <sentence>Professor Rossi, Lei è molto giovane!</sentence>
         <verb>è</verb>
         <forms>
            <form>essere</form>
            <form>sono</form>
            <form>sei</form>
            <form>siamo</form>
            <form>siete</form>
         </forms>
      </entry>
      <entry id="f83e612442ca868f381d9fda23ba2473">
         <sentence>Professore, Lei insegna italiano?</sentence>
         <verb>insegna</verb>
         <forms>
            <form>insegnare</form>
            <form>insegno</form>
            <form>insegni</form>
            <form>insegniamo</form>
            <form>insegnate</form>
            <form>insegnano</form>
         </forms>
      </entry>
      <entry id="9b6d3cf4e1f1bc375fe5bd5b8ed74deb">
         <sentence>Professore, Lei prende la macchina di solito?</sentence>
         <verb>prende</verb>
         <forms>
            <form>prendere</form>
            <form>prendo</form>
            <form>prendi</form>
            <form>prendiamo</form>
            <form>prendete</form>
            <form>prendono</form>
         </forms>
      </entry>
      <entry id="d05c1cb88c261a8c25f8ef41511eb6cc">
         <sentence>Professore, Lei è molto alto!</sentence>
         <verb>è</verb>
         <forms>
            <form>essere</form>
            <form>sono</form>
            <form>sei</form>
            <form>siamo</form>
            <form>siete</form>
         </forms>
      </entry>
      <entry id="b7fb0dfcec6085e791c33040e9051fd1">
         <sentence>Professoressa, Lei conosce lo studente nuovo?</sentence>
         <verb>conosce</verb>
         <forms>
            <form>conoscere</form>
            <form>conosco</form>
            <form>conosci</form>
            <form>conosciamo</form>
            <form>conoscete</form>
            <form>conoscono</form>
         </forms>
      </entry>
      <entry id="23e3ec8857996e676520c3c3ef314800">
         <sentence>Professoressa, Lei insegna matematica?</sentence>
         <verb>insegna</verb>
         <forms>
            <form>insegnare</form>
            <form>insegno</form>
            <form>insegni</form>
            <form>insegniamo</form>
            <form>insegnate</form>
            <form>insegnano</form>
         </forms>
      </entry>
      <entry id="d99986262088d5bc7862e9d7ce6923df">
         <sentence>Professoressa, Lei legge un libro di storia?</sentence>
         <verb>legge</verb>
         <forms>
            <form>leggere</form>
            <form>leggo</form>
            <form>leggi</form>
            <form>leggiamo</form>
            <form>leggete</form>
            <form>leggono</form>
         </forms>
      </entry>
      <entry id="c5edafa4c70952190f0c7aaf06516d96">
         <sentence>Professoressa, Lei preferisce mangiare la frutta o la cioccolata?</sentence>
         <verb>preferisce</verb>
         <forms>
            <form>preferire</form>
            <form>preferisco</form>
            <form>preferisci</form>
            <form>preferiamo</form>
            <form>preferite</form>
            <form>preferiscono</form>
         </forms>
      </entry>
      <entry id="d9649d49eb31d5eabba6d5d3aa291fa9">
         <sentence>Professoressa, Lei è italiana o inglese?</sentence>
         <verb>è</verb>
         <forms>
            <form>essere</form>
            <form>sono</form>
            <form>sei</form>
            <form>siamo</form>
            <form>siete</form>
         </forms>
      </entry>
      <entry id="42885e65acd4a2686793826198f7d084">
         <sentence>Signor Rossi, Lei lavora a Roma?</sentence>
         <verb>lavora</verb>
         <forms>
            <form>lavorare</form>
            <form>lavoro</form>
            <form>lavori</form>
            <form>lavoriamo</form>
            <form>lavorate</form>
            <form>lavorano</form>
         </forms>
      </entry>
      <entry id="deeb1e181218ef2b9a8dab5c1980f5ce">
         <sentence>Signora Bianchi, Lei è molto gentile!</sentence>
         <verb>è</verb>
         <forms>
            <form>essere</form>
            <form>sono</form>
            <form>sei</form>
            <form>siamo</form>
            <form>siete</form>
         </forms>
      </entry>
      <entry id="67be54af143aa6c892c7c0c06ec62713">
         <sentence>Signora Maria, Lei ha un cellulare?</sentence>
         <verb>ha</verb>
         <forms>
            <form>avere</form>
            <form>ho</form>
            <form>hai</form>
            <form>abbiamo</form>
            <form>avete</form>
            <form>hanno</form>
         </forms>
      </entry>
      <entry id="8d3e11b961ef68d634f1888fc6690fea">
         <sentence>Signora, Lei capisce l’inglese?</sentence>
         <verb>capisce</verb>
         <forms>
            <form>capire</form>
            <form>capisco</form>
            <form>capisci</form>
            <form>capiamo</form>
            <form>capite</form>
            <form>capiscono</form>
         </forms>
      </entry>
      <entry id="255e667e7e63e707b2186465fc307ac9">
         <sentence>Signora, Lei finisce di lavorare adesso?</sentence>
         <verb>finisce</verb>
         <forms>
            <form>finire</form>
            <form>finisco</form>
            <form>finisci</form>
            <form>finiamo</form>
            <form>finite</form>
            <form>finiscono</form>
         </forms>
      </entry>
      <entry id="e0fb7556f2fc0c47216f9665ff537b73">
         <sentence>Signora, Lei ha un cane?</sentence>
         <verb>ha</verb>
         <forms>
            <form>avere</form>
            <form>ho</form>
            <form>hai</form>
            <form>abbiamo</form>
            <form>avete</form>
            <form>hanno</form>
         </forms>
      </entry>
      <entry id="22190332188ed3ccd7f62b12a5784b17">
         <sentence>Signora, Lei ha una casa molto bella!</sentence>
         <verb>ha</verb>
         <forms>
            <form>avere</form>
            <form>ho</form>
            <form>hai</form>
            <form>abbiamo</form>
            <form>avete</form>
            <form>hanno</form>
         </forms>
      </entry>
      <entry id="85df022067327f518e48fc0eab6151b9">
         <sentence>Signora, Lei prende il treno di solito?</sentence>
         <verb>prende</verb>
         <forms>
            <form>prendere</form>
            <form>prendo</form>
            <form>prendi</form>
            <form>prendiamo</form>
            <form>prendete</form>
            <form>prendono</form>
         </forms>
      </entry>
      <entry id="90498d81f51f92225defd4293a2454c7">
         <sentence>Signora, Lei è italiana o spagnola?</sentence>
         <verb>è</verb>
         <forms>
            <form>essere</form>
            <form>sono</form>
            <form>sei</form>
            <form>siamo</form>
            <form>siete</form>
         </forms>
      </entry>
      <entry id="42839e9612a0908de56141e24e8a37cf">
         <sentence>Signore, Lei capisce l’italiano?</sentence>
         <verb>capisce</verb>
         <forms>
            <form>capire</form>
            <form>capisco</form>
            <form>capisci</form>
            <form>capiamo</form>
            <form>capite</form>
            <form>capiscono</form>
         </forms>
      </entry>
      <entry id="2b65c738b79f84aa3d5b4ffb7798938c">
         <sentence>Signore, Lei ha una penna?</sentence>
         <verb>ha</verb>
         <forms>
            <form>avere</form>
            <form>ho</form>
            <form>hai</form>
            <form>abbiamo</form>
            <form>avete</form>
            <form>hanno</form>
         </forms>
      </entry>
      <entry id="95b618913ff26f9fdd534f5f8e7cfd01">
         <sentence>Signore, Lei lavora alle scuole superiori?</sentence>
         <verb>lavora</verb>
         <forms>
            <form>lavorare</form>
            <form>lavoro</form>
            <form>lavori</form>
            <form>lavoriamo</form>
            <form>lavorate</form>
            <form>lavorano</form>
         </forms>
      </entry>
      <entry id="128cd66faa747e2a0de9c3b924b10bad">
         <sentence>Signore, Lei preferisce prendere il treno o la macchina?</sentence>
         <verb>preferisce</verb>
         <forms>
            <form>preferire</form>
            <form>preferisco</form>
            <form>preferisci</form>
            <form>preferiamo</form>
            <form>preferite</form>
            <form>preferiscono</form>
         </forms>
      </entry>
      <entry id="13b1470fe7f02e973fa8fb8b349382a8">
         <sentence>Signore, Lei quanti anni ha?</sentence>
         <verb>ha</verb>
         <forms>
            <form>avere</form>
            <form>ho</form>
            <form>hai</form>
            <form>abbiamo</form>
            <form>avete</form>
            <form>hanno</form>
         </forms>
      </entry>
      <entry id="bb436d0229319f63fcda0fd2db0f7d3a">
         <sentence>Signore, Lei è molto scortese!</sentence>
         <verb>è</verb>
         <forms>
            <form>essere</form>
            <form>sono</form>
            <form>sei</form>
            <form>siamo</form>
            <form>siete</form>
         </forms>
      </entry>
      <entry id="6c8c1532832d587bd16f92afe62c801a">
         <sentence>Signore, Lei è molto simpatico!</sentence>
         <verb>è</verb>
         <forms>
            <form>essere</form>
            <form>sono</form>
            <form>sei</form>
            <form>siamo</form>
            <form>siete</form>
         </forms>
      </entry>
      <entry id="cfe594b3d49ff959a43d182bd61067b7">
         <sentence>Signore, perché Lei è triste?</sentence>
         <verb>è</verb>
         <forms>
            <form>essere</form>
            <form>sono</form>
            <form>sei</form>
            <form>siamo</form>
            <form>siete</form>
         </forms>
      </entry>
   </sentences>
</activity>
