<?xml version="1.0" ?>
<activity id="946130597135" type="dictation" l2="it" l1="ar" version="1" n_voices="4">
   <course_name>italian</course_name>
   <title_prefix>إملاء</title_prefix>
   <title>Verbi irregolari</title>
   <theme>Verbi irregolari</theme>
   <description>استمع ثم اكتب الجملة.</description>
   <sentences>
      <sentence id="3975983bf6306918c95271ca255cab86" audio_id="297172391974">
         <s>Alessia esce spesso con le amiche.</s>
      </sentence>
      <sentence id="679eacc02ed4252765d5ead314103e41" audio_id="372147697267">
         <s>Alessia, cosa fai martedì sera?</s>
      </sentence>
      <sentence id="259fdf935fa4b4eb420e2e408498daa8" audio_id="249164305752">
         <s>Andiamo a giocare a pallacanestro domani?</s>
      </sentence>
      <sentence id="b444d8ce6090e5a857349508b6537784" audio_id="728103598187">
         <s>Andiamo a giocare a pallacanestro?</s>
      </sentence>
      <sentence id="80b5699e1a2d93c491a60a9e5112b040" audio_id="164132727387">
         <s>Andiamo a vedere il nuovo film di Orlando Bloom?</s>
      </sentence>
      <sentence id="b04f72f2ce62ac359c296f417c7a8ea6" audio_id="604103825280">
         <s>Anna fa sempre i compiti.</s>
      </sentence>
      <sentence id="4da5819a113395142eb2457e0fef9361" audio_id="293147417504">
         <s>Anna, perché non vai a scuola oggi?</s>
      </sentence>
      <sentence id="12f16970068dcf9745febcc49d762504" audio_id="610138586064">
         <s>Anna, tu fai sport il fine settimana?</s>
      </sentence>
      <sentence id="7d3f5465c04ef81c92a36ee8a3347b0f" audio_id="752127920757">
         <s>Anna, tu vieni da Roma?</s>
      </sentence>
      <sentence id="b0e7f853cac074f5f464ab874b708032" audio_id="565149042957">
         <s>Anna, vieni al cinema con me?</s>
      </sentence>
      <sentence id="7db686a0c23879f28bd7c02aeceef2ac" audio_id="972131838978">
         <s>Chiara esce con la mamma.</s>
      </sentence>
      <sentence id="30c6b78152318b4da1cede4aefc159ff" audio_id="287158157036">
         <s>Chiara, tu vieni al cinema stasera?</s>
      </sentence>
      <sentence id="a4829a9018fa3d819552696aecd87f92" audio_id="215124089672">
         <s>Dino, esci con noi stasera?</s>
      </sentence>
      <sentence id="03ea5997a5a36213ec8ab9202f86af6e" audio_id="137132450876">
         <s>Giulia, vieni a prendere un gelato con me?</s>
      </sentence>
      <sentence id="140314e2ccce75110bc359c22b7132d7" audio_id="708146708369">
         <s>Gli studenti escono a mangiare una pizza insieme.</s>
      </sentence>
      <sentence id="3ffe868188f0b6ba1d20a727cb307619" audio_id="714147038914">
         <s>Gli studenti fanno sport tutti i giorni.</s>
      </sentence>
      <sentence id="cd7671dae15d43a1da6bf5f5d720ab29" audio_id="947167574967">
         <s>Heba non viene a scuola oggi.</s>
      </sentence>
      <sentence id="ffaa080b94c3d522576db5ada41c7fba" audio_id="262158956453">
         <s>Heba, vieni a mangiare una pizza con me?</s>
      </sentence>
      <sentence id="76019937dc50868d7ca59c4fc7c659ab" audio_id="968160683725">
         <s>I ragazzi vanno a scuola a piedi.</s>
      </sentence>
      <sentence id="fb10f5834fd152eb49793f892bbe1de6" audio_id="214164836292">
         <s>I ragazzi vanno a teatro mercoledì.</s>
      </sentence>
      <sentence id="173ca5dfac50d72f2f7dadcce687fd3e" audio_id="830140835159">
         <s>I ragazzi vanno a una festa.</s>
      </sentence>
      <sentence id="e89c8317f50e201d189ed4d3201b305b" audio_id="378124203085">
         <s>Io domani vado a un concerto con Chiara.</s>
      </sentence>
      <sentence id="2f86ae9072c2522cf3d0be311d8830ee" audio_id="414146238274">
         <s>Io e Anna veniamo a teatro.</s>
      </sentence>
      <sentence id="8ab16de98b385eab3e4a5cfb77c8f638" audio_id="767192583786">
         <s>Io e Marco veniamo alla festa di Anna sabato.</s>
      </sentence>
      <sentence id="aca44e5cb2da581d0bc701dbb37121e7" audio_id="312131768321">
         <s>Io e Mario usciamo spesso insieme.</s>
      </sentence>
      <sentence id="86ec2a553eb56e8c072c6a616e98c6c9" audio_id="898152414658">
         <s>Io e Paolo usciamo spesso insieme.</s>
      </sentence>
      <sentence id="8e07ec8fe1cd74c7e55ba2e318fab33d" audio_id="734134207897">
         <s>Io e Sara andiamo al cinema il venerdì.</s>
      </sentence>
      <sentence id="55a8ddda5902dc00259877281bcb9a05" audio_id="596131238907">
         <s>Io esco con Ahmed giovedì sera.</s>
      </sentence>
      <sentence id="7aee92ab503fa0f86b6cb55ac82a9b5f" audio_id="178158247653">
         <s>Io esco con Anna oggi. Noi andiamo al cinema.</s>
      </sentence>
      <sentence id="b29a45e5f199070d80a6da301b3a8f10" audio_id="369168096298">
         <s>Io esco con gli amici stasera.</s>
      </sentence>
      <sentence id="00ac12157cc2e926b78aa081c61f9a82" audio_id="264171737598">
         <s>Io faccio colazione tutti i giorni.</s>
      </sentence>
      <sentence id="5ccf4d74ae5d9b3c7faa15c903f6d6c6" audio_id="690136347206">
         <s>Io faccio i compiti il fine settimana di solito.</s>
      </sentence>
      <sentence id="18c9dc454e370e8359946573d3a2cffd" audio_id="984127341213">
         <s>Io faccio la prima media.</s>
      </sentence>
      <sentence id="59e7e47034138dbe82ea58411b27f104" audio_id="410190467609">
         <s>Io faccio sport il mercoledì e il venerdì.</s>
      </sentence>
      <sentence id="6e804461bea44c52c8c3c4e1f0533300" audio_id="843162030967">
         <s>Io faccio sport tutti i giorni.</s>
      </sentence>
      <sentence id="ab60b1d4cb5d57a5c38b6c9c6e8dcb2b" audio_id="505174972460">
         <s>Io non esco stasera.</s>
      </sentence>
      <sentence id="a1f206ec5f37181f7fd8c483224aaff2" audio_id="732165891750">
         <s>Io vado a scuola il sabato.</s>
      </sentence>
      <sentence id="9b1ec7099c5f67360f4d71d08972da10" audio_id="137101525862">
         <s>Io vado a teatro domani.</s>
      </sentence>
      <sentence id="74973a421dfa1491b3ba0eb59bf57642" audio_id="126124047180">
         <s>Io vado in centro con Anna.</s>
      </sentence>
      <sentence id="f6c3cb42b5345d0c937a8d8e55754f3b" audio_id="170132689457">
         <s>Io vado sempre al cinema il sabato.</s>
      </sentence>
      <sentence id="7b9a5e4f3bc130a3b30519a5d2bbd6fa" audio_id="395142910363">
         <s>Io vado spesso al cinema il sabato sera.</s>
      </sentence>
      <sentence id="9786fa1b9dc35ba344224a833e8c3666" audio_id="246173969109">
         <s>Io vengo a mangiare una pizza con voi stasera.</s>
      </sentence>
      <sentence id="537138e0e362f9f9935d1ed27ce4da0b" audio_id="413183958142">
         <s>Io vengo da Milano.</s>
      </sentence>
      <sentence id="b1e0c8373f50c41417c5e373fbf7a44f" audio_id="106173837290">
         <s>La mamma va a fare spese il fine settimana.</s>
      </sentence>
      <sentence id="0ff14ce013e2add68892fa4f895f79ca" audio_id="673105436207">
         <s>Le ragazze vanno a mangiare un panino.</s>
      </sentence>
      <sentence id="af404ed0267ba8d7df6dd6b46dc97820" audio_id="104174891604">
         <s>Lei fa colazione la mattina.</s>
      </sentence>
      <sentence id="056ec478e24d353d964e1d63701e2ced" audio_id="650147859720">
         <s>Lei fa sport tutti i giorni.</s>
      </sentence>
      <sentence id="907ba0fc4334da4b70c65dc6c5228a01" audio_id="932137906156">
         <s>Lei non va a scuola domani.</s>
      </sentence>
      <sentence id="1d54d6a8073846a9af8eb6f0d9972db1" audio_id="854152672153">
         <s>Lei pulisce casa tutti i giorni.</s>
      </sentence>
      <sentence id="1e5b0729bb81c4dea25c3884ed410727" audio_id="315123456131">
         <s>Loro fanno i compiti insieme.</s>
      </sentence>
      <sentence id="4455a08d7eeebc002c2312c442a42048" audio_id="980169713282">
         <s>Loro fanno sport il fine settimana.</s>
      </sentence>
      <sentence id="4251a9519ba1dc019be563612003a7dd" audio_id="217150106974">
         <s>Loro non vengono alla festa domani sera.</s>
      </sentence>
      <sentence id="4d713835eb502c4c6d6da41efa627983" audio_id="196156917124">
         <s>Loro vanno a un concerto domani sera.</s>
      </sentence>
      <sentence id="026d8e0fabe99f093ad3035e635e1943" audio_id="820128212091">
         <s>Loro vanno spesso a fare spese insieme.</s>
      </sentence>
      <sentence id="254b5aba935c81d2596387c167cf23bf" audio_id="716130437089">
         <s>Loro vengono da Milano.</s>
      </sentence>
      <sentence id="990d17387a38ef9ccf7d5e4384e5b27f" audio_id="254163545869">
         <s>Lui fa colazione la mattina.</s>
      </sentence>
      <sentence id="ac12191db0fc46431eb83dac695fb5d3" audio_id="239190149374">
         <s>Lui non va spesso al cinema, preferisce giocare ai videogiochi.</s>
      </sentence>
      <sentence id="053145733e6549b6d307f6afdb299f83" audio_id="789120897463">
         <s>Luigi, tu esci con i ragazzi stasera?</s>
      </sentence>
      <sentence id="0ab623d4f7ebf2a399969047a5f8c36d" audio_id="307196293584">
         <s>Luigi, vieni a giocare ai videogiochi a casa mia?</s>
      </sentence>
      <sentence id="cdfd86385042c2bc8d00b8180d4b6a58" audio_id="414185130594">
         <s>Marco, tu vieni a giocare a calcio?</s>
      </sentence>
      <sentence id="169302237c795c359d1234c6e941c81f" audio_id="936131974653">
         <s>Marco, vieni a mangiare una pizza con noi?</s>
      </sentence>
      <sentence id="6903a441ba6646003524f8b08d295f77" audio_id="570127279586">
         <s>Maria esce spesso con Anna.</s>
      </sentence>
      <sentence id="9cf16b105fb2d2f9cc7c8d29f5107fb0" audio_id="569198503491">
         <s>Maria va a prendere un gelato con Sara.</s>
      </sentence>
      <sentence id="320cdc4b9e4d37b48b80252c9107a527" audio_id="454109318468">
         <s>Mario gioca sempre al computer.</s>
      </sentence>
      <sentence id="16803b67b3212bc2beec38afeb683859" audio_id="694123841841">
         <s>Mario viene al concerto domani.</s>
      </sentence>
      <sentence id="a7f5bbc2af7153881f3d0581b62be48d" audio_id="375124584037">
         <s>Mi dispiace, non vengo alla festa stasera.</s>
      </sentence>
      <sentence id="54d1779c3c74f156d69be1e858840a37" audio_id="963102360752">
         <s>Nada fa i compiti la sera.</s>
      </sentence>
      <sentence id="17d321406210dba3dc488cbb6f620e1c" audio_id="803140975828">
         <s>Nada, cosa fai il sabato di solito?</s>
      </sentence>
      <sentence id="41fc3bc5dc475fa55d61fca3e6f74019" audio_id="163154751956">
         <s>No, loro non vengono a teatro oggi.</s>
      </sentence>
      <sentence id="5754e1de93cc9930511b76a010fc2645" audio_id="482171480481">
         <s>Noi andiamo a Firenze oggi.</s>
      </sentence>
      <sentence id="5dacd1f5448dddb0feab8f82e01cea04" audio_id="437186581492">
         <s>Noi andiamo a Milano domani.</s>
      </sentence>
      <sentence id="47f6b04ad93b3053f809c694244ce74d" audio_id="307171643212">
         <s>Noi andiamo a un concerto domenica.</s>
      </sentence>
      <sentence id="4bba2008af4c9e77831f6d4226717ba0" audio_id="785146093603">
         <s>Noi andiamo al cinema la domenica di solito.</s>
      </sentence>
      <sentence id="74f09ee5f52796a25bc76c63530abc14" audio_id="492109018323">
         <s>Noi andiamo in centro a fare spese.</s>
      </sentence>
      <sentence id="22ec71d76f317e6f59de0ac32f442301" audio_id="479120817321">
         <s>Noi andiamo spesso a mangiare una pizza in centro.</s>
      </sentence>
      <sentence id="6b9dd1a66ae72ea6ddf6779087b162d7" audio_id="465134270143">
         <s>Noi andiamo spesso a teatro.</s>
      </sentence>
      <sentence id="30bf660b38037ae411efb5928053dcb5" audio_id="685196169657">
         <s>Noi facciamo i compiti insieme.</s>
      </sentence>
      <sentence id="d6cbc7ada767f8cd24f244e6c060fd43" audio_id="675194746264">
         <s>Noi facciamo spese la domenica di solito.</s>
      </sentence>
      <sentence id="409d52f557e07a489494522a5ff8def0" audio_id="837102148163">
         <s>Noi facciamo sport il lunedì e il mercoledì.</s>
      </sentence>
      <sentence id="6e1b6223eedccc25c2a421fd3e7d09ab" audio_id="309158510370">
         <s>Noi non andiamo a scuola domani.</s>
      </sentence>
      <sentence id="02bb82dc5caa91b40955dcabf735a2c7" audio_id="964182151413">
         <s>Noi non facciamo colazione di solito.</s>
      </sentence>
      <sentence id="67c078b4ac17b99dee70f4352e940e4c" audio_id="438198414737">
         <s>Noi siamo italiani, veniamo da Roma.</s>
      </sentence>
      <sentence id="a8dd581f741dfa10209086e4bad1f2cf" audio_id="250143892435">
         <s>Noi usciamo con gli amici il fine settimana.</s>
      </sentence>
      <sentence id="465ca5f5cf8bc94e379808c383fe401e" audio_id="425135964045">
         <s>Noi veniamo in Italia domani.</s>
      </sentence>
      <sentence id="bb48719c12d4031f220713bcc49e0143" audio_id="958185947140">
         <s>Oggi noi andiamo a prendere un gelato insieme.</s>
      </sentence>
      <sentence id="dd682cccef47da64857a68e5b61f6a13" audio_id="343183942380">
         <s>Paolo e Dino vanno a scuola insieme.</s>
      </sentence>
      <sentence id="d96c63abdbfa64654ecd122820049ab7" audio_id="725172797614">
         <s>Paolo e Luigi vengono da Milano.</s>
      </sentence>
      <sentence id="24e4927e555d39b68bcd1b4b7e798d60" audio_id="753187360805">
         <s>Paolo non esce con noi di solito.</s>
      </sentence>
      <sentence id="d4e22aa6ca3cf653bffe40b376057968" audio_id="249154151567">
         <s>Paolo non viene al cinema oggi.</s>
      </sentence>
      <sentence id="b3abf25ea1939c275bec95266eeefdab" audio_id="683196294137">
         <s>Purtroppo non vado al concerto domani.</s>
      </sentence>
      <sentence id="4af2f4a85bdbca4837bbe176fa358990" audio_id="898153465984">
         <s>Ragazze, andate al cinema domani?</s>
      </sentence>
      <sentence id="eb89ec95cebfb086bd766fa62246c99a" audio_id="832141251074">
         <s>Ragazze, perché non venite alla festa?</s>
      </sentence>
      <sentence id="b5eb1a18e4db726cd05b48e81d2b0cea" audio_id="615167423063">
         <s>Ragazze, voi venite a mangiare un panino con noi?</s>
      </sentence>
      <sentence id="eac918d1768e26a7525a184806e18fec" audio_id="529182067878">
         <s>Ragazzi, cosa fate domani sera?</s>
      </sentence>
      <sentence id="7ff51b27137642f4e3eef7b1b41bb434" audio_id="639181591067">
         <s>Ragazzi, venite a giocare a calcio?</s>
      </sentence>
      <sentence id="79aba87ba1bcd645dcaa5429a8695744" audio_id="198151018947">
         <s>Ragazzi, venite al cinema stasera?</s>
      </sentence>
      <sentence id="0c14386bbbe006d23d47c9d71aef0e13" audio_id="304191634186">
         <s>Ragazzi, voi uscite adesso?</s>
      </sentence>
      <sentence id="dc86d8f2cd63eb2e23099921f298da0a" audio_id="649143163534">
         <s>Ragazzi, voi uscite stasera?</s>
      </sentence>
      <sentence id="92934b4385742277b9d9e8437e8c24ba" audio_id="932190394963">
         <s>Sara, vieni alla festa di Giulia stasera?</s>
      </sentence>
      <sentence id="7db4d8af758d35feedebc4588c33465e" audio_id="423128302084">
         <s>Tu esci il sabato sera?</s>
      </sentence>
      <sentence id="ae6da78f9b269a15ba04001673fd375d" audio_id="829172634837">
         <s>Tu fai sport la domenica?</s>
      </sentence>
      <sentence id="91015ac0fe83f4712c7c7e0be56e3fe7" audio_id="527194714670">
         <s>Tu perché non fai sport?</s>
      </sentence>
      <sentence id="7eaddfa4cbdc08f87d2dc8fe1be3c580" audio_id="563131498303">
         <s>Tu vai a teatro domani?</s>
      </sentence>
      <sentence id="de7f4c659bcd9f9a6b82903156ce9e49" audio_id="173123050269">
         <s>Va bene, andiamo a prendere un gelato!</s>
      </sentence>
      <sentence id="7a05497002fa5b6ae00da7718789808d" audio_id="670172029025">
         <s>Vai a un concerto di musica rock?</s>
      </sentence>
      <sentence id="92f0cc7932e77fb6e7b8850dece1e149" audio_id="814170790143">
         <s>Vieni a un concerto con me?</s>
      </sentence>
      <sentence id="60954636c879bea00fde3c6c7882bfb1" audio_id="587108462467">
         <s>Voi andate a Milano stasera?</s>
      </sentence>
      <sentence id="9d30cbfd5f709e6baf2500540cca0275" audio_id="984163816896">
         <s>Voi andate al cinema domani sera?</s>
      </sentence>
      <sentence id="32e44ffb6dded91f85ba0ce9854f7d8a" audio_id="174151790382">
         <s>Voi andate al cinema domani?</s>
      </sentence>
      <sentence id="13272aca40566b37852aae42a47d9e70" audio_id="653105865258">
         <s>Voi cosa fate il fine settimana di solito?</s>
      </sentence>
      <sentence id="674c0e4a290f9fa5ad26033e229bc11b" audio_id="353190782890">
         <s>Voi fate i compiti il fine settimana?</s>
      </sentence>
      <sentence id="a9d1693289a57aaf02a7675b9492da13" audio_id="904121696521">
         <s>Voi fate spese il fine settimana di solito?</s>
      </sentence>
      <sentence id="6b02e9b5d5c1f9abb9d8a994a4f4ac40" audio_id="858162369821">
         <s>Voi fate spese la domenica?</s>
      </sentence>
      <sentence id="bf2988f00110a6dc6a38f252691459b7" audio_id="972193486361">
         <s>Voi fate sport spesso?</s>
      </sentence>
      <sentence id="e39fa29185b8acbb80a963179e7cecbb" audio_id="649101481031">
         <s>Voi uscite il venerdì sera?</s>
      </sentence>
   </sentences>
</activity>
