<?xml version="1.0" ?>
<activity id="934159509271" type="dictation" l2="it" l1="ar" version="1" n_voices="4">
   <course_name>italian</course_name>
   <title_prefix>إملاء</title_prefix>
   <title>Aggettivi in -e</title>
   <theme>Aggettivi in -e</theme>
   <description>استمع ثم اكتب الجملة.</description>
   <sentences>
      <sentence id="d60479124b9e04043329e8cd7b00dd71" audio_id="764145708196">
         <s>Anna ha gli occhi verdi.</s>
      </sentence>
      <sentence id="ff63dd6162f8cb575d25c50a61f98672" audio_id="757129408258">
         <s>Anna è una ragazza inglese.</s>
      </sentence>
      <sentence id="45bbc6ccced672b4ae8a64795e63593b" audio_id="270108913647">
         <s>Chiara è una ragazza bella e gentile.</s>
      </sentence>
      <sentence id="7673afeb3564fa13ded4bc051178633d" audio_id="862152931534">
         <s>Dino ha una testa grande.</s>
      </sentence>
      <sentence id="e6c8959ef0bed6d707bc364d0ad51098" audio_id="980126980467">
         <s>Gli occhi di Paolo sono azzurri o verdi?</s>
      </sentence>
      <sentence id="9a7ecd4825353e6715e49e66bb11a2ab" audio_id="563194715691">
         <s>Gli studenti nuovi sono inglesi.</s>
      </sentence>
      <sentence id="c23522447109375bb7dfab5cace4a19a" audio_id="860145290310">
         <s>Gli studenti stranieri sono intelligenti.</s>
      </sentence>
      <sentence id="b9756321d485a499a12b52cb5b0295e5" audio_id="819103643497">
         <s>I professori sono giovani.</s>
      </sentence>
      <sentence id="3a81b427c75d7ba2c90eff78820030f7" audio_id="142109526323">
         <s>I ragazzi sono tristi.</s>
      </sentence>
      <sentence id="1bb30a8fe37d13c1f2f635a78eac5d08" audio_id="453158693938">
         <s>Il libro di italiano è difficile.</s>
      </sentence>
      <sentence id="258b9f26b297b04bc383d530c8e52257" audio_id="267190796120">
         <s>Il libro è interessante.</s>
      </sentence>
      <sentence id="40d6308c215542f868660e44f363ba21" audio_id="915107416305">
         <s>Il professore di geografia è giovane.</s>
      </sentence>
      <sentence id="21c6d006d370dc6fb764151efb1051eb" audio_id="342148942617">
         <s>Il professore di italiano è giovane e simpatico.</s>
      </sentence>
      <sentence id="66361608ab1e5c757c64efc0fa25d93e" audio_id="192172930167">
         <s>Io ho la bocca grande.</s>
      </sentence>
      <sentence id="b512b3bee0c50d249758d6be86e37658" audio_id="657105619806">
         <s>Io ho un cappello arancione.</s>
      </sentence>
      <sentence id="feaa7a075a273a4a0297051012dc4ed1" audio_id="832185813428">
         <s>Io ho una borsa arancione.</s>
      </sentence>
      <sentence id="e57e7b85e53c2a18b798f2f16ea6e866" audio_id="969104398543">
         <s>La casa è bella e grande.</s>
      </sentence>
      <sentence id="d44cbf1e79c93cbda47c2463d7abe3cb" audio_id="894103697394">
         <s>La lezione di matematica è difficile.</s>
      </sentence>
      <sentence id="6c2117915a83e29b40da38c6fa38f7e4" audio_id="168184985043">
         <s>La lezione di storia è interessante.</s>
      </sentence>
      <sentence id="7fbe095f36625d351f72c47a0dba6d08" audio_id="527137165375">
         <s>La macchina è verde.</s>
      </sentence>
      <sentence id="644191fabd6def37edf2a8d2c1a4bae8" audio_id="394147979679">
         <s>La ragazza è gentile.</s>
      </sentence>
      <sentence id="f7048a5055c19193672906806897f2be" audio_id="368131595450">
         <s>La studentessa inglese si chiama Maria.</s>
      </sentence>
      <sentence id="56a8255ba4d7c7f62ac1f143f8fcef0d" audio_id="646179262037">
         <s>Le amiche di Anna sono gentili.</s>
      </sentence>
      <sentence id="2f04f353fb26ceefaab8a4e06ec9dab7" audio_id="517132173168">
         <s>Le aule sono grandi.</s>
      </sentence>
      <sentence id="f4e92eca6092ad78debb7e9c5be96104" audio_id="649142562950">
         <s>Le case sono grandi.</s>
      </sentence>
      <sentence id="001f614373c25efce79abf5719ec126d" audio_id="397138970691">
         <s>Le ragazze sono brune e hanno gli occhi verdi.</s>
      </sentence>
      <sentence id="5285f68202ee22b783aca5d7544b4350" audio_id="740103986050">
         <s>Le studentesse sono intelligenti.</s>
      </sentence>
      <sentence id="e1cca6e6db7df7f2e54b57ff35589aa6" audio_id="710145321606">
         <s>Lo studente è intelligente.</s>
      </sentence>
      <sentence id="0ca9e022dd76ec5391dd2163a12471f4" audio_id="674156178781">
         <s>Lo zio di Marco è gentile.</s>
      </sentence>
      <sentence id="3076ae73320baa987b6a54648777768c" audio_id="756128080169">
         <s>Luca ha i capelli arancioni.</s>
      </sentence>
      <sentence id="aad287d29a743bfdec5e3529d9f4e9f7" audio_id="297180987401">
         <s>Lui è uno studente bravo e gentile.</s>
      </sentence>
      <sentence id="f84f1606e8f688083619a1e50b153770" audio_id="147135189101">
         <s>L’Italia è grande.</s>
      </sentence>
      <sentence id="448bfc919b8beeb107a81fe755f382c5" audio_id="714158171058">
         <s>L’amica di Anna è triste.</s>
      </sentence>
      <sentence id="aecb806e2b81b2c6f52617733762fff9" audio_id="843171649614">
         <s>L’amico di Paolo è scortese.</s>
      </sentence>
      <sentence id="1a0166e3eb2ce395c4f22343159fff0b" audio_id="987163464979">
         <s>L’esame è facile o difficile?</s>
      </sentence>
      <sentence id="59770c256672b60b10556f69a20987d4" audio_id="289104830901">
         <s>L’esame è importante.</s>
      </sentence>
      <sentence id="f4da3c81589a91aa8072e02acc60a416" audio_id="283137947604">
         <s>L’esercizio di matematica non è facile.</s>
      </sentence>
      <sentence id="26a2dfc5217f3ab25e7fa9be03957c9e" audio_id="150128549193">
         <s>L’esercizio di matematica è difficile.</s>
      </sentence>
      <sentence id="b563fda0fc274a7f1485f2dbe1a6df56" audio_id="107198937675">
         <s>L’esercizio è difficile.</s>
      </sentence>
      <sentence id="88926c1344aef2d514ed4c2e9f05426c" audio_id="158193561384">
         <s>Marco ha i capelli neri e gli occhi verdi.</s>
      </sentence>
      <sentence id="0092cd513dc9b2a45235cdac4ae45eb9" audio_id="964128380671">
         <s>Marco ha il naso grande.</s>
      </sentence>
      <sentence id="9d57a64e81e09ebce523927a0b7ccffe" audio_id="749178093625">
         <s>Maria ha la borsa verde.</s>
      </sentence>
      <sentence id="560a854ef13fd6f443b8b089af1ce36a" audio_id="243126915701">
         <s>Mario ha i piedi grandi.</s>
      </sentence>
      <sentence id="96c83d0bacfcf59a3fa5e89a9dc3b7dd" audio_id="594195705787">
         <s>Paolo e Marco sono due ragazzi giovani.</s>
      </sentence>
      <sentence id="04996640745579a5d73f023d31ef45cf" audio_id="918108291450">
         <s>Ragazzi, voi siete molto gentili.</s>
      </sentence>
      <sentence id="1c4c4cbaf6d972967926bdd0518d4a17" audio_id="578157930765">
         <s>Sara, perché sei triste?</s>
      </sentence>
      <sentence id="795aeb78a6d624fe37df3b27f351e5c7" audio_id="819129849840">
         <s>Tu ascolti la musica inglese?</s>
      </sentence>
      <sentence id="ac86f538dce25799afbf481ba8dbbd87" audio_id="382160270685">
         <s>Tu hai gli occhi grandi.</s>
      </sentence>
      <sentence id="075bfb700eb52b4115b6c3f882dc5789" audio_id="292172459451">
         <s>Tu hai le dita lunghe e le mani grandi.</s>
      </sentence>
   </sentences>
</activity>
