<?xml version="1.0" ?>
<sentences session_id="243161657052" grade="10" country="eg" l1="ar" l2="it" session_index="6" session_title="Perchè non venite a casa mia?" course_id="737193021901" term="2">
   <entry section_id="589156056045" section_title="Preposizioni" section_index="1">
      <sentence vocab_in_use="False" grammar_in_use="True" grammar_point="Preposizioni">Tu vai a una festa domani?</sentence>
      <translations lang="en">
         <translation>Are you going to a party tomorrow?</translation>
      </translations>
      <translations lang="ar">
         <translation>هل ستذهب إلى حفلة غدًا؟</translation>
      </translations>
      <elements>
         <main_verb>vai</main_verb>
         <main_verb_base>andare</main_verb_base>
      </elements>
   </entry>
   <entry section_id="589156056045" section_title="Preposizioni" section_index="1">
      <sentence vocab_in_use="False" grammar_in_use="True" grammar_point="Preposizioni">Oggi noi andiamo da Marco a studiare.</sentence>
      <translations lang="en">
         <translation>Today we go to Marco’s place to study.</translation>
      </translations>
      <translations lang="ar">
         <translation>اليوم سنذهب إلى Marco لنُذاكِر.</translation>
      </translations>
      <elements>
         <main_verb>andiamo</main_verb>
         <main_verb_base>andare</main_verb_base>
      </elements>
   </entry>
   <entry section_id="589156056045" section_title="Preposizioni" section_index="1">
      <sentence vocab_in_use="True" grammar_in_use="True" grammar_point="Preposizioni">Io sono italiana, vengo da Roma.</sentence>
      <translations lang="en">
         <translation>I am Italian (female), I come from Rome.</translation>
      </translations>
      <translations lang="ar">
         <translation>أنا إيطاليَّة؛ جئتُ من روما.</translation>
      </translations>
      <elements>
         <main_verb>vengo</main_verb>
         <main_verb_base>venire</main_verb_base>
         <keywords>
            <keyword>Roma</keyword>
         </keywords>
      </elements>
   </entry>
   <entry section_id="589156056045" section_title="Preposizioni" section_index="1">
      <sentence vocab_in_use="False" grammar_in_use="True" grammar_point="Preposizioni">Marco, vieni da me a mangiare una pizza?</sentence>
      <translations lang="en">
         <translation>Marco, are you coming to my place to eat a pizza?</translation>
      </translations>
      <translations lang="ar">
         <translation>يا Marco، هل تأتي معي لنأكل بيتزا؟</translation>
      </translations>
   </entry>
   <entry section_id="589156056045" section_title="Preposizioni" section_index="1">
      <sentence vocab_in_use="False" grammar_in_use="True" grammar_point="Preposizioni">Anna viene in Italia domani.</sentence>
      <translations lang="en">
         <translation>Anna comes to Italy tomorrow.</translation>
      </translations>
      <translations lang="ar">
         <translation>Anna ستأتي إلى إيطاليا غدًا.</translation>
      </translations>
      <elements>
         <main_verb>viene</main_verb>
         <main_verb_base>venire</main_verb_base>
      </elements>
   </entry>
   <entry section_id="589156056045" section_title="Preposizioni" section_index="1">
      <sentence vocab_in_use="True" grammar_in_use="True" grammar_point="Preposizioni">Vado a casa a dormire. A dopo!</sentence>
      <translations lang="en">
         <translation>I go home to sleep. See you later!</translation>
      </translations>
      <translations lang="ar">
         <translation>سأذهب إلى المنزل للنوم. أراك لاحقًا!</translation>
      </translations>
      <elements>
         <keywords>
            <keyword>casa</keyword>
         </keywords>
      </elements>
   </entry>
   <entry section_id="589156056045" section_title="Preposizioni" section_index="1">
      <sentence vocab_in_use="False" grammar_in_use="True" grammar_point="Preposizioni">Oggi devo andare a una festa.</sentence>
      <translations lang="en">
         <translation>I have to go to a party today.</translation>
      </translations>
      <translations lang="ar">
         <translation>يجب عليَّ أن أذهب اليوم إلى حفلة.</translation>
      </translations>
   </entry>
   <entry section_id="589156056045" section_title="Preposizioni" section_index="1">
      <sentence vocab_in_use="False" grammar_in_use="True" grammar_point="Preposizioni">Tu da dove vieni?</sentence>
      <translations lang="en">
         <translation>Where are you from?</translation>
      </translations>
      <translations lang="ar">
         <translation>من أين أنت؟</translation>
      </translations>
      <elements>
         <main_verb>vieni</main_verb>
         <main_verb_base>venire</main_verb_base>
      </elements>
   </entry>
   <entry section_id="153102830412" section_title="Chiedere/dire l’ora" section_index="2">
      <sentence vocab_in_use="False" grammar_in_use="True" grammar_point="Chiedere/dire l’ora" max_chunks="7">Sono le tre e mezza.</sentence>
      <translations lang="en">
         <translation>It’s half past three.</translation>
      </translations>
      <translations lang="ar">
         <translation>الساعة الثالثة والنصف.</translation>
      </translations>
   </entry>
   <entry section_id="153102830412" section_title="Chiedere/dire l’ora" section_index="2">
      <sentence vocab_in_use="False" grammar_in_use="True" grammar_point="Chiedere/dire l’ora">Sono le undici meno dieci.</sentence>
      <translations lang="en">
         <translation>It is ten to eleven.</translation>
      </translations>
      <translations lang="ar">
         <translation>الساعة الحادية عشرة إلا عشر دقائق.</translation>
      </translations>
   </entry>
   <entry section_id="153102830412" section_title="Chiedere/dire l’ora" section_index="2">
      <sentence vocab_in_use="False" grammar_in_use="True" grammar_point="Chiedere/dire l’ora" max_chunks="7">Sono le otto meno un quarto.</sentence>
      <translations lang="en">
         <translation>It is quarter to eight.</translation>
      </translations>
      <translations lang="ar">
         <translation>الساعة الثامنة إلا ربعًا.</translation>
      </translations>
   </entry>
   <entry section_id="153102830412" section_title="Chiedere/dire l’ora" section_index="2">
      <sentence vocab_in_use="False" grammar_in_use="True" grammar_point="Chiedere/dire l’ora" max_chunks="7">Sono le due e un quarto.</sentence>
      <translations lang="en">
         <translation>It is quarter past two.</translation>
      </translations>
      <translations lang="ar">
         <translation>الساعة الواحدة والربع.</translation>
      </translations>
   </entry>
   <entry section_id="153102830412" section_title="Chiedere/dire l’ora" section_index="2">
      <sentence vocab_in_use="False" grammar_in_use="True" grammar_point="Chiedere/dire l’ora" max_chunks="7">È l’una e venti.</sentence>
      <translations lang="en">
         <translation>It’s twenty minutes past one.</translation>
      </translations>
      <translations lang="ar">
         <translation>الساعة الواحدة وعشرون دقيقة.</translation>
      </translations>
   </entry>
   <entry section_id="153102830412" section_title="Chiedere/dire l’ora" section_index="2">
      <sentence vocab_in_use="False" grammar_in_use="True" grammar_point="Chiedere/dire l’ora">Sono le nove e cinque.</sentence>
      <translations lang="en">
         <translation>It’s five past nine.</translation>
      </translations>
      <translations lang="ar">
         <translation>الساعة التاسعة وخمس دقائق.</translation>
      </translations>
   </entry>
   <entry section_id="153102830412" section_title="Chiedere/dire l’ora" section_index="2">
      <sentence vocab_in_use="False" grammar_in_use="True" grammar_point="Chiedere/dire l’ora" max_chunks="7">Sono le sei.</sentence>
      <translations lang="en">
         <translation>It’s six o’clock.</translation>
      </translations>
      <translations lang="ar">
         <translation>الساعة السادسة.</translation>
      </translations>
   </entry>
   <entry section_id="153102830412" section_title="Chiedere/dire l’ora" section_index="2">
      <sentence vocab_in_use="False" grammar_in_use="True" grammar_point="Chiedere/dire l’ora" max_chunks="7">Sono le quattro e mezza.</sentence>
      <translations lang="en">
         <translation>It’s four thirty.</translation>
      </translations>
      <translations lang="ar">
         <translation>الساعة الرابعة والنصف.</translation>
      </translations>
   </entry>
   <entry section_id="153102830412" section_title="Chiedere/dire l’ora" section_index="2">
      <sentence vocab_in_use="False" grammar_in_use="True" grammar_point="Chiedere/dire l’ora">Sono le quattro meno venti.</sentence>
      <translations lang="en">
         <translation>It is twenty to four.</translation>
      </translations>
      <translations lang="ar">
         <translation>الساعة الرابعة إلا عشرين دقيقة.</translation>
      </translations>
   </entry>
   <entry section_id="153102830412" section_title="Chiedere/dire l’ora" section_index="2">
      <sentence vocab_in_use="False" grammar_in_use="True" grammar_point="Chiedere/dire l’ora">È l’una e dieci.</sentence>
      <translations lang="en">
         <translation>It is ten past one.</translation>
      </translations>
      <translations lang="ar">
         <translation>الساعة الواحدة وعشر دقائق.</translation>
      </translations>
   </entry>
   <entry section_id="153102830412" section_title="Chiedere/dire l’ora" section_index="2">
      <sentence vocab_in_use="False" grammar_in_use="True" grammar_point="Chiedere/dire l’ora">Sono le cinque e trentacinque.</sentence>
      <translations lang="en">
         <translation>It is thirty five past five.</translation>
      </translations>
      <translations lang="ar">
         <translation>الساعة الخامسة وخمس وثلاثون دقيقة.</translation>
      </translations>
   </entry>
   <entry section_id="153102830412" section_title="Chiedere/dire l’ora" section_index="2">
      <sentence vocab_in_use="False" grammar_in_use="True" grammar_point="Chiedere/dire l’ora">È l’una e mezza.</sentence>
      <translations lang="en">
         <translation>It’s half past one.</translation>
      </translations>
      <translations lang="ar">
         <translation>الساعة الواحدة والنصف.</translation>
      </translations>
   </entry>
   <entry section_id="153102830412" section_title="Chiedere/dire l’ora" section_index="2">
      <sentence vocab_in_use="False" grammar_in_use="True" grammar_point="Chiedere/dire l’ora">Sono le sette e venti.</sentence>
      <translations lang="en">
         <translation>It is twenty past seven.</translation>
      </translations>
      <translations lang="ar">
         <translation>الساعة السابعة وعشرون دقيقة.</translation>
      </translations>
   </entry>
   <entry section_id="153102830412" section_title="Chiedere/dire l’ora" section_index="2">
      <sentence vocab_in_use="False" grammar_in_use="True" grammar_point="Chiedere/dire l’ora">Sono le undici meno venti.</sentence>
      <translations lang="en">
         <translation>It is twenty to eleven.</translation>
      </translations>
      <translations lang="ar">
         <translation>الساعة الحادية عشرة إلا عشرين دقيقة.</translation>
      </translations>
   </entry>
   <entry section_id="153102830412" section_title="Chiedere/dire l’ora" section_index="2">
      <sentence vocab_in_use="False" grammar_in_use="True" grammar_point="Chiedere/dire l’ora">È l’una e un quarto.</sentence>
      <translations lang="en">
         <translation>It is quarter past one.</translation>
      </translations>
      <translations lang="ar">
         <translation>الساعة الواحدة والربع.</translation>
      </translations>
   </entry>
   <entry section_id="153102830412" section_title="Chiedere/dire l’ora" section_index="2">
      <sentence vocab_in_use="False" grammar_in_use="True" grammar_point="Chiedere/dire l’ora">Sono le cinque e mezza.</sentence>
      <translations lang="en">
         <translation>It’s half past five.</translation>
      </translations>
      <translations lang="ar">
         <translation>الساعة الخامسة والنصف.</translation>
      </translations>
   </entry>
   <entry section_id="153102830412" section_title="Chiedere/dire l’ora" section_index="2">
      <sentence vocab_in_use="False" grammar_in_use="True" grammar_point="Chiedere/dire l’ora">Sono le tre meno cinque.</sentence>
      <translations lang="en">
         <translation>It is five to three.</translation>
      </translations>
      <translations lang="ar">
         <translation>الساعة الثالثة إلا خمس دقائق.</translation>
      </translations>
   </entry>
   <entry section_id="153102830412" section_title="Chiedere/dire l’ora" section_index="2">
      <sentence vocab_in_use="False" grammar_in_use="True" grammar_point="Chiedere/dire l’ora">Sono le tre e dieci.</sentence>
      <translations lang="en">
         <translation>It’s ten past three.</translation>
      </translations>
      <translations lang="ar">
         <translation>الساعة الثالثة وعشر دقائق.</translation>
      </translations>
   </entry>
   <entry section_id="153102830412" section_title="Chiedere/dire l’ora" section_index="2">
      <sentence vocab_in_use="False" grammar_in_use="True" grammar_point="Chiedere/dire l’ora">Sono le sette e trentacinque.</sentence>
      <translations lang="en">
         <translation>It is thirty five past seven.</translation>
      </translations>
      <translations lang="ar">
         <translation>الساعة السابعة وخمس وثلاثون دقيقة.</translation>
      </translations>
   </entry>
   <entry section_id="153102830412" section_title="Chiedere/dire l’ora" section_index="2">
      <sentence vocab_in_use="False" grammar_in_use="True" grammar_point="Chiedere/dire l’ora">Sono le undici meno venti.</sentence>
      <translations lang="en">
         <translation>It is twenty to eleven.</translation>
      </translations>
      <translations lang="ar">
         <translation>الساعة الحادية عشرة إلا عشرين دقيقة.</translation>
      </translations>
   </entry>
   <entry section_id="589156056045" section_title="Preposizioni" section_index="1">
      <sentence vocab_in_use="False" grammar_in_use="True" grammar_point="Preposizioni" max_chunks="7">Noi abitiamo in via Petrarca settantatré.</sentence>
      <translations lang="en">
         <translation>We live on 73 Petrarca road.</translation>
      </translations>
      <translations lang="ar">
         <translation>نحن نسكن في ثلاثة وسبعين، طريق بتراركا.</translation>
      </translations>
      <elements>
         <main_verb>abitiamo</main_verb>
         <main_verb_base>abitare</main_verb_base>
      </elements>
   </entry>
   <entry section_id="589156056045" section_title="Preposizioni" section_index="1">
      <sentence vocab_in_use="True" grammar_in_use="True" grammar_point="Preposizioni">Loro abitano in via Garibaldi settantadue.</sentence>
      <translations lang="en">
         <translation>They live on 72 Garibaldi road.</translation>
      </translations>
      <translations lang="ar">
         <translation>هُمْ يسكنون في اثنين وسبعين، طريق جاريبالدي.</translation>
      </translations>
      <elements>
         <main_verb>abitano</main_verb>
         <main_verb_base>abitare</main_verb_base>
         <keywords>
            <keyword>settantadue</keyword>
         </keywords>
      </elements>
   </entry>
   <entry section_id="608132042847" section_title="Verbi modali" section_index="3">
      <sentence vocab_in_use="True" grammar_in_use="True" grammar_point="Verbi modali">Io voglio andare al cinema sabato.</sentence>
      <translations lang="en">
         <translation>I want to go to the cinema on Saturday.</translation>
      </translations>
      <translations lang="ar">
         <translation>أريد أن أذهب إلى السينما يوم السبت.</translation>
      </translations>
      <elements>
         <main_verb>voglio</main_verb>
         <main_verb_base>volere</main_verb_base>
         <keywords>
            <keyword>cinema</keyword>
         </keywords>
      </elements>
   </entry>
   <entry section_id="608132042847" section_title="Verbi modali" section_index="3">
      <sentence vocab_in_use="True" grammar_in_use="True" grammar_point="Verbi modali" max_chunks="7">Sara, vuoi venire al teatro con me domani?</sentence>
      <translations lang="en">
         <translation>Sara, do you want to come to the theatre with me tomorrow?</translation>
      </translations>
      <translations lang="ar">
         <translation>Sara، هل تريدين أن تأتي إلى المسرح معي غدًا؟</translation>
      </translations>
      <elements>
         <keywords>
            <keyword>teatro</keyword>
            <keyword>con</keyword>
         </keywords>
      </elements>
   </entry>
   <entry section_id="608132042847" section_title="Verbi modali" section_index="3">
      <sentence vocab_in_use="False" grammar_in_use="True" grammar_point="Verbi modali">Paolo non vuole uscire stasera, preferisce guardare la televisione.</sentence>
      <translations lang="en">
         <translation>Paolo does not want to go out tonight, he prefers to watch television.</translation>
      </translations>
      <translations lang="ar">
         <translation>لا يريد Paolo الخروج الليلة، إنه يُفضِّل مشاهدة التلفاز.</translation>
      </translations>
      <elements>
         <main_verb>vuole</main_verb>
         <main_verb_base>volere</main_verb_base>
      </elements>
   </entry>
   <entry section_id="608132042847" section_title="Verbi modali" section_index="3">
      <sentence vocab_in_use="True" grammar_in_use="True" grammar_point="Verbi modali" max_chunks="7">Io e Chiara vogliamo andare al teatro domenica.</sentence>
      <translations lang="en">
         <translation>Chiara and I want to go to the theatre on Sunday.</translation>
      </translations>
      <translations lang="ar">
         <translation>نريد أنا وChiara الذهاب إلى المسرح يوم الأحد.</translation>
      </translations>
      <elements>
         <main_verb>vogliamo</main_verb>
         <main_verb_base>volere</main_verb_base>
         <keywords>
            <keyword>teatro</keyword>
         </keywords>
      </elements>
   </entry>
   <entry section_id="608132042847" section_title="Verbi modali" section_index="3">
      <sentence vocab_in_use="True" grammar_in_use="True" grammar_point="Verbi modali" max_chunks="7">Voi volete giocare a calcio o preferite giocare a pallacanestro?</sentence>
      <translations lang="en">
         <translation>Do you want to play football or do you prefer to play basketball?</translation>
      </translations>
      <translations lang="ar">
         <translation>هل أنتم تريدون لعب كرة القدم أم تُفضِّلون لعب كرة السلَّة؟</translation>
      </translations>
      <elements>
         <main_verb>volete</main_verb>
         <main_verb_base>volere</main_verb_base>
         <keywords>
            <keyword>pallacanestro</keyword>
            <keyword>preferite</keyword>
         </keywords>
      </elements>
   </entry>
   <entry section_id="608132042847" section_title="Verbi modali" section_index="3">
      <sentence vocab_in_use="True" grammar_in_use="True" grammar_point="Verbi modali">Chiara e Anna vogliono andare a fare spese dopo scuola.</sentence>
      <translations lang="en">
         <translation>Chiara and Anna want to go shopping after school.</translation>
      </translations>
      <translations lang="ar">
         <translation>تريد Chiara وAnna الذهاب للتسوُّق بعد المدرسة.</translation>
      </translations>
      <elements>
         <main_verb>vogliono</main_verb>
         <main_verb_base>volere</main_verb_base>
         <keywords>
            <keyword>scuola</keyword>
         </keywords>
      </elements>
   </entry>
   <entry section_id="608132042847" section_title="Verbi modali" section_index="3">
      <sentence vocab_in_use="True" grammar_in_use="True" grammar_point="Verbi modali" max_chunks="7">Io devo tornare a casa adesso.</sentence>
      <translations lang="en">
         <translation>I have to go back home now.</translation>
      </translations>
      <translations lang="ar">
         <translation>يجب أن أعود إلى المنزل الآن.</translation>
      </translations>
      <elements>
         <main_verb>devo</main_verb>
         <main_verb_base>dovere</main_verb_base>
         <keywords>
            <keyword>casa</keyword>
            <keyword>tornare</keyword>
         </keywords>
      </elements>
   </entry>
   <entry section_id="608132042847" section_title="Verbi modali" section_index="3">
      <sentence vocab_in_use="True" grammar_in_use="True" grammar_point="Verbi modali">Tu devi andare a scuola domani?</sentence>
      <translations lang="en">
         <translation>Do you have to go to school tomorrow?</translation>
      </translations>
      <translations lang="ar">
         <translation>هل يجب أن تذهب إلى المدرسة غدًا؟</translation>
      </translations>
      <elements>
         <main_verb>devi</main_verb>
         <main_verb_base>dovere</main_verb_base>
         <keywords>
            <keyword>scuola</keyword>
         </keywords>
      </elements>
   </entry>
   <entry section_id="608132042847" section_title="Verbi modali" section_index="3">
      <sentence vocab_in_use="False" grammar_in_use="True" grammar_point="Verbi modali">Sara deve andare a lavorare il sabato.</sentence>
      <translations lang="en">
         <translation>Sara has to go to work on Saturday.</translation>
      </translations>
      <translations lang="ar">
         <translation>يجب أن تذهب Sara إلى العمل يوم السبت.</translation>
      </translations>
      <elements>
         <main_verb>deve</main_verb>
         <main_verb_base>dovere</main_verb_base>
      </elements>
   </entry>
   <entry section_id="608132042847" section_title="Verbi modali" section_index="3">
      <sentence vocab_in_use="False" grammar_in_use="True" grammar_point="Verbi modali" max_chunks="7">Noi dobbiamo andare alla stazione del treno.</sentence>
      <translations lang="en">
         <translation>We have to go to the train station.</translation>
      </translations>
      <translations lang="ar">
         <translation>يجب علينا أن نذهب إلى محطَّة القطار.</translation>
      </translations>
      <elements>
         <main_verb>dobbiamo</main_verb>
         <main_verb_base>dovere</main_verb_base>
      </elements>
   </entry>
   <entry section_id="608132042847" section_title="Verbi modali" section_index="3">
      <sentence vocab_in_use="False" grammar_in_use="True" grammar_point="Verbi modali" max_chunks="7">Tu e Heba dovete studiare domani?</sentence>
      <translations lang="en">
         <translation>Do you and Heba have to study tomorrow?</translation>
      </translations>
      <translations lang="ar">
         <translation>هل يجب عليكما أنت وHeba المذاكرة غدًا؟</translation>
      </translations>
      <elements>
         <main_verb>dovete</main_verb>
         <main_verb_base>dovere</main_verb_base>
      </elements>
   </entry>
   <entry section_id="608132042847" section_title="Verbi modali" section_index="3">
      <sentence vocab_in_use="False" grammar_in_use="True" grammar_point="Verbi modali">Loro devono finire i compiti stasera.</sentence>
      <translations lang="en">
         <translation>They must finish the homework tonight.</translation>
      </translations>
      <translations lang="ar">
         <translation>يجب عليهم الانتهاء من أداء الواجبات المدرسيَّة الليلة.</translation>
      </translations>
      <elements>
         <main_verb>devono</main_verb>
         <main_verb_base>dovere</main_verb_base>
      </elements>
   </entry>
   <entry section_id="608132042847" section_title="Verbi modali" section_index="3">
      <sentence vocab_in_use="False" grammar_in_use="True" grammar_point="Verbi modali">Io non posso venire alla festa domani. Mi dispiace!</sentence>
      <translations lang="en">
         <translation>I can’t come to the party tomorrow. I’m sorry!</translation>
      </translations>
      <translations lang="ar">
         <translation>لا أستطيع المجيء إلى الحفلة غدًا. معذرةً!</translation>
      </translations>
      <elements>
         <main_verb>posso</main_verb>
         <main_verb_base>potere</main_verb_base>
      </elements>
   </entry>
   <entry section_id="608132042847" section_title="Verbi modali" section_index="3">
      <sentence vocab_in_use="False" grammar_in_use="True" grammar_point="Verbi modali">Tu puoi uscire domani?</sentence>
      <translations lang="en">
         <translation>Can you go out tomorrow?</translation>
      </translations>
      <translations lang="ar">
         <translation>هل تستطيع الخروج غدًا؟</translation>
      </translations>
      <elements>
         <main_verb>puoi</main_verb>
         <main_verb_base>potere</main_verb_base>
      </elements>
   </entry>
   <entry section_id="608132042847" section_title="Verbi modali" section_index="3">
      <sentence vocab_in_use="True" grammar_in_use="True" grammar_point="Verbi modali">Lei non può venire al ristorante stasera.</sentence>
      <translations lang="en">
         <translation>She can’t come to the restaurant tonight.</translation>
      </translations>
      <translations lang="ar">
         <translation>إنها لا تستطيع أن تأتي إلى المطعم الليلة.</translation>
      </translations>
      <elements>
         <main_verb>può</main_verb>
         <main_verb_base>potere</main_verb_base>
         <keywords>
            <keyword>ristorante</keyword>
         </keywords>
      </elements>
   </entry>
   <entry section_id="608132042847" section_title="Verbi modali" section_index="3">
      <sentence vocab_in_use="False" grammar_in_use="True" grammar_point="Verbi modali">Io e Ahmed non possiamo venire alla festa di Paolo.</sentence>
      <translations lang="en">
         <translation>Ahmed and I can’t come to Paolo’s party.</translation>
      </translations>
      <translations lang="ar">
         <translation>أنا وAhmed لا نستطيع أن نأتي إلى حفلة Paolo.</translation>
      </translations>
      <elements>
         <main_verb>possiamo</main_verb>
         <main_verb_base>potere</main_verb_base>
      </elements>
   </entry>
   <entry section_id="608132042847" section_title="Verbi modali" section_index="3">
      <sentence vocab_in_use="True" grammar_in_use="True" grammar_point="Verbi modali">Ragazzi, voi potete venire al cinema stasera?</sentence>
      <translations lang="en">
         <translation>Guys, can you come to the cinema tonight?</translation>
      </translations>
      <translations lang="ar">
         <translation>يا رفاق، هل تستطيعون الإتيان إلى السينما الليلة؟</translation>
      </translations>
      <elements>
         <main_verb>potete</main_verb>
         <main_verb_base>potere</main_verb_base>
         <keywords>
            <keyword>cinema</keyword>
         </keywords>
      </elements>
   </entry>
   <entry section_id="608132042847" section_title="Verbi modali" section_index="3">
      <sentence vocab_in_use="False" grammar_in_use="True" grammar_point="Verbi modali">I ragazzi non possono uscire stasera.</sentence>
      <translations lang="en">
         <translation>The boys cannot go out tonight.</translation>
      </translations>
      <translations lang="ar">
         <translation>الأولاد لا يستطيعون أن يخرجوا الليلة.</translation>
      </translations>
      <elements>
         <main_verb>possono</main_verb>
         <main_verb_base>potere</main_verb_base>
      </elements>
   </entry>
   <entry section_id="608132042847" section_title="Verbi modali" section_index="3">
      <sentence vocab_in_use="False" grammar_in_use="True" grammar_point="Verbi modali">Noi dobbiamo studiare oggi.</sentence>
      <translations lang="en">
         <translation>We have to study today.</translation>
      </translations>
      <translations lang="ar">
         <translation>يجب علينا أن ندرس اليوم.</translation>
      </translations>
      <elements>
         <main_verb>dobbiamo</main_verb>
         <main_verb_base>dovere</main_verb_base>
      </elements>
   </entry>
   <entry section_id="608132042847" section_title="Verbi modali" section_index="3">
      <sentence vocab_in_use="True" grammar_in_use="True" grammar_point="Verbi modali">Io devo prendere l’autobus per arrivare al centro.</sentence>
      <translations lang="en">
         <translation>I have to take the bus to get to the center.</translation>
      </translations>
      <translations lang="ar">
         <translation>يجب عليَّ ركوب الحافلة لكي أصل إلى وسط المدينة.</translation>
      </translations>
      <elements>
         <main_verb>devo</main_verb>
         <main_verb_base>dovere</main_verb_base>
         <keywords>
            <keyword>centro</keyword>
            <keyword>autobus</keyword>
         </keywords>
      </elements>
   </entry>
   <entry section_id="608132042847" section_title="Verbi modali" section_index="3">
      <sentence vocab_in_use="True" grammar_in_use="True" grammar_point="Verbi modali">Lei non vuole prendere il motorino per andare a scuola.</sentence>
      <translations lang="en">
         <translation>She doesn’t want to take the scooter to go to school.</translation>
      </translations>
      <translations lang="ar">
         <translation>إنها لا تريد أن تركب الدرَّاجة البخاريَّة للذهاب إلى المدرسة.</translation>
      </translations>
      <elements>
         <main_verb>vuole</main_verb>
         <main_verb_base>volere</main_verb_base>
         <keywords>
            <keyword>scuola</keyword>
            <keyword>motorino</keyword>
         </keywords>
      </elements>
   </entry>
   <entry section_id="608132042847" section_title="Verbi modali" section_index="3">
      <sentence vocab_in_use="False" grammar_in_use="True" grammar_point="Verbi modali">Possiamo venire da te a studiare?</sentence>
      <translations lang="en">
         <translation>Can we come to your place to study?</translation>
      </translations>
      <translations lang="ar">
         <translation>هل نستطيع المجيء إليك للمذاكرة؟</translation>
      </translations>
   </entry>
   <entry section_id="608132042847" section_title="Verbi modali" section_index="3">
      <sentence vocab_in_use="True" grammar_in_use="True" grammar_point="Verbi modali">Dovete tornare a casa adesso?</sentence>
      <translations lang="en">
         <translation>Do you have to go home now?</translation>
      </translations>
      <translations lang="ar">
         <translation>هل يجب أن تعودوا إلى المنزل الآن؟</translation>
      </translations>
      <elements>
         <keywords>
            <keyword>casa</keyword>
            <keyword>tornare</keyword>
         </keywords>
      </elements>
   </entry>
   <entry section_id="608132042847" section_title="Verbi modali" section_index="3">
      <sentence vocab_in_use="False" grammar_in_use="True" grammar_point="Verbi modali">Io non voglio mangiare la pizza stasera.</sentence>
      <translations lang="en">
         <translation>I don’t want to eat pizza tonight.</translation>
      </translations>
      <translations lang="ar">
         <translation>أنا لا أريد أن آكل بيتزا الليلة.</translation>
      </translations>
      <elements>
         <main_verb>voglio</main_verb>
         <main_verb_base>volere</main_verb_base>
      </elements>
   </entry>
   <entry section_id="608132042847" section_title="Verbi modali" section_index="3">
      <sentence vocab_in_use="False" grammar_in_use="True" grammar_point="Verbi modali">Paolo e Marco non vogliono venire alla festa di Luigi.</sentence>
      <translations lang="en">
         <translation>Paolo and Marco don’t want to come to Luigi’s party.</translation>
      </translations>
      <translations lang="ar">
         <translation>Paolo وMarco لا يريدان المجيء إلى حفلة Luigi.</translation>
      </translations>
      <elements>
         <main_verb>vogliono</main_verb>
         <main_verb_base>volere</main_verb_base>
      </elements>
   </entry>
   <entry section_id="608132042847" section_title="Verbi modali" section_index="3">
      <sentence vocab_in_use="False" grammar_in_use="True" grammar_point="Verbi modali">Marco, vuoi venire a giocare a calcio?</sentence>
      <translations lang="en">
         <translation>Marco, do you want to come to play football?</translation>
      </translations>
      <translations lang="ar">
         <translation>Marco، هل تريد المجيء لِلَعب كرة القدم؟</translation>
      </translations>
   </entry>
   <entry section_id="608132042847" section_title="Verbi modali" section_index="3">
      <sentence vocab_in_use="True" grammar_in_use="True" grammar_point="Verbi modali">Quale linea della metro dobbiamo prendere?</sentence>
      <translations lang="en">
         <translation>Which metro line should we take?</translation>
      </translations>
      <translations lang="ar">
         <translation>ما خطُّ المترو الذي يجب أن نأخذه؟</translation>
      </translations>
      <elements>
         <keywords>
            <keyword>linea della metro</keyword>
         </keywords>
      </elements>
   </entry>
   <entry section_id="608132042847" section_title="Verbi modali" section_index="3">
      <sentence vocab_in_use="True" grammar_in_use="True" grammar_point="Verbi modali">Mi dispiace, io non posso venire in discoteca a ballare domani.</sentence>
      <translations lang="en">
         <translation>I’m sorry, I can’t come to the club to dance tomorrow.</translation>
      </translations>
      <translations lang="ar">
         <translation>معذرةً، لا أستطيع المجيء إلى الملهى الليليِّ للرَّقص غدًا.</translation>
      </translations>
      <elements>
         <main_verb>posso</main_verb>
         <main_verb_base>potere</main_verb_base>
         <keywords>
            <keyword>discoteca</keyword>
            <keyword>ballare</keyword>
         </keywords>
      </elements>
   </entry>
   <entry section_id="608132042847" section_title="Verbi modali" section_index="3">
      <sentence vocab_in_use="True" grammar_in_use="True" grammar_point="Verbi modali">Anna, puoi venire a giocare a pallavolo?</sentence>
      <translations lang="en">
         <translation>Anna, can you come to play volleyball?</translation>
      </translations>
      <translations lang="ar">
         <translation>Anna، هل تستطيعين المجيء لِلَعب الكرة الطائرة؟</translation>
      </translations>
      <elements>
         <keywords>
            <keyword>pallavolo</keyword>
         </keywords>
      </elements>
   </entry>
   <entry section_id="608132042847" section_title="Verbi modali" section_index="3">
      <sentence vocab_in_use="True" grammar_in_use="True" grammar_point="Verbi modali">Domani mattina io devo andare a fare spese.</sentence>
      <translations lang="en">
         <translation>Tomorrow morning I have to go shopping.</translation>
      </translations>
      <translations lang="ar">
         <translation>صباح الغد يجب أن أذهب للتسوُّق.</translation>
      </translations>
      <elements>
         <main_verb>devo</main_verb>
         <main_verb_base>dovere</main_verb_base>
         <keywords>
            <keyword>mattina</keyword>
         </keywords>
      </elements>
   </entry>
   <entry section_id="608132042847" section_title="Verbi modali" section_index="3">
      <sentence vocab_in_use="False" grammar_in_use="True" grammar_point="Verbi modali" max_chunks="7">Io non posso uscire stasera.</sentence>
      <translations lang="en">
         <translation>I can’t go out tonight.</translation>
      </translations>
      <translations lang="ar">
         <translation>أنا لا أستطيع الخروج الليلة.</translation>
      </translations>
      <elements>
         <main_verb>posso</main_verb>
         <main_verb_base>potere</main_verb_base>
      </elements>
   </entry>
   <entry section_id="608132042847" section_title="Verbi modali" section_index="3">
      <sentence vocab_in_use="True" grammar_in_use="True" grammar_point="Verbi modali">Io posso prendere la metropolitana per tornare a casa.</sentence>
      <translations lang="en">
         <translation>I can take the subway to go home.</translation>
      </translations>
      <translations lang="ar">
         <translation>أستطيع أن أركب المترو للعودة إلى المنزل.</translation>
      </translations>
      <elements>
         <main_verb>posso</main_verb>
         <main_verb_base>potere</main_verb_base>
         <keywords>
            <keyword>casa</keyword>
            <keyword>metropolitana</keyword>
            <keyword>tornare</keyword>
         </keywords>
      </elements>
   </entry>
   <entry section_id="608132042847" section_title="Verbi modali" section_index="3">
      <sentence vocab_in_use="False" grammar_in_use="True" grammar_point="Verbi modali">Lei deve finire i compiti stasera.</sentence>
      <translations lang="en">
         <translation>She has to finish the homework tonight.</translation>
      </translations>
      <translations lang="ar">
         <translation>يجب عليها الانتهاء من أداء الواجبات المدرسيَّة الليلة.</translation>
      </translations>
      <elements>
         <main_verb>deve</main_verb>
         <main_verb_base>dovere</main_verb_base>
      </elements>
   </entry>
   <entry section_id="608132042847" section_title="Verbi modali" section_index="3">
      <sentence vocab_in_use="True" grammar_in_use="True" grammar_point="Verbi modali">Io non voglio prendere l’autobus, preferisco camminare.</sentence>
      <translations lang="en">
         <translation>I don’t want to take the bus, I prefer to walk.</translation>
      </translations>
      <translations lang="ar">
         <translation>أنا لا أريد أن أركب الحافلة، أُفضِّل المشي.</translation>
      </translations>
      <elements>
         <main_verb>voglio</main_verb>
         <main_verb_base>volere</main_verb_base>
         <keywords>
            <keyword>autobus</keyword>
         </keywords>
      </elements>
   </entry>
   <entry section_id="608132042847" section_title="Verbi modali" section_index="3">
      <sentence vocab_in_use="False" grammar_in_use="True" grammar_point="Verbi modali">Marco, perché non vuoi mangiare la pasta?</sentence>
      <translations lang="en">
         <translation>Marco, why don’t you want to eat pasta?</translation>
      </translations>
      <translations lang="ar">
         <translation>Marco، لماذا لا تريد أن تأكل المعكرونة؟</translation>
      </translations>
   </entry>
   <entry section_id="608132042847" section_title="Verbi modali" section_index="3">
      <sentence vocab_in_use="True" grammar_in_use="True" grammar_point="Verbi modali">Devo andare in farmacia.</sentence>
      <translations lang="en">
         <translation>I have to go to the pharmacy.</translation>
      </translations>
      <translations lang="ar">
         <translation>يجب أن أذهب إلى الصيدليَّة.</translation>
      </translations>
      <elements>
         <keywords>
            <keyword>farmacia</keyword>
         </keywords>
      </elements>
   </entry>
   <entry section_id="608132042847" section_title="Verbi modali" section_index="3">
      <sentence vocab_in_use="True" grammar_in_use="True" grammar_point="Verbi modali">Ragazzi, volete venire alla sala giochi?</sentence>
      <translations lang="en">
         <translation>Guys, do you want to come to the arcade?</translation>
      </translations>
      <translations lang="ar">
         <translation>يا رفاق، هل تريدون المجيء إلى صالة الألعاب؟</translation>
      </translations>
      <elements>
         <keywords>
            <keyword>sala giochi</keyword>
         </keywords>
      </elements>
   </entry>
   <entry section_id="608132042847" section_title="Verbi modali" section_index="3">
      <sentence vocab_in_use="True" grammar_in_use="True" grammar_point="Verbi modali">Tu vuoi venire in pizzeria stasera?</sentence>
      <translations lang="en">
         <translation>Do you want to come to the pizzeria tonight?</translation>
      </translations>
      <translations lang="ar">
         <translation>هل تريد المجيء إلى مطعم البيتزا الليلة؟</translation>
      </translations>
      <elements>
         <main_verb>vuoi</main_verb>
         <main_verb_base>volere</main_verb_base>
         <keywords>
            <keyword>pizzeria</keyword>
         </keywords>
      </elements>
   </entry>
   <entry section_id="608132042847" section_title="Verbi modali" section_index="3">
      <sentence vocab_in_use="True" grammar_in_use="True" grammar_point="Verbi modali">Noi vogliamo andare al mare oggi.</sentence>
      <translations lang="en">
         <translation>We want to go to the seaside today.</translation>
      </translations>
      <translations lang="ar">
         <translation>نحن نريد أن نذهب إلى البحر اليوم.</translation>
      </translations>
      <elements>
         <main_verb>vogliamo</main_verb>
         <main_verb_base>volere</main_verb_base>
         <keywords>
            <keyword>mare</keyword>
         </keywords>
      </elements>
   </entry>
   <entry section_id="608132042847" section_title="Verbi modali" section_index="3">
      <sentence vocab_in_use="True" grammar_in_use="True" grammar_point="Verbi modali" max_chunks="7">Gli studenti possono andare in biblioteca a studiare.</sentence>
      <translations lang="en">
         <translation>The students can go to the library to study.</translation>
      </translations>
      <translations lang="ar">
         <translation>يستطيع الطلاب الذهاب إلى المكتبة للدراسة.</translation>
      </translations>
      <elements>
         <main_verb>possono</main_verb>
         <main_verb_base>potere</main_verb_base>
         <keywords>
            <keyword>biblioteca</keyword>
         </keywords>
      </elements>
   </entry>
   <entry section_id="608132042847" section_title="Verbi modali" section_index="3">
      <sentence vocab_in_use="True" grammar_in_use="True" grammar_point="Verbi modali">Io voglio fare colazione al bar.</sentence>
      <translations lang="en">
         <translation>I want to have breakfast at the coffee shop.</translation>
      </translations>
      <translations lang="ar">
         <translation>أنا أريد تناوُل الإفطار في المقهى.</translation>
      </translations>
      <elements>
         <main_verb>voglio</main_verb>
         <main_verb_base>volere</main_verb_base>
         <keywords>
            <keyword>bar</keyword>
         </keywords>
      </elements>
   </entry>
   <entry section_id="608132042847" section_title="Verbi modali" section_index="3">
      <sentence vocab_in_use="True" grammar_in_use="True" grammar_point="Verbi modali">Voi potete prendere il taxi per tornare a casa.</sentence>
      <translations lang="en">
         <translation>You can take the taxi to go home.</translation>
      </translations>
      <translations lang="ar">
         <translation>تستطيعون أن تركبوا سيارة أجرة للعودة إلى المنزل.</translation>
      </translations>
      <elements>
         <main_verb>potete</main_verb>
         <main_verb_base>potere</main_verb_base>
         <keywords>
            <keyword>casa</keyword>
            <keyword>taxi</keyword>
            <keyword>tornare</keyword>
         </keywords>
      </elements>
   </entry>
   <entry section_id="589156056045" section_title="Preposizioni" section_index="1">
      <sentence vocab_in_use="True" grammar_in_use="True" grammar_point="Preposizioni" max_chunks="7">Io vado a scuola in macchina la mattina.</sentence>
      <translations lang="en">
         <translation>I go to school by car in the morning.</translation>
      </translations>
      <translations lang="ar">
         <translation>أنا أذهب إلى المدرسة بالسيارة في الصباح.</translation>
      </translations>
      <elements>
         <main_verb>vado</main_verb>
         <main_verb_base>andare</main_verb_base>
         <keywords>
            <keyword>scuola</keyword>
            <keyword>macchina</keyword>
            <keyword>mattina</keyword>
         </keywords>
      </elements>
   </entry>
   <entry section_id="589156056045" section_title="Preposizioni" section_index="1">
      <sentence vocab_in_use="True" grammar_in_use="True" grammar_point="Preposizioni" max_chunks="7">Ahmed va al ristorante a mangiare una pizza.</sentence>
      <translations lang="en">
         <translation>Ahmed goes to the restaurant to eat a pizza.</translation>
      </translations>
      <translations lang="ar">
         <translation>يذهب Ahmed إلى المطعم ليأكل البيتزا.</translation>
      </translations>
      <elements>
         <main_verb>va</main_verb>
         <main_verb_base>andare</main_verb_base>
         <keywords>
            <keyword>ristorante</keyword>
         </keywords>
      </elements>
   </entry>
   <entry section_id="589156056045" section_title="Preposizioni" section_index="1">
      <sentence vocab_in_use="True" grammar_in_use="True" grammar_point="Preposizioni" max_chunks="7">Sara va in pizzeria con gli amici.</sentence>
      <translations lang="en">
         <translation>Sara goes to the pizzeria with friends.</translation>
      </translations>
      <translations lang="ar">
         <translation>تذهب Sara إلى مطعم البيتزا مع الأصدقاء.</translation>
      </translations>
      <elements>
         <main_verb>va</main_verb>
         <main_verb_base>andare</main_verb_base>
         <keywords>
            <keyword>pizzeria</keyword>
            <keyword>con</keyword>
         </keywords>
      </elements>
   </entry>
   <entry section_id="589156056045" section_title="Preposizioni" section_index="1">
      <sentence vocab_in_use="True" grammar_in_use="True" grammar_point="Preposizioni" max_chunks="7">Andate a Firenze domani?</sentence>
      <translations lang="en">
         <translation>Do you go to Florence tomorrow?</translation>
      </translations>
      <translations lang="ar">
         <translation>هل ستذهبون إلى فلورنسا غدًا؟</translation>
      </translations>
      <elements>
         <keywords>
            <keyword>Firenze</keyword>
         </keywords>
      </elements>
   </entry>
   <entry section_id="589156056045" section_title="Preposizioni" section_index="1">
      <sentence vocab_in_use="True" grammar_in_use="True" grammar_point="Preposizioni">I ragazzi vanno a teatro sabato.</sentence>
      <translations lang="en">
         <translation>The boys go to the theatre on Saturday.</translation>
      </translations>
      <translations lang="ar">
         <translation>يذهب الأولاد إلى المسرح يوم السبت.</translation>
      </translations>
      <elements>
         <main_verb>vanno</main_verb>
         <main_verb_base>andare</main_verb_base>
         <keywords>
            <keyword>teatro</keyword>
         </keywords>
      </elements>
   </entry>
   <entry section_id="589156056045" section_title="Preposizioni" section_index="1">
      <sentence vocab_in_use="True" grammar_in_use="True" grammar_point="Preposizioni" max_chunks="7">Io e Sara andiamo al cinema stasera.</sentence>
      <translations lang="en">
         <translation>Sara and I go to the cinema tonight.</translation>
      </translations>
      <translations lang="ar">
         <translation>سنذهب أنا وSara إلى السينما الليلة.</translation>
      </translations>
      <elements>
         <main_verb>andiamo</main_verb>
         <main_verb_base>andare</main_verb_base>
         <keywords>
            <keyword>cinema</keyword>
         </keywords>
      </elements>
   </entry>
   <entry section_id="589156056045" section_title="Preposizioni" section_index="1">
      <sentence vocab_in_use="True" grammar_in_use="True" grammar_point="Preposizioni">Voi venite a scuola in autobus di solito?</sentence>
      <translations lang="en">
         <translation>Do you usually come to school by bus?</translation>
      </translations>
      <translations lang="ar">
         <translation>هل تأتون إلى المدرسة بالحافلة عادةً؟</translation>
      </translations>
      <elements>
         <main_verb>venite</main_verb>
         <main_verb_base>venire</main_verb_base>
         <keywords>
            <keyword>scuola</keyword>
            <keyword>autobus</keyword>
         </keywords>
      </elements>
   </entry>
   <entry section_id="589156056045" section_title="Preposizioni" section_index="1">
      <sentence vocab_in_use="True" grammar_in_use="True" grammar_point="Preposizioni">Anna e Maria vengono da Parigi.</sentence>
      <translations lang="en">
         <translation>Anna and Maria come from Paris.</translation>
      </translations>
      <translations lang="ar">
         <translation>جاءت Anna وMaria من أصول باريسيَّة.</translation>
      </translations>
      <elements>
         <main_verb>vengono</main_verb>
         <main_verb_base>venire</main_verb_base>
         <keywords>
            <keyword>Parigi</keyword>
         </keywords>
      </elements>
   </entry>
   <entry section_id="589156056045" section_title="Preposizioni" section_index="1">
      <sentence vocab_in_use="True" grammar_in_use="True" grammar_point="Preposizioni">Tu parti per la Spagna domenica?</sentence>
      <translations lang="en">
         <translation>Do you leave for Spain on Sunday?</translation>
      </translations>
      <translations lang="ar">
         <translation>هل ستُغادِر إلى إسبانيا يوم الأحد؟</translation>
      </translations>
      <elements>
         <main_verb>parti</main_verb>
         <main_verb_base>partire</main_verb_base>
         <keywords>
            <keyword>Spagna</keyword>
         </keywords>
      </elements>
   </entry>
   <entry section_id="589156056045" section_title="Preposizioni" section_index="1">
      <sentence vocab_in_use="True" grammar_in_use="True" grammar_point="Preposizioni">Noi partiamo per Firenze domani.</sentence>
      <translations lang="en">
         <translation>We leave for Florence tomorrow.</translation>
      </translations>
      <translations lang="ar">
         <translation>نحن سنُغادِر إلى فلورنسا غدًا.</translation>
      </translations>
      <elements>
         <main_verb>partiamo</main_verb>
         <main_verb_base>partire</main_verb_base>
         <keywords>
            <keyword>Firenze</keyword>
         </keywords>
      </elements>
   </entry>
   <entry section_id="589156056045" section_title="Preposizioni" section_index="1">
      <sentence vocab_in_use="True" grammar_in_use="True" grammar_point="Preposizioni">Andate a Milano in macchina?</sentence>
      <translations lang="en">
         <translation>Do you go to Milan by car?</translation>
      </translations>
      <translations lang="ar">
         <translation>هل تذهبون إلى ميلانو بالسيارة؟</translation>
      </translations>
      <elements>
         <keywords>
            <keyword>macchina</keyword>
            <keyword>Milano</keyword>
         </keywords>
      </elements>
   </entry>
   <entry section_id="589156056045" section_title="Preposizioni" section_index="1">
      <sentence vocab_in_use="True" grammar_in_use="True" grammar_point="Preposizioni">Gli studenti partono per gli Stati Uniti domani mattina.</sentence>
      <translations lang="en">
         <translation>Students leave for the United States tomorrow morning.</translation>
      </translations>
      <translations lang="ar">
         <translation>سيُغادِر الطلاب إلى الولايات المتحدة صباح الغد.</translation>
      </translations>
      <elements>
         <main_verb>partono</main_verb>
         <main_verb_base>partire</main_verb_base>
         <keywords>
            <keyword>mattina</keyword>
            <keyword>Stati Uniti</keyword>
         </keywords>
      </elements>
   </entry>
   <entry section_id="589156056045" section_title="Preposizioni" section_index="1">
      <sentence vocab_in_use="True" grammar_in_use="True" grammar_point="Preposizioni">Io vado a scuola a piedi.</sentence>
      <translations lang="en">
         <translation>I go to school on foot.</translation>
      </translations>
      <translations lang="ar">
         <translation>أنا أذهب إلى المدرسة سَيْرًا على الأقدام.</translation>
      </translations>
      <elements>
         <main_verb>vado</main_verb>
         <main_verb_base>andare</main_verb_base>
         <keywords>
            <keyword>scuola</keyword>
            <keyword>a piedi</keyword>
         </keywords>
      </elements>
   </entry>
   <entry section_id="589156056045" section_title="Preposizioni" section_index="1">
      <sentence vocab_in_use="True" grammar_in_use="True" grammar_point="Preposizioni">Vado a Milano in aereo.</sentence>
      <translations lang="en">
         <translation>I go to Milan by plane.</translation>
      </translations>
      <translations lang="ar">
         <translation>أنا أذهب إلى ميلانو بالطائرة.</translation>
      </translations>
      <elements>
         <keywords>
            <keyword>aereo</keyword>
            <keyword>Milano</keyword>
         </keywords>
      </elements>
   </entry>
   <entry section_id="589156056045" section_title="Preposizioni" section_index="1">
      <sentence vocab_in_use="True" grammar_in_use="True" grammar_point="Preposizioni">Io abito a Roma.</sentence>
      <translations lang="en">
         <translation>I live in Rome.</translation>
      </translations>
      <translations lang="ar">
         <translation>أنا أسكن في روما.</translation>
      </translations>
      <elements>
         <main_verb>abito</main_verb>
         <main_verb_base>abitare</main_verb_base>
         <keywords>
            <keyword>Roma</keyword>
         </keywords>
      </elements>
   </entry>
   <entry section_id="589156056045" section_title="Preposizioni" section_index="1">
      <sentence vocab_in_use="False" grammar_in_use="True" grammar_point="Preposizioni" max_chunks="7">Loro vengono da me a fare i compiti.</sentence>
      <translations lang="en">
         <translation>They come to my place to do the homework.</translation>
      </translations>
      <translations lang="ar">
         <translation>إنهم يأتون عندي لأداء الواجبات المدرسيَّة.</translation>
      </translations>
      <elements>
         <main_verb>vengono</main_verb>
         <main_verb_base>venire</main_verb_base>
      </elements>
   </entry>
   <entry section_id="589156056045" section_title="Preposizioni" section_index="1">
      <sentence vocab_in_use="True" grammar_in_use="True" grammar_point="Preposizioni">Lei abita in via Roma sedici.</sentence>
      <translations lang="en">
         <translation>She lives in 16 Roma road.</translation>
      </translations>
      <translations lang="ar">
         <translation>إنها تسكن في ستة عشر، طريق روما.</translation>
      </translations>
      <elements>
         <main_verb>abita</main_verb>
         <main_verb_base>abitare</main_verb_base>
         <keywords>
            <keyword>Roma</keyword>
         </keywords>
      </elements>
   </entry>
   <entry section_id="153102830412" section_title="Chiedere/dire l’ora" section_index="2">
      <sentence vocab_in_use="True" grammar_in_use="True" grammar_point="Chiedere/dire l’ora">È l’una e quaranta.</sentence>
      <translations lang="en">
         <translation>It is forty past one.</translation>
      </translations>
      <translations lang="ar">
         <translation>إنها الساعة الواحدة وأربعون دقيقة.</translation>
      </translations>
      <elements>
         <keywords>
            <keyword>quaranta</keyword>
         </keywords>
      </elements>
   </entry>
   <entry section_id="153102830412" section_title="Chiedere/dire l’ora" section_index="2">
      <sentence vocab_in_use="True" grammar_in_use="True" grammar_point="Chiedere/dire l’ora">Sono le undici e cinquanta.</sentence>
      <translations lang="en">
         <translation>It is fifty past eleven.</translation>
      </translations>
      <translations lang="ar">
         <translation>إنها الساعة الحادية عشرة وخمسون دقيقة.</translation>
      </translations>
      <elements>
         <keywords>
            <keyword>cinquanta</keyword>
         </keywords>
      </elements>
   </entry>
   <entry section_id="153102830412" section_title="Chiedere/dire l’ora" section_index="2">
      <sentence vocab_in_use="True" grammar_in_use="True" grammar_point="Chiedere/dire l’ora" max_chunks="7">Sono le nove e quarantacinque.</sentence>
      <translations lang="en">
         <translation>It if forty five past nine.</translation>
      </translations>
      <translations lang="ar">
         <translation>إنها الساعة التاسعة وخمس وأربعون دقيقة.</translation>
      </translations>
      <elements>
         <keywords>
            <keyword>quarantacinque</keyword>
         </keywords>
      </elements>
   </entry>
   <entry section_id="153102830412" section_title="Chiedere/dire l’ora" section_index="2">
      <sentence vocab_in_use="True" grammar_in_use="True" grammar_point="Chiedere/dire l’ora" max_chunks="7">È mezzogiorno e un quarto.</sentence>
      <translations lang="en">
         <translation>It is quarter past midday.</translation>
      </translations>
      <translations lang="ar">
         <translation>إنها الساعة الثانية عشرة والربع ظهرًا.</translation>
      </translations>
      <elements>
         <keywords>
            <keyword>mezzogiorno</keyword>
         </keywords>
      </elements>
   </entry>
   <entry section_id="153102830412" section_title="Chiedere/dire l’ora" section_index="2">
      <sentence vocab_in_use="True" grammar_in_use="True" grammar_point="Chiedere/dire l’ora">È mezzanotte e cinque.</sentence>
      <translations lang="en">
         <translation>It is five past midnight.</translation>
      </translations>
      <translations lang="ar">
         <translation>إنها الساعة الثانية عشرة وخمس دقائق بعد منتصف الليل.</translation>
      </translations>
      <elements>
         <keywords>
            <keyword>mezzanotte</keyword>
         </keywords>
      </elements>
   </entry>
   <entry section_id="589156056045" section_title="Preposizioni" section_index="1">
      <sentence vocab_in_use="True" grammar_in_use="True" grammar_point="Preposizioni" max_chunks="7">Io abito al primo piano.</sentence>
      <translations lang="en">
         <translation>I live on the first floor.</translation>
      </translations>
      <translations lang="ar">
         <translation>أنا أسكن في الطابق الأول.</translation>
      </translations>
      <elements>
         <main_verb>abito</main_verb>
         <main_verb_base>abitare</main_verb_base>
         <keywords>
            <keyword>piano</keyword>
            <keyword>primo</keyword>
         </keywords>
      </elements>
   </entry>
   <entry section_id="589156056045" section_title="Preposizioni" section_index="1">
      <sentence vocab_in_use="True" grammar_in_use="True" grammar_point="Preposizioni">Lei abita al terzo piano.</sentence>
      <translations lang="en">
         <translation>She lives on the third floor.</translation>
      </translations>
      <translations lang="ar">
         <translation>إنها تسكن في الطابق الثالث.</translation>
      </translations>
      <elements>
         <main_verb>abita</main_verb>
         <main_verb_base>abitare</main_verb_base>
         <keywords>
            <keyword>piano</keyword>
            <keyword>terzo</keyword>
         </keywords>
      </elements>
   </entry>
   <entry section_id="589156056045" section_title="Preposizioni" section_index="1">
      <sentence vocab_in_use="True" grammar_in_use="True" grammar_point="Preposizioni">Io abito a Milano, ma lavoro a Torino.</sentence>
      <translations lang="en">
         <translation>I live in Milan, but I work in Turin.</translation>
      </translations>
      <translations lang="ar">
         <translation>أنا أسكن في ميلانو، لكنَّني أعمل في تورينو.</translation>
      </translations>
      <elements>
         <main_verb>abito</main_verb>
         <main_verb_base>abitare</main_verb_base>
         <keywords>
            <keyword>Milano</keyword>
            <keyword>Torino</keyword>
         </keywords>
      </elements>
   </entry>
   <entry section_id="589156056045" section_title="Preposizioni" section_index="1">
      <sentence vocab_in_use="True" grammar_in_use="True" grammar_point="Preposizioni">Anna parte per la Germania domani.</sentence>
      <translations lang="en">
         <translation>Anna leaves for Germany tomorrow.</translation>
      </translations>
      <translations lang="ar">
         <translation>ستُغادِر Anna إلى ألمانيا غدًا.</translation>
      </translations>
      <elements>
         <main_verb>parte</main_verb>
         <main_verb_base>partire</main_verb_base>
         <keywords>
            <keyword>Germania</keyword>
         </keywords>
      </elements>
   </entry>
   <entry section_id="589156056045" section_title="Preposizioni" section_index="1">
      <sentence vocab_in_use="True" grammar_in_use="True" grammar_point="Preposizioni">Io ho una casa in Francia.</sentence>
      <translations lang="en">
         <translation>I have a house in France.</translation>
      </translations>
      <translations lang="ar">
         <translation>أنا أمتلك منزلًا في فرنسا.</translation>
      </translations>
      <elements>
         <main_verb>ho</main_verb>
         <main_verb_base>avere</main_verb_base>
         <keywords>
            <keyword>casa</keyword>
            <keyword>Francia</keyword>
         </keywords>
      </elements>
   </entry>
   <entry section_id="589156056045" section_title="Preposizioni" section_index="1">
      <sentence vocab_in_use="True" grammar_in_use="True" grammar_point="Preposizioni" max_chunks="7">Loro vanno a scuola a piedi, non prendono l’autobus.</sentence>
      <translations lang="en">
         <translation>They go to school on foot, they don’t take the bus.</translation>
      </translations>
      <translations lang="ar">
         <translation>إنهم يذهبون إلى المدرسة سَيْرًا على الأقدام، ولا يركبون الحافلة.</translation>
      </translations>
      <elements>
         <main_verb>vanno</main_verb>
         <main_verb_base>andare</main_verb_base>
         <keywords>
            <keyword>scuola</keyword>
            <keyword>a piedi</keyword>
            <keyword>autobus</keyword>
         </keywords>
      </elements>
   </entry>
   <entry section_id="589156056045" section_title="Preposizioni" section_index="1">
      <sentence vocab_in_use="True" grammar_in_use="True" grammar_point="Preposizioni">Sara ama ballare in discoteca.</sentence>
      <translations lang="en">
         <translation>Sara loves to dance in the club.</translation>
      </translations>
      <translations lang="ar">
         <translation>تحبُّ Sara الرقص في الملهى الليليِّ.</translation>
      </translations>
      <elements>
         <main_verb>ama</main_verb>
         <main_verb_base>amare</main_verb_base>
         <keywords>
            <keyword>discoteca</keyword>
            <keyword>ballare</keyword>
         </keywords>
      </elements>
   </entry>
   <entry section_id="589156056045" section_title="Preposizioni" section_index="1">
      <sentence vocab_in_use="True" grammar_in_use="True" grammar_point="Preposizioni" max_chunks="7">Io prendo il tram per arrivare in centro.</sentence>
      <translations lang="en">
         <translation>I take the tram to get to the city centre.</translation>
      </translations>
      <translations lang="ar">
         <translation>أنا أركب الترام للوصول إلى وسط المدينة.</translation>
      </translations>
      <elements>
         <main_verb>prendo</main_verb>
         <main_verb_base>prendere</main_verb_base>
         <keywords>
            <keyword>centro</keyword>
            <keyword>tram</keyword>
         </keywords>
      </elements>
   </entry>
   <entry section_id="589156056045" section_title="Preposizioni" section_index="1">
      <sentence vocab_in_use="True" grammar_in_use="True" grammar_point="Preposizioni" max_chunks="7">Io vado a Parigi da solo.</sentence>
      <translations lang="en">
         <translation>I go to Paris alone.</translation>
      </translations>
      <translations lang="ar">
         <translation>أنا أذهب إلى باريس بمُفرَدي.</translation>
      </translations>
      <elements>
         <main_verb>vado</main_verb>
         <main_verb_base>andare</main_verb_base>
         <keywords>
            <keyword>da solo</keyword>
            <keyword>Parigi</keyword>
         </keywords>
      </elements>
   </entry>
   <entry section_id="589156056045" section_title="Preposizioni" section_index="1">
      <sentence vocab_in_use="True" grammar_in_use="True" grammar_point="Preposizioni">Marco va a scuola in motorino.</sentence>
      <translations lang="en">
         <translation>Marco goes to school by scooter.</translation>
      </translations>
      <translations lang="ar">
         <translation>يذهب Marco إلى المدرسة بالدرَّاجة البخاريَّة.</translation>
      </translations>
      <elements>
         <main_verb>va</main_verb>
         <main_verb_base>andare</main_verb_base>
         <keywords>
            <keyword>scuola</keyword>
            <keyword>motorino</keyword>
         </keywords>
      </elements>
   </entry>
   <entry section_id="589156056045" section_title="Preposizioni" section_index="1">
      <sentence vocab_in_use="True" grammar_in_use="True" grammar_point="Preposizioni">Io preferisco andare a scuola in bicicletta.</sentence>
      <translations lang="en">
         <translation>I prefer to go to school by bicycle.</translation>
      </translations>
      <translations lang="ar">
         <translation>أنا أُفضِّل الذهاب إلى المدرسة بالدرَّاجة.</translation>
      </translations>
      <elements>
         <main_verb>preferisco</main_verb>
         <main_verb_base>preferire</main_verb_base>
         <keywords>
            <keyword>scuola</keyword>
            <keyword>bicicletta</keyword>
         </keywords>
      </elements>
   </entry>
   <entry section_id="589156056045" section_title="Preposizioni" section_index="1">
      <sentence vocab_in_use="True" grammar_in_use="True" grammar_point="Preposizioni">Dino preferisce tornare a casa a piedi.</sentence>
      <translations lang="en">
         <translation>Dino prefers to go home on foot.</translation>
      </translations>
      <translations lang="ar">
         <translation>يُفضِّل Dino العودة إلى المنزل سَيْرًا على الأقدام.</translation>
      </translations>
      <elements>
         <main_verb>preferisce</main_verb>
         <main_verb_base>preferire</main_verb_base>
         <keywords>
            <keyword>casa</keyword>
            <keyword>a piedi</keyword>
            <keyword>tornare</keyword>
         </keywords>
      </elements>
   </entry>
   <entry section_id="589156056045" section_title="Preposizioni" section_index="1">
      <sentence vocab_in_use="True" grammar_in_use="True" grammar_point="Preposizioni">Tu abiti al dodicesimo piano?</sentence>
      <translations lang="en">
         <translation>Do you live on the twelfth floor?</translation>
      </translations>
      <translations lang="ar">
         <translation>هل تسكن أنتَ في الطابق الثاني عشر؟</translation>
      </translations>
      <elements>
         <main_verb>abiti</main_verb>
         <main_verb_base>abitare</main_verb_base>
         <keywords>
            <keyword>piano</keyword>
            <keyword>dodicesimo</keyword>
         </keywords>
      </elements>
   </entry>
   <entry section_id="589156056045" section_title="Preposizioni" section_index="1">
      <sentence vocab_in_use="True" grammar_in_use="True" grammar_point="Preposizioni">Loro vanno a Parigi in vacanza.</sentence>
      <translations lang="en">
         <translation>They go to Paris on holiday.</translation>
      </translations>
      <translations lang="ar">
         <translation>إنهم يذهبون إلى باريس لقضاء إجازة.</translation>
      </translations>
      <elements>
         <main_verb>vanno</main_verb>
         <main_verb_base>andare</main_verb_base>
         <keywords>
            <keyword>vacanza</keyword>
            <keyword>Parigi</keyword>
         </keywords>
      </elements>
   </entry>
   <entry section_id="589156056045" section_title="Preposizioni" section_index="1">
      <sentence vocab_in_use="True" grammar_in_use="True" grammar_point="Preposizioni">Lei ama andare a teatro.</sentence>
      <translations lang="en">
         <translation>She loves to go to the theatre.</translation>
      </translations>
      <translations lang="ar">
         <translation>إنها تحبُّ الذهاب إلى المسرح.</translation>
      </translations>
      <elements>
         <main_verb>ama</main_verb>
         <main_verb_base>amare</main_verb_base>
         <keywords>
            <keyword>teatro</keyword>
         </keywords>
      </elements>
   </entry>
   <entry section_id="589156056045" section_title="Preposizioni" section_index="1">
      <sentence vocab_in_use="True" grammar_in_use="True" grammar_point="Preposizioni">Io prendo l’aereo per andare a Parigi.</sentence>
      <translations lang="en">
         <translation>I take the plane to go to Paris.</translation>
      </translations>
      <translations lang="ar">
         <translation>أنا أركب الطائرة للذهاب إلى باريس.</translation>
      </translations>
      <elements>
         <main_verb>prendo</main_verb>
         <main_verb_base>prendere</main_verb_base>
         <keywords>
            <keyword>aereo</keyword>
            <keyword>Parigi</keyword>
         </keywords>
      </elements>
   </entry>
   <entry section_id="589156056045" section_title="Preposizioni" section_index="1">
      <sentence vocab_in_use="True" grammar_in_use="True" grammar_point="Preposizioni">Noi andiamo a scuola a piedi di solito.</sentence>
      <translations lang="en">
         <translation>We usually go to school on foot.</translation>
      </translations>
      <translations lang="ar">
         <translation>نحن نذهب إلى المدرسة سَيْرًا على الأقدام عادةً.</translation>
      </translations>
      <elements>
         <main_verb>andiamo</main_verb>
         <main_verb_base>andare</main_verb_base>
         <keywords>
            <keyword>scuola</keyword>
            <keyword>a piedi</keyword>
         </keywords>
      </elements>
   </entry>
   <entry section_id="589156056045" section_title="Preposizioni" section_index="1">
      <sentence vocab_in_use="True" grammar_in_use="True" grammar_point="Preposizioni">Il professore viene a scuola in macchina.</sentence>
      <translations lang="en">
         <translation>The professor comes to school by car.</translation>
      </translations>
      <translations lang="ar">
         <translation>يأتي الأستاذ إلى المدرسة بالسيارة.</translation>
      </translations>
      <elements>
         <main_verb>viene</main_verb>
         <main_verb_base>venire</main_verb_base>
         <keywords>
            <keyword>scuola</keyword>
            <keyword>macchina</keyword>
         </keywords>
      </elements>
   </entry>
   <entry section_id="589156056045" section_title="Preposizioni" section_index="1">
      <sentence vocab_in_use="True" grammar_in_use="True" grammar_point="Preposizioni">Voi prendete i mezzi di trasporto per andare in centro?</sentence>
      <translations lang="en">
         <translation>Do you take the transports to go to the centre?</translation>
      </translations>
      <translations lang="ar">
         <translation>هل تستقلُّون وسائل المواصلات للذهاب إلى وسط المدينة؟</translation>
      </translations>
      <elements>
         <main_verb>prendete</main_verb>
         <main_verb_base>prendere</main_verb_base>
         <keywords>
            <keyword>centro</keyword>
            <keyword>mezzi di trasporto</keyword>
         </keywords>
      </elements>
   </entry>
   <entry section_id="589156056045" section_title="Preposizioni" section_index="1">
      <sentence vocab_in_use="True" grammar_in_use="True" grammar_point="Preposizioni">Voi invitate i compagni di classe al cinema?</sentence>
      <translations lang="en">
         <translation>Do you invite the classmates to the cinema?</translation>
      </translations>
      <translations lang="ar">
         <translation>هل تدعون زملاء الدراسة إلى السينما؟</translation>
      </translations>
      <elements>
         <main_verb>invitate</main_verb>
         <main_verb_base>invitare</main_verb_base>
         <keywords>
            <keyword>cinema</keyword>
         </keywords>
      </elements>
   </entry>
   <entry section_id="589156056045" section_title="Preposizioni" section_index="1">
      <sentence vocab_in_use="True" grammar_in_use="True" grammar_point="Preposizioni">Noi andiamo al ristorante domani sera.</sentence>
      <translations lang="en">
         <translation>We go to the restaurant tomorrow evening.</translation>
      </translations>
      <translations lang="ar">
         <translation>نحن سنذهب إلى المطعم مساء الغد.</translation>
      </translations>
      <elements>
         <main_verb>andiamo</main_verb>
         <main_verb_base>andare</main_verb_base>
         <keywords>
            <keyword>ristorante</keyword>
         </keywords>
      </elements>
   </entry>
   <entry section_id="608132042847" section_title="Verbi modali" section_index="3">
      <sentence vocab_in_use="True" grammar_in_use="True" grammar_point="Verbi modali">Mi dispiace, io non posso venire al mare oggi.</sentence>
      <translations lang="en">
         <translation>I’m sorry, I can’t come to the seaside today.</translation>
      </translations>
      <translations lang="ar">
         <translation>معذرةً، أنا لن أستطيع المجيء إلى البحر اليوم.</translation>
      </translations>
      <elements>
         <main_verb>posso</main_verb>
         <main_verb_base>potere</main_verb_base>
         <keywords>
            <keyword>mare</keyword>
         </keywords>
      </elements>
   </entry>
   <entry section_id="589156056045" section_title="Preposizioni" section_index="1">
      <sentence vocab_in_use="True" grammar_in_use="True" grammar_point="Preposizioni" max_chunks="7">Dino va in vacanza in Spagna.</sentence>
      <translations lang="en">
         <translation>Dino goes on vacation to Spain.</translation>
      </translations>
      <translations lang="ar">
         <translation>يذهب Dino لقضاء إجازة في إسبانيا.</translation>
      </translations>
      <elements>
         <main_verb>va</main_verb>
         <main_verb_base>andare</main_verb_base>
         <keywords>
            <keyword>vacanza</keyword>
            <keyword>Spagna</keyword>
         </keywords>
      </elements>
   </entry>
   <entry section_id="608132042847" section_title="Verbi modali" section_index="3">
      <sentence vocab_in_use="True" grammar_in_use="True" grammar_point="Verbi modali">Vuoi venire a Firenze?</sentence>
      <translations lang="en">
         <translation>Do you want to come to Florence?</translation>
      </translations>
      <translations lang="ar">
         <translation>هل تريدون المجيء إلى فلورنسا؟</translation>
      </translations>
      <elements>
         <main_verb>vuoi</main_verb>
         <main_verb_base>volere</main_verb_base>
         <keywords>
            <keyword>Firenze</keyword>
         </keywords>
      </elements>
   </entry>
   <entry section_id="608132042847" section_title="Verbi modali" section_index="3">
      <sentence vocab_in_use="False" grammar_in_use="True" grammar_point="Verbi modali">Noi vogliamo vedere il nuovo film.</sentence>
      <translations lang="en">
         <translation>We want to see the new movie.</translation>
      </translations>
      <translations lang="ar">
         <translation>نحن نريد أن نُشاهِد الفيلم الجديد.</translation>
      </translations>
      <elements>
         <main_verb>vogliamo</main_verb>
         <main_verb_base>volere</main_verb_base>
      </elements>
   </entry>
   <entry section_id="608132042847" section_title="Verbi modali" section_index="3">
      <sentence vocab_in_use="True" grammar_in_use="True" grammar_point="Verbi modali">Volete venire al cinema con me?</sentence>
      <translations lang="en">
         <translation>Do you want to come to the cinema with me?</translation>
      </translations>
      <translations lang="ar">
         <translation>هل تريدون المجيء إلى السينما معي؟</translation>
      </translations>
      <elements>
         <keywords>
            <keyword>cinema</keyword>
            <keyword>con</keyword>
         </keywords>
      </elements>
   </entry>
   <entry section_id="608132042847" section_title="Verbi modali" section_index="3">
      <sentence vocab_in_use="False" grammar_in_use="True" grammar_point="Verbi modali">Io non posso studiare domani.</sentence>
      <translations lang="en">
         <translation>I can’t study tomorrow.</translation>
      </translations>
      <translations lang="ar">
         <translation>أنا لن أستطيع الدراسة غدًا.</translation>
      </translations>
      <elements>
         <main_verb>posso</main_verb>
         <main_verb_base>potere</main_verb_base>
      </elements>
   </entry>
   <entry section_id="589156056045" section_title="Preposizioni" section_index="1">
      <sentence vocab_in_use="True" grammar_in_use="True" grammar_point="Preposizioni">Io studio spesso in biblioteca.</sentence>
      <translations lang="en">
         <translation>I often study in the library.</translation>
      </translations>
      <translations lang="ar">
         <translation>غالبًا ما أدرس في المكتبة.</translation>
      </translations>
      <elements>
         <main_verb>studio</main_verb>
         <main_verb_base>studiare</main_verb_base>
         <keywords>
            <keyword>studio</keyword>
            <keyword>biblioteca</keyword>
         </keywords>
      </elements>
   </entry>
   <entry section_id="589156056045" section_title="Preposizioni" section_index="1">
      <sentence vocab_in_use="True" grammar_in_use="True" grammar_point="Preposizioni">La mamma va in farmacia.</sentence>
      <translations lang="en">
         <translation>Mom goes to the pharmacy.</translation>
      </translations>
      <translations lang="ar">
         <translation>تذهب أمي إلى الصيدليَّة.</translation>
      </translations>
      <elements>
         <main_verb>va</main_verb>
         <main_verb_base>andare</main_verb_base>
         <keywords>
            <keyword>farmacia</keyword>
         </keywords>
      </elements>
   </entry>
   <entry section_id="589156056045" section_title="Preposizioni" section_index="1">
      <sentence vocab_in_use="True" grammar_in_use="True" grammar_point="Preposizioni">Le ragazze ballano in discoteca.</sentence>
      <translations lang="en">
         <translation>The girls dance in the club.</translation>
      </translations>
      <translations lang="ar">
         <translation>الفتيات يرقصنَ في الملهى الليليِّ.</translation>
      </translations>
      <elements>
         <main_verb>ballano</main_verb>
         <main_verb_base>ballare</main_verb_base>
         <keywords>
            <keyword>discoteca</keyword>
         </keywords>
      </elements>
   </entry>
</sentences>
