<?xml version="1.0" ?>
<sentences session_id="767165409723" grade="10" country="eg" l1="ar" l2="it" session_index="4" session_title="Di dove sei?" course_id="737193021901" term="2">
   <entry section_id="212159603904" section_title="Aggettivi in -e" section_index="1">
      <sentence vocab_in_use="True" grammar_in_use="True" grammar_point="Aggettivi in -e" max_chunks="7">Il libro è interessante.</sentence>
      <translations lang="en">
         <translation>The book is interesting.</translation>
      </translations>
      <translations lang="ar">
         <translation max_chunks="7">الكتاب مُشوِّق.</translation>
      </translations>
      <elements>
         <main_verb>è</main_verb>
         <main_verb_base>essere</main_verb_base>
         <keywords>
            <keyword>interessante</keyword>
         </keywords>
      </elements>
   </entry>
   <entry section_id="212159603904" section_title="Aggettivi in -e" section_index="1">
      <sentence vocab_in_use="True" grammar_in_use="True" grammar_point="Aggettivi in -e" max_chunks="7">La ragazza è gentile.</sentence>
      <translations lang="en">
         <translation>The girl is kind.</translation>
      </translations>
      <translations lang="ar">
         <translation max_chunks="7">الفتاة لطيفة.</translation>
      </translations>
      <elements>
         <main_verb>è</main_verb>
         <main_verb_base>essere</main_verb_base>
         <keywords>
            <keyword>gentile</keyword>
         </keywords>
      </elements>
   </entry>
   <entry section_id="212159603904" section_title="Aggettivi in -e" section_index="1">
      <sentence vocab_in_use="True" grammar_in_use="True" grammar_point="Aggettivi in -e">Lo studente è intelligente.</sentence>
      <translations lang="en">
         <translation>The student is intelligent.</translation>
      </translations>
      <translations lang="ar">
         <translation>الطالب ذكيٌّ.</translation>
      </translations>
      <elements>
         <main_verb>è</main_verb>
         <main_verb_base>essere</main_verb_base>
         <keywords>
            <keyword>intelligente</keyword>
         </keywords>
      </elements>
   </entry>
   <entry section_id="212159603904" section_title="Aggettivi in -e" section_index="1">
      <sentence vocab_in_use="True" grammar_in_use="True" grammar_point="Aggettivi in -e">L’esercizio è difficile.</sentence>
      <translations lang="en">
         <translation>The exercise is difficult.</translation>
      </translations>
      <translations lang="ar">
         <translation>التمرين صعب.</translation>
      </translations>
      <elements>
         <main_verb>è</main_verb>
         <main_verb_base>essere</main_verb_base>
         <keywords>
            <keyword>esercizio</keyword>
            <keyword>difficile</keyword>
         </keywords>
      </elements>
   </entry>
   <entry section_id="212159603904" section_title="Aggettivi in -e" section_index="1">
      <sentence vocab_in_use="True" grammar_in_use="True" grammar_point="Aggettivi in -e" max_chunks="7">Lo zio di Marco è gentile.</sentence>
      <translations lang="en">
         <translation>Marco’s uncle is kind.</translation>
      </translations>
      <translations lang="ar">
         <translation max_chunks="7">عمُّ Marco لطيف.</translation>
      </translations>
      <elements>
         <main_verb>è</main_verb>
         <main_verb_base>essere</main_verb_base>
         <keywords>
            <keyword>gentile</keyword>
         </keywords>
      </elements>
   </entry>
   <entry section_id="212159603904" section_title="Aggettivi in -e" section_index="1">
      <sentence vocab_in_use="True" grammar_in_use="True" grammar_point="Aggettivi in -e" max_chunks="7">La lezione di matematica è difficile.</sentence>
      <translations lang="en">
         <translation>The maths lesson is difficult.</translation>
      </translations>
      <translations lang="ar">
         <translation max_chunks="7">درس الرياضيات صعب.</translation>
      </translations>
      <elements>
         <main_verb>è</main_verb>
         <main_verb_base>essere</main_verb_base>
         <keywords>
            <keyword>difficile</keyword>
         </keywords>
      </elements>
   </entry>
   <entry section_id="212159603904" section_title="Aggettivi in -e" section_index="1">
      <sentence vocab_in_use="True" grammar_in_use="True" grammar_point="Aggettivi in -e">L’amico di Paolo è scortese.</sentence>
      <translations lang="en">
         <translation>Paolo’s friend is rude.</translation>
      </translations>
      <translations lang="ar">
         <translation>صديق Paolo غير مُهذَّب.</translation>
      </translations>
      <elements>
         <main_verb>è</main_verb>
         <main_verb_base>essere</main_verb_base>
         <keywords>
            <keyword>scortese</keyword>
         </keywords>
      </elements>
   </entry>
   <entry section_id="212159603904" section_title="Aggettivi in -e" section_index="1">
      <sentence vocab_in_use="True" grammar_in_use="True" grammar_point="Aggettivi in -e">L’esame è importante.</sentence>
      <translations lang="en">
         <translation>The exam is important.</translation>
      </translations>
      <translations lang="ar">
         <translation>الامتحان مُهِمٌّ.</translation>
      </translations>
      <elements>
         <main_verb>è</main_verb>
         <main_verb_base>essere</main_verb_base>
         <keywords>
            <keyword>esame</keyword>
            <keyword>importante</keyword>
         </keywords>
      </elements>
   </entry>
   <entry section_id="212159603904" section_title="Aggettivi in -e" section_index="1">
      <sentence vocab_in_use="True" grammar_in_use="True" grammar_point="Aggettivi in -e" max_chunks="7">Sara, perché sei triste?</sentence>
      <translations lang="en">
         <translation>Sara, why are you sad?</translation>
      </translations>
      <translations lang="ar">
         <translation max_chunks="7">Sara، لماذا أنتِ حزينة؟</translation>
      </translations>
      <elements>
         <main_verb>sei</main_verb>
         <main_verb_base>essere</main_verb_base>
         <keywords>
            <keyword>triste</keyword>
         </keywords>
      </elements>
   </entry>
   <entry section_id="212159603904" section_title="Aggettivi in -e" section_index="1">
      <sentence vocab_in_use="True" grammar_in_use="True" grammar_point="Aggettivi in -e">L’Italia è grande.</sentence>
      <translations lang="en">
         <translation>Italy is big.</translation>
      </translations>
      <translations lang="ar">
         <translation>إيطاليا بلد كبير.</translation>
      </translations>
      <elements>
         <main_verb>è</main_verb>
         <main_verb_base>essere</main_verb_base>
         <keywords>
            <keyword>grande</keyword>
         </keywords>
      </elements>
   </entry>
   <entry section_id="212159603904" section_title="Aggettivi in -e" section_index="1">
      <sentence vocab_in_use="True" grammar_in_use="True" grammar_point="Aggettivi in -e" max_chunks="7">Tu ascolti la musica inglese?</sentence>
      <translations lang="en">
         <translation>Do you listen to English music?</translation>
      </translations>
      <translations lang="ar">
         <translation max_chunks="7">هل تستمع إلى الموسيقى الإنجليزيَّة؟</translation>
      </translations>
      <elements>
         <main_verb>ascolti</main_verb>
         <main_verb_base>ascoltare</main_verb_base>
         <keywords>
            <keyword>inglese</keyword>
         </keywords>
      </elements>
   </entry>
   <entry section_id="212159603904" section_title="Aggettivi in -e" section_index="1">
      <sentence vocab_in_use="True" grammar_in_use="True" grammar_point="Aggettivi in -e">La macchina è verde.</sentence>
      <translations lang="en">
         <translation>The car is green.</translation>
      </translations>
      <translations lang="ar">
         <translation>السيارة خضراء.</translation>
      </translations>
      <elements>
         <main_verb>è</main_verb>
         <main_verb_base>essere</main_verb_base>
         <keywords>
            <keyword>verde</keyword>
         </keywords>
      </elements>
   </entry>
   <entry section_id="212159603904" section_title="Aggettivi in -e" section_index="1">
      <sentence vocab_in_use="True" grammar_in_use="True" grammar_point="Aggettivi in -e">Le aule sono grandi.</sentence>
      <translations lang="en">
         <translation>The classrooms are big.</translation>
      </translations>
      <translations lang="ar">
         <translation>قاعات الدروس كبيرة.</translation>
      </translations>
      <elements>
         <main_verb>sono</main_verb>
         <main_verb_base>essere</main_verb_base>
         <keywords>
            <keyword>grandi</keyword>
         </keywords>
      </elements>
   </entry>
   <entry section_id="212159603904" section_title="Aggettivi in -e" section_index="1">
      <sentence vocab_in_use="True" grammar_in_use="True" grammar_point="Aggettivi in -e">I ragazzi sono tristi.</sentence>
      <translations lang="en">
         <translation>The boys are sad.</translation>
      </translations>
      <translations lang="ar">
         <translation>الأولاد حزينون.</translation>
      </translations>
      <elements>
         <main_verb>sono</main_verb>
         <main_verb_base>essere</main_verb_base>
         <keywords>
            <keyword>tristi</keyword>
         </keywords>
      </elements>
   </entry>
   <entry section_id="212159603904" section_title="Aggettivi in -e" section_index="1">
      <sentence vocab_in_use="True" grammar_in_use="True" grammar_point="Aggettivi in -e">I professori sono giovani.</sentence>
      <translations lang="en">
         <translation>The professors are young.</translation>
      </translations>
      <translations lang="ar">
         <translation>المُعلِّمون شباب.</translation>
      </translations>
      <elements>
         <main_verb>sono</main_verb>
         <main_verb_base>essere</main_verb_base>
         <keywords>
            <keyword>giovani</keyword>
         </keywords>
      </elements>
   </entry>
   <entry section_id="212159603904" section_title="Aggettivi in -e" section_index="1">
      <sentence vocab_in_use="True" grammar_in_use="True" grammar_point="Aggettivi in -e" max_chunks="7">Le studentesse sono intelligenti.</sentence>
      <translations lang="en">
         <translation>The students (female) are intelligent.</translation>
      </translations>
      <translations lang="ar">
         <translation max_chunks="7">الطالبات ذكيَّات.</translation>
      </translations>
      <elements>
         <main_verb>sono</main_verb>
         <main_verb_base>essere</main_verb_base>
         <keywords>
            <keyword>intelligenti</keyword>
         </keywords>
      </elements>
   </entry>
   <entry section_id="212159603904" section_title="Aggettivi in -e" section_index="1">
      <sentence vocab_in_use="True" grammar_in_use="True" grammar_point="Aggettivi in -e">Anna ha gli occhi verdi.</sentence>
      <translations lang="en">
         <translation>Anna has green eyes.</translation>
      </translations>
      <translations lang="ar">
         <translation>لدى Anna عينان خضراوان.</translation>
      </translations>
      <elements>
         <main_verb>ha</main_verb>
         <main_verb_base>avere</main_verb_base>
         <keywords>
            <keyword>verdi</keyword>
            <keyword>occhi</keyword>
         </keywords>
      </elements>
   </entry>
   <entry section_id="212159603904" section_title="Aggettivi in -e" section_index="1">
      <sentence vocab_in_use="True" grammar_in_use="True" grammar_point="Aggettivi in -e">Il libro di italiano è difficile.</sentence>
      <translations lang="en">
         <translation>The Italian book is difficult.</translation>
      </translations>
      <translations lang="ar">
         <translation>كتاب اللغة الإيطاليَّة صعب.</translation>
      </translations>
      <elements>
         <main_verb>è</main_verb>
         <main_verb_base>essere</main_verb_base>
         <keywords>
            <keyword>difficile</keyword>
         </keywords>
      </elements>
   </entry>
   <entry section_id="212159603904" section_title="Aggettivi in -e" section_index="1">
      <sentence vocab_in_use="True" grammar_in_use="True" grammar_point="Aggettivi in -e">Le amiche di Anna sono gentili.</sentence>
      <translations lang="en">
         <translation>Anna’s friends (female) are kind.</translation>
      </translations>
      <translations lang="ar">
         <translation>صديقات Anna لطيفات.</translation>
      </translations>
      <elements>
         <main_verb>sono</main_verb>
         <main_verb_base>essere</main_verb_base>
         <keywords>
            <keyword>gentili</keyword>
         </keywords>
      </elements>
   </entry>
   <entry section_id="212159603904" section_title="Aggettivi in -e" section_index="1">
      <sentence vocab_in_use="True" grammar_in_use="True" grammar_point="Aggettivi in -e">Le case sono grandi.</sentence>
      <translations lang="en">
         <translation>The houses are big.</translation>
      </translations>
      <translations lang="ar">
         <translation>المنازل كبيرة.</translation>
      </translations>
      <elements>
         <main_verb>sono</main_verb>
         <main_verb_base>essere</main_verb_base>
         <keywords>
            <keyword>grandi</keyword>
         </keywords>
      </elements>
   </entry>
   <entry section_id="212159603904" section_title="Aggettivi in -e" section_index="1">
      <sentence vocab_in_use="True" grammar_in_use="True" grammar_point="Aggettivi in -e">Gli studenti nuovi sono inglesi.</sentence>
      <translations lang="en">
         <translation>The new students are English.</translation>
      </translations>
      <translations lang="ar">
         <translation>الطلاب الجدد إنجليزيُّون.</translation>
      </translations>
      <elements>
         <main_verb>sono</main_verb>
         <main_verb_base>essere</main_verb_base>
         <keywords>
            <keyword>inglesi</keyword>
         </keywords>
      </elements>
   </entry>
   <entry section_id="212159603904" section_title="Aggettivi in -e" section_index="1">
      <sentence vocab_in_use="True" grammar_in_use="True" grammar_point="Aggettivi in -e">Paolo e Marco sono due ragazzi giovani.</sentence>
      <translations lang="en">
         <translation>Paolo and Marco are two young boys.</translation>
      </translations>
      <translations lang="ar">
         <translation>Paolo وMarco ولدان صغيران.</translation>
      </translations>
      <elements>
         <main_verb>sono</main_verb>
         <main_verb_base>essere</main_verb_base>
         <keywords>
            <keyword>giovani</keyword>
         </keywords>
      </elements>
   </entry>
   <entry section_id="212159603904" section_title="Aggettivi in -e" section_index="1">
      <sentence vocab_in_use="True" grammar_in_use="True" grammar_point="Aggettivi in -e">Maria ha la borsa verde.</sentence>
      <translations lang="en">
         <translation>Maria has a green bag.</translation>
      </translations>
      <translations lang="ar">
         <translation>Maria تمتلك حقيبة خضراء.</translation>
      </translations>
      <elements>
         <main_verb>ha</main_verb>
         <main_verb_base>avere</main_verb_base>
         <keywords>
            <keyword>verde</keyword>
         </keywords>
      </elements>
   </entry>
   <entry section_id="212159603904" section_title="Aggettivi in -e" section_index="1">
      <sentence vocab_in_use="True" grammar_in_use="True" grammar_point="Aggettivi in -e">Il professore di geografia è giovane.</sentence>
      <translations lang="en">
         <translation>The geography professor is young.</translation>
      </translations>
      <translations lang="ar">
         <translation>مُعلِّم الجغرافيا شابٌّ.</translation>
      </translations>
      <elements>
         <main_verb>è</main_verb>
         <main_verb_base>essere</main_verb_base>
         <keywords>
            <keyword>giovane</keyword>
         </keywords>
      </elements>
   </entry>
   <entry section_id="212159603904" section_title="Aggettivi in -e" section_index="1">
      <sentence vocab_in_use="True" grammar_in_use="True" grammar_point="Aggettivi in -e">L’amica di Anna è triste.</sentence>
      <translations lang="en">
         <translation>Anna’s friend is sad.</translation>
      </translations>
      <translations lang="ar">
         <translation>صديقة Anna حزينة.</translation>
      </translations>
      <elements>
         <main_verb>è</main_verb>
         <main_verb_base>essere</main_verb_base>
         <keywords>
            <keyword>triste</keyword>
         </keywords>
      </elements>
   </entry>
   <entry section_id="212159603904" section_title="Aggettivi in -e" section_index="1">
      <sentence vocab_in_use="True" grammar_in_use="True" grammar_point="Aggettivi in -e">Chiara è una ragazza bella e gentile.</sentence>
      <translations lang="en">
         <translation>Chiara is a beautiful and kind girl.</translation>
      </translations>
      <translations lang="ar">
         <translation>Chiara فتاة جميلة ولطيفة.</translation>
      </translations>
      <elements>
         <main_verb>è</main_verb>
         <main_verb_base>essere</main_verb_base>
         <keywords>
            <keyword>bella</keyword>
            <keyword>gentile</keyword>
         </keywords>
      </elements>
   </entry>
   <entry section_id="212159603904" section_title="Aggettivi in -e" section_index="1">
      <sentence vocab_in_use="True" grammar_in_use="True" grammar_point="Aggettivi in -e">La casa è bella e grande.</sentence>
      <translations lang="en">
         <translation>The house is beautiful and big.</translation>
      </translations>
      <translations lang="ar">
         <translation>المنزل جميل وكبير.</translation>
      </translations>
      <elements>
         <main_verb>è</main_verb>
         <main_verb_base>essere</main_verb_base>
         <keywords>
            <keyword>bella</keyword>
            <keyword>grande</keyword>
         </keywords>
      </elements>
   </entry>
   <entry section_id="212159603904" section_title="Aggettivi in -e" section_index="1">
      <sentence vocab_in_use="True" grammar_in_use="True" grammar_point="Aggettivi in -e">L’esercizio di matematica è difficile.</sentence>
      <translations lang="en">
         <translation>The maths exercise is difficult.</translation>
      </translations>
      <translations lang="ar">
         <translation>تمرين الرياضيات صعب.</translation>
      </translations>
      <elements>
         <main_verb>è</main_verb>
         <main_verb_base>essere</main_verb_base>
         <keywords>
            <keyword>esercizio</keyword>
            <keyword>difficile</keyword>
         </keywords>
      </elements>
   </entry>
   <entry section_id="212159603904" section_title="Aggettivi in -e" section_index="1">
      <sentence vocab_in_use="True" grammar_in_use="True" grammar_point="Aggettivi in -e">Il professore di italiano è giovane e simpatico.</sentence>
      <translations lang="en">
         <translation>The Italian professor is young and nice.</translation>
      </translations>
      <translations lang="ar">
         <translation>أستاذ اللغة الإيطاليَّة شابٌّ ولطيف.</translation>
      </translations>
      <elements>
         <main_verb>è</main_verb>
         <main_verb_base>essere</main_verb_base>
         <keywords>
            <keyword>giovane</keyword>
         </keywords>
      </elements>
   </entry>
   <entry section_id="212159603904" section_title="Aggettivi in -e" section_index="1">
      <sentence vocab_in_use="True" grammar_in_use="True" grammar_point="Aggettivi in -e">La lezione di storia è interessante.</sentence>
      <translations lang="en">
         <translation>The history lesson is interesting.</translation>
      </translations>
      <translations lang="ar">
         <translation>درس التاريخ مُشوِّق.</translation>
      </translations>
      <elements>
         <main_verb>è</main_verb>
         <main_verb_base>essere</main_verb_base>
         <keywords>
            <keyword>interessante</keyword>
         </keywords>
      </elements>
   </entry>
   <entry section_id="212159603904" section_title="Aggettivi in -e" section_index="1">
      <sentence vocab_in_use="True" grammar_in_use="True" grammar_point="Aggettivi in -e">Lui è uno studente bravo e gentile.</sentence>
      <translations lang="en">
         <translation>He is a good and kind student.</translation>
      </translations>
      <translations lang="ar">
         <translation>هو طالب جيِّد ولطيف.</translation>
      </translations>
      <elements>
         <main_verb>è</main_verb>
         <main_verb_base>essere</main_verb_base>
         <keywords>
            <keyword>gentile</keyword>
         </keywords>
      </elements>
   </entry>
   <entry section_id="212159603904" section_title="Aggettivi in -e" section_index="1">
      <sentence vocab_in_use="True" grammar_in_use="True" grammar_point="Aggettivi in -e">Gli occhi di Paolo sono azzurri o verdi?</sentence>
      <translations lang="en">
         <translation>Are Paolo’s eyes blue or green?</translation>
      </translations>
      <translations lang="ar">
         <translation>هل عينَا Paolo زرقاوان أم خضراوان؟</translation>
      </translations>
      <elements>
         <main_verb>sono</main_verb>
         <main_verb_base>essere</main_verb_base>
         <keywords>
            <keyword>azzurri</keyword>
            <keyword>verdi</keyword>
            <keyword>occhi</keyword>
         </keywords>
      </elements>
   </entry>
   <entry section_id="212159603904" section_title="Aggettivi in -e" section_index="1">
      <sentence vocab_in_use="True" grammar_in_use="True" grammar_point="Aggettivi in -e">Ragazzi, voi siete molto gentili.</sentence>
      <translations lang="en">
         <translation>Guys, you are very kind.</translation>
      </translations>
      <translations lang="ar">
         <translation>يا رفاق، أنتم لطيفون جدًّا.</translation>
      </translations>
      <elements>
         <main_verb>siete</main_verb>
         <main_verb_base>essere</main_verb_base>
         <keywords>
            <keyword>gentili</keyword>
         </keywords>
      </elements>
   </entry>
   <entry section_id="212159603904" section_title="Aggettivi in -e" section_index="1">
      <sentence vocab_in_use="True" grammar_in_use="True" grammar_point="Aggettivi in -e">Marco ha il naso grande.</sentence>
      <translations lang="en">
         <translation>Marco has a big nose.</translation>
      </translations>
      <translations lang="ar">
         <translation>لدى Marco أنف كبير.</translation>
      </translations>
      <elements>
         <main_verb>ha</main_verb>
         <main_verb_base>avere</main_verb_base>
         <keywords>
            <keyword>grande</keyword>
            <keyword>naso</keyword>
         </keywords>
      </elements>
   </entry>
   <entry section_id="212159603904" section_title="Aggettivi in -e" section_index="1">
      <sentence vocab_in_use="True" grammar_in_use="True" grammar_point="Aggettivi in -e">Io ho la bocca grande.</sentence>
      <translations lang="en">
         <translation>I have a big mouth.</translation>
      </translations>
      <translations lang="ar">
         <translation>أنا لديَّ فم كبير.</translation>
      </translations>
      <elements>
         <main_verb>ho</main_verb>
         <main_verb_base>avere</main_verb_base>
         <keywords>
            <keyword>grande</keyword>
            <keyword>bocca</keyword>
         </keywords>
      </elements>
   </entry>
   <entry section_id="212159603904" section_title="Aggettivi in -e" section_index="1">
      <sentence vocab_in_use="True" grammar_in_use="True" grammar_point="Aggettivi in -e">Tu hai gli occhi grandi.</sentence>
      <translations lang="en">
         <translation>You have big eyes.</translation>
      </translations>
      <translations lang="ar">
         <translation>أنت لديك عينان كبيرتان.</translation>
      </translations>
      <elements>
         <main_verb>hai</main_verb>
         <main_verb_base>avere</main_verb_base>
         <keywords>
            <keyword>grandi</keyword>
            <keyword>occhi</keyword>
         </keywords>
      </elements>
   </entry>
   <entry section_id="212159603904" section_title="Aggettivi in -e" section_index="1">
      <sentence vocab_in_use="True" grammar_in_use="True" grammar_point="Aggettivi in -e">L’esame è facile o difficile?</sentence>
      <translations lang="en">
         <translation>Is the exam easy or difficult?</translation>
      </translations>
      <translations lang="ar">
         <translation>هل الامتحان سهل أم صعب؟</translation>
      </translations>
      <elements>
         <main_verb>è</main_verb>
         <main_verb_base>essere</main_verb_base>
         <keywords>
            <keyword>esame</keyword>
            <keyword>facile</keyword>
            <keyword>difficile</keyword>
         </keywords>
      </elements>
   </entry>
   <entry section_id="212159603904" section_title="Aggettivi in -e" section_index="1">
      <sentence vocab_in_use="True" grammar_in_use="True" grammar_point="Aggettivi in -e">Gli studenti stranieri sono intelligenti.</sentence>
      <translations lang="en">
         <translation>The foreign students are intelligent.</translation>
      </translations>
      <translations lang="ar">
         <translation>الطلاب الأجانب أذكياء.</translation>
      </translations>
      <elements>
         <main_verb>sono</main_verb>
         <main_verb_base>essere</main_verb_base>
         <keywords>
            <keyword>intelligenti</keyword>
         </keywords>
      </elements>
   </entry>
   <entry section_id="212159603904" section_title="Aggettivi in -e" section_index="1">
      <sentence vocab_in_use="True" grammar_in_use="True" grammar_point="Aggettivi in -e">Anna è una ragazza inglese.</sentence>
      <translations lang="en">
         <translation>Anna is an English girl.</translation>
      </translations>
      <translations lang="ar">
         <translation>Anna فتاة إنجليزيَّة.</translation>
      </translations>
      <elements>
         <main_verb>è</main_verb>
         <main_verb_base>essere</main_verb_base>
         <keywords>
            <keyword>inglese</keyword>
         </keywords>
      </elements>
   </entry>
   <entry section_id="212159603904" section_title="Aggettivi in -e" section_index="1">
      <sentence vocab_in_use="True" grammar_in_use="True" grammar_point="Aggettivi in -e">La studentessa inglese si chiama Maria.</sentence>
      <translations lang="en">
         <translation>The English student’s name is Maria.</translation>
      </translations>
      <translations lang="ar">
         <translation>الطالبة الإنجليزيَّة اسمها Maria.</translation>
      </translations>
      <elements>
         <reflex_pron>si</reflex_pron>
         <reflex_pron_base>Riflessivo</reflex_pron_base>
         <main_verb>chiama</main_verb>
         <main_verb_base>chiamarsi</main_verb_base>
         <keywords>
            <keyword>inglese</keyword>
         </keywords>
      </elements>
   </entry>
   <entry section_id="212159603904" section_title="Aggettivi in -e" section_index="1">
      <sentence vocab_in_use="True" grammar_in_use="True" grammar_point="Aggettivi in -e">Marco ha i capelli neri e gli occhi verdi.</sentence>
      <translations lang="en">
         <translation>Marco has black hair and green eyes.</translation>
      </translations>
      <translations lang="ar">
         <translation>لدى Marco شعر أسود وعينان خضراوان.</translation>
      </translations>
      <elements>
         <main_verb>ha</main_verb>
         <main_verb_base>avere</main_verb_base>
         <keywords>
            <keyword>neri</keyword>
            <keyword>verdi</keyword>
            <keyword>capelli</keyword>
            <keyword>occhi</keyword>
         </keywords>
      </elements>
   </entry>
   <entry section_id="212159603904" section_title="Aggettivi in -e" section_index="1">
      <sentence vocab_in_use="True" grammar_in_use="True" grammar_point="Aggettivi in -e">Io ho un cappello arancione.</sentence>
      <translations lang="en">
         <translation>I have an orange hat.</translation>
      </translations>
      <translations lang="ar">
         <translation>أنا لديَّ قبَّعة برتقاليَّة.</translation>
      </translations>
      <elements>
         <main_verb>ho</main_verb>
         <main_verb_base>avere</main_verb_base>
         <keywords>
            <keyword>arancione</keyword>
         </keywords>
      </elements>
   </entry>
   <entry section_id="212159603904" section_title="Aggettivi in -e" section_index="1">
      <sentence vocab_in_use="True" grammar_in_use="True" grammar_point="Aggettivi in -e">L’esercizio di matematica non è facile.</sentence>
      <translations lang="en">
         <translation>The maths exercise is not easy.</translation>
      </translations>
      <translations lang="ar">
         <translation>تمرين الرياضيات ليس سهلًا.</translation>
      </translations>
      <elements>
         <main_verb>è</main_verb>
         <main_verb_base>essere</main_verb_base>
         <keywords>
            <keyword>esercizio</keyword>
            <keyword>facile</keyword>
         </keywords>
      </elements>
   </entry>
   <entry section_id="212159603904" section_title="Aggettivi in -e" section_index="1">
      <sentence vocab_in_use="True" grammar_in_use="True" grammar_point="Aggettivi in -e">Io ho una borsa arancione.</sentence>
      <translations lang="en">
         <translation>I have an orange bag.</translation>
      </translations>
      <translations lang="ar">
         <translation>أنا لديَّ حقيبة برتقاليَّة.</translation>
      </translations>
      <elements>
         <main_verb>ho</main_verb>
         <main_verb_base>avere</main_verb_base>
         <keywords>
            <keyword>arancione</keyword>
         </keywords>
      </elements>
   </entry>
   <entry section_id="212159603904" section_title="Aggettivi in -e" section_index="1">
      <sentence vocab_in_use="True" grammar_in_use="True" grammar_point="Aggettivi in -e">Luca ha i capelli arancioni.</sentence>
      <translations lang="en">
         <translation>Luca has orange hair.</translation>
      </translations>
      <translations lang="ar">
         <translation>لدى Luca شعر برتقاليٌّ.</translation>
      </translations>
      <elements>
         <main_verb>ha</main_verb>
         <main_verb_base>avere</main_verb_base>
         <keywords>
            <keyword>arancioni</keyword>
            <keyword>capelli</keyword>
         </keywords>
      </elements>
   </entry>
   <entry section_id="212159603904" section_title="Aggettivi in -e" section_index="1">
      <sentence vocab_in_use="True" grammar_in_use="True" grammar_point="Aggettivi in -e">Dino ha una testa grande.</sentence>
      <translations lang="en">
         <translation>Dino has a big head.</translation>
      </translations>
      <translations lang="ar">
         <translation>لدى Dino رأس كبير.</translation>
      </translations>
      <elements>
         <main_verb>ha</main_verb>
         <main_verb_base>avere</main_verb_base>
         <keywords>
            <keyword>grande</keyword>
            <keyword>testa</keyword>
         </keywords>
      </elements>
   </entry>
   <entry section_id="212159603904" section_title="Aggettivi in -e" section_index="1">
      <sentence vocab_in_use="True" grammar_in_use="True" grammar_point="Aggettivi in -e">Mario ha i piedi grandi.</sentence>
      <translations lang="en">
         <translation>Mario has big feet.</translation>
      </translations>
      <translations lang="ar">
         <translation>لدى Mario قدمان كبيرتان.</translation>
      </translations>
      <elements>
         <main_verb>ha</main_verb>
         <main_verb_base>avere</main_verb_base>
         <keywords>
            <keyword>grandi</keyword>
            <keyword>piedi</keyword>
         </keywords>
      </elements>
   </entry>
   <entry section_id="212159603904" section_title="Aggettivi in -e" section_index="1">
      <sentence vocab_in_use="True" grammar_in_use="True" grammar_point="Aggettivi in -e">Tu hai le dita lunghe e le mani grandi.</sentence>
      <translations lang="en">
         <translation>You have long fingers and big hands.</translation>
      </translations>
      <translations lang="ar">
         <translation>أنت لديك أصابع طويلة ويدان كبيرتان.</translation>
      </translations>
      <elements>
         <main_verb>hai</main_verb>
         <main_verb_base>avere</main_verb_base>
         <keywords>
            <keyword>grandi</keyword>
            <keyword>lunghe</keyword>
            <keyword>dita</keyword>
            <keyword>mani</keyword>
         </keywords>
      </elements>
   </entry>
   <entry section_id="212159603904" section_title="Aggettivi in -e" section_index="1">
      <sentence vocab_in_use="True" grammar_in_use="True" grammar_point="Aggettivi in -e">Le ragazze sono brune e hanno gli occhi verdi.</sentence>
      <translations lang="en">
         <translation>The girls are brunette and they have green eyes.</translation>
      </translations>
      <translations lang="ar">
         <translation>الفتيات شعرهنَّ بنِّيٌّ وعيونهنَّ خضراء.</translation>
      </translations>
      <elements>
         <main_verb>sono</main_verb>
         <main_verb_base>essere</main_verb_base>
         <keywords>
            <keyword>brune</keyword>
            <keyword>verdi</keyword>
            <keyword>occhi</keyword>
         </keywords>
      </elements>
   </entry>
   <entry section_id="519103959027" section_title="Verbi in -ire che prendono -isc" section_index="2">
      <sentence vocab_in_use="False" grammar_in_use="True" grammar_point="Verbi in -ire che prendono -isc" max_chunks="7">Io pulisco casa di solito.</sentence>
      <translations lang="en">
         <translation>I usually clean the house.</translation>
      </translations>
      <translations lang="ar">
         <translation max_chunks="7">أنا أُنظِّف المنزل عادةً.</translation>
      </translations>
      <elements>
         <main_verb>pulisco</main_verb>
         <main_verb_base>pulire</main_verb_base>
      </elements>
   </entry>
   <entry section_id="519103959027" section_title="Verbi in -ire che prendono -isc" section_index="2">
      <sentence vocab_in_use="False" grammar_in_use="True" grammar_point="Verbi in -ire che prendono -isc">Tu preferisci la pizza o la pasta?</sentence>
      <translations lang="en">
         <translation>Do you prefer pizza or pasta?</translation>
      </translations>
      <translations lang="ar">
         <translation>هل تُفضِّل أنتَ البيتزا أم المعكرونة؟</translation>
      </translations>
      <elements>
         <main_verb>preferisci</main_verb>
         <main_verb_base>preferire</main_verb_base>
      </elements>
   </entry>
   <entry section_id="519103959027" section_title="Verbi in -ire che prendono -isc" section_index="2">
      <sentence vocab_in_use="False" grammar_in_use="True" grammar_point="Verbi in -ire che prendono -isc" max_chunks="7">Lei capisce l’italiano molto bene.</sentence>
      <translations lang="en">
         <translation>She understands Italian very well.</translation>
      </translations>
      <translations lang="ar">
         <translation>هي تفهم الإيطاليَّة فهمًا جيِّدًا جدًّا.</translation>
      </translations>
      <elements>
         <main_verb>capisce</main_verb>
         <main_verb_base>capire</main_verb_base>
      </elements>
   </entry>
   <entry section_id="519103959027" section_title="Verbi in -ire che prendono -isc" section_index="2">
      <sentence vocab_in_use="False" grammar_in_use="True" grammar_point="Verbi in -ire che prendono -isc">Lui spedisce un regalo a Luigi.</sentence>
      <translations lang="en">
         <translation>He sends a gift to Luigi.</translation>
      </translations>
      <translations lang="ar">
         <translation>هو يُرسِل هديَّة إلى Luigi.</translation>
      </translations>
      <elements>
         <main_verb>spedisce</main_verb>
         <main_verb_base>spedire</main_verb_base>
      </elements>
   </entry>
   <entry section_id="519103959027" section_title="Verbi in -ire che prendono -isc" section_index="2">
      <sentence vocab_in_use="False" grammar_in_use="True" grammar_point="Verbi in -ire che prendono -isc" max_chunks="7">Noi finiamo di lavorare adesso.</sentence>
      <translations lang="en">
         <translation>We finish working now.</translation>
      </translations>
      <translations lang="ar">
         <translation max_chunks="7">نحن ننتهي من العمل الآن.</translation>
      </translations>
      <elements>
         <main_verb>finiamo</main_verb>
         <main_verb_base>finire</main_verb_base>
      </elements>
   </entry>
   <entry section_id="519103959027" section_title="Verbi in -ire che prendono -isc" section_index="2">
      <sentence vocab_in_use="False" grammar_in_use="True" grammar_point="Verbi in -ire che prendono -isc" max_chunks="7">Voi capite la lezione di matematica?</sentence>
      <translations lang="en">
         <translation>Do you understand the maths lesson?</translation>
      </translations>
      <translations lang="ar">
         <translation max_chunks="7">هل تفهمون درس الرياضيات؟</translation>
      </translations>
      <elements>
         <main_verb>capite</main_verb>
         <main_verb_base>capire</main_verb_base>
      </elements>
   </entry>
   <entry section_id="519103959027" section_title="Verbi in -ire che prendono -isc" section_index="2">
      <sentence vocab_in_use="False" grammar_in_use="True" grammar_point="Verbi in -ire che prendono -isc" max_chunks="7">Loro preferiscono giocare a calcio.</sentence>
      <translations lang="en">
         <translation>They prefer to play football.</translation>
      </translations>
      <translations lang="ar">
         <translation max_chunks="7">هُمْ يُفضِّلون لعب كرة القدم.</translation>
      </translations>
      <elements>
         <main_verb>preferiscono</main_verb>
         <main_verb_base>preferire</main_verb_base>
      </elements>
   </entry>
   <entry section_id="519103959027" section_title="Verbi in -ire che prendono -isc" section_index="2">
      <sentence vocab_in_use="True" grammar_in_use="True" grammar_point="Verbi in -ire che prendono -isc">La lezione di inglese finisce adesso.</sentence>
      <translations lang="en">
         <translation>The English lesson ends now.</translation>
      </translations>
      <translations lang="ar">
         <translation>درس اللغة الإنجليزيَّة ينتهي الآن.</translation>
      </translations>
      <elements>
         <main_verb>finisce</main_verb>
         <main_verb_base>finire</main_verb_base>
         <keywords>
            <keyword>inglese</keyword>
         </keywords>
      </elements>
   </entry>
   <entry section_id="519103959027" section_title="Verbi in -ire che prendono -isc" section_index="2">
      <sentence vocab_in_use="False" grammar_in_use="True" grammar_point="Verbi in -ire che prendono -isc">Io spedisco un’email a Marco.</sentence>
      <translations lang="en">
         <translation>I send an email to Marco.</translation>
      </translations>
      <translations lang="ar">
         <translation>أنا أُرسِل رسالة بريد إلكترونيٍّ إلى Marco.</translation>
      </translations>
      <elements>
         <main_verb>spedisco</main_verb>
         <main_verb_base>spedire</main_verb_base>
      </elements>
   </entry>
   <entry section_id="519103959027" section_title="Verbi in -ire che prendono -isc" section_index="2">
      <sentence vocab_in_use="True" grammar_in_use="True" grammar_point="Verbi in -ire che prendono -isc">Gli studenti capiscono l’inglese.</sentence>
      <translations lang="en">
         <translation>The students understand English.</translation>
      </translations>
      <translations lang="ar">
         <translation>الطلاب يفهمون اللغة الإنجليزيَّة.</translation>
      </translations>
      <elements>
         <main_verb>capiscono</main_verb>
         <main_verb_base>capire</main_verb_base>
         <keywords>
            <keyword>inglese</keyword>
         </keywords>
      </elements>
   </entry>
   <entry section_id="519103959027" section_title="Verbi in -ire che prendono -isc" section_index="2">
      <sentence vocab_in_use="False" grammar_in_use="True" grammar_point="Verbi in -ire che prendono -isc">Mario costruisce case.</sentence>
      <translations lang="en">
         <translation>Mario builds houses.</translation>
      </translations>
      <translations lang="ar">
         <translation>Mario يبني منازل.</translation>
      </translations>
      <elements>
         <main_verb>costruisce</main_verb>
         <main_verb_base>costruire</main_verb_base>
      </elements>
   </entry>
   <entry section_id="519103959027" section_title="Verbi in -ire che prendono -isc" section_index="2">
      <sentence vocab_in_use="False" grammar_in_use="True" grammar_point="Verbi in -ire che prendono -isc">Gli studenti puliscono l’aula.</sentence>
      <translations lang="en">
         <translation>Students clean the classroom.</translation>
      </translations>
      <translations lang="ar">
         <translation>الطلاب يُنظِّفون الفصل.</translation>
      </translations>
      <elements>
         <main_verb>puliscono</main_verb>
         <main_verb_base>pulire</main_verb_base>
      </elements>
   </entry>
   <entry section_id="519103959027" section_title="Verbi in -ire che prendono -isc" section_index="2">
      <sentence vocab_in_use="False" grammar_in_use="True" grammar_point="Verbi in -ire che prendono -isc">Heba, tu capisci l’italiano?</sentence>
      <translations lang="en">
         <translation>Heba, do you understand Italian?</translation>
      </translations>
      <translations lang="ar">
         <translation>هل تفهمين الإيطاليَّة يا Heba؟</translation>
      </translations>
      <elements>
         <main_verb>capisci</main_verb>
         <main_verb_base>capire</main_verb_base>
      </elements>
   </entry>
   <entry section_id="519103959027" section_title="Verbi in -ire che prendono -isc" section_index="2">
      <sentence vocab_in_use="False" grammar_in_use="True" grammar_point="Verbi in -ire che prendono -isc">Io e Maria non mangiamo la cioccolata, noi preferiamo la frutta.</sentence>
      <translations lang="en">
         <translation>Maria and I don’t eat chocolate, we prefer fruit.</translation>
      </translations>
      <translations lang="ar">
         <translation>أنا وMaria لا نأكل الشوكولاتة، نحن نُفضِّل الفاكهة.</translation>
      </translations>
      <elements>
         <main_verb>preferiamo</main_verb>
         <main_verb_base>preferire</main_verb_base>
      </elements>
   </entry>
   <entry section_id="519103959027" section_title="Verbi in -ire che prendono -isc" section_index="2">
      <sentence vocab_in_use="False" grammar_in_use="True" grammar_point="Verbi in -ire che prendono -isc" max_chunks="7">Voi pulite casa di solito?</sentence>
      <translations lang="en">
         <translation>Do you clean the house usually?</translation>
      </translations>
      <translations lang="ar">
         <translation max_chunks="7">هل تُنظِّفون المنزل عادةً؟</translation>
      </translations>
      <elements>
         <main_verb>pulite</main_verb>
         <main_verb_base>pulire</main_verb_base>
      </elements>
   </entry>
   <entry section_id="519103959027" section_title="Verbi in -ire che prendono -isc" section_index="2">
      <sentence vocab_in_use="False" grammar_in_use="True" grammar_point="Verbi in -ire che prendono -isc">Voi preferite prendere il treno o la macchina?</sentence>
      <translations lang="en">
         <translation>Do you prefer to take the train or the car?</translation>
      </translations>
      <translations lang="ar">
         <translation>هل تُفضِّلون ركوب القطار أم السيارة؟</translation>
      </translations>
      <elements>
         <main_verb>preferite</main_verb>
         <main_verb_base>preferire</main_verb_base>
      </elements>
   </entry>
   <entry section_id="519103959027" section_title="Verbi in -ire che prendono -isc" section_index="2">
      <sentence vocab_in_use="False" grammar_in_use="True" grammar_point="Verbi in -ire che prendono -isc">Preferisci leggere un libro o ascoltare la musica?</sentence>
      <translations lang="en">
         <translation>Do you prefer to read a book or listen to music?</translation>
      </translations>
      <translations lang="ar">
         <translation>هل تُفضِّل قراءة كتاب أم الاستماع إلى الموسيقى؟</translation>
      </translations>
   </entry>
   <entry section_id="519103959027" section_title="Verbi in -ire che prendono -isc" section_index="2">
      <sentence vocab_in_use="False" grammar_in_use="True" grammar_point="Verbi in -ire che prendono -isc">Ragazzi, voi quando finite la lezione di storia?</sentence>
      <translations lang="en">
         <translation>Guys, when do you finish the history lesson?</translation>
      </translations>
      <translations lang="ar">
         <translation>متى ستنتهون من حصَّة التاريخ يا رفاق؟</translation>
      </translations>
      <elements>
         <main_verb>finite</main_verb>
         <main_verb_base>finire</main_verb_base>
      </elements>
   </entry>
   <entry section_id="519103959027" section_title="Verbi in -ire che prendono -isc" section_index="2">
      <sentence vocab_in_use="False" grammar_in_use="True" grammar_point="Verbi in -ire che prendono -isc" max_chunks="7">Io non capisco la lezione di matematica.</sentence>
      <translations lang="en">
         <translation>I don’t understand the maths lesson.</translation>
      </translations>
      <translations lang="ar">
         <translation max_chunks="7">أنا لا أفهم درس الرياضيات.</translation>
      </translations>
      <elements>
         <main_verb>capisco</main_verb>
         <main_verb_base>capire</main_verb_base>
      </elements>
   </entry>
   <entry section_id="519103959027" section_title="Verbi in -ire che prendono -isc" section_index="2">
      <sentence vocab_in_use="False" grammar_in_use="True" grammar_point="Verbi in -ire che prendono -isc">Io capisco il cinese.</sentence>
      <translations lang="en">
         <translation>I understand Chinese.</translation>
      </translations>
      <translations lang="ar">
         <translation>أنا أفهم اللغة الصينيَّة.</translation>
      </translations>
      <elements>
         <main_verb>capisco</main_verb>
         <main_verb_base>capire</main_verb_base>
      </elements>
   </entry>
   <entry section_id="519103959027" section_title="Verbi in -ire che prendono -isc" section_index="2">
      <sentence vocab_in_use="False" grammar_in_use="True" grammar_point="Verbi in -ire che prendono -isc" max_chunks="7">Lei preferisce abitare a Milano.</sentence>
      <translations lang="en">
         <translation>She prefers to live in Milan.</translation>
      </translations>
      <translations lang="ar">
         <translation>هي تُفضِّل العيش في ميلانو.</translation>
      </translations>
      <elements>
         <main_verb>preferisce</main_verb>
         <main_verb_base>preferire</main_verb_base>
      </elements>
   </entry>
   <entry section_id="519103959027" section_title="Verbi in -ire che prendono -isc" section_index="2">
      <sentence vocab_in_use="False" grammar_in_use="True" grammar_point="Verbi in -ire che prendono -isc">Quando finisci di lavorare?</sentence>
      <translations lang="en">
         <translation>When do you finish to work?</translation>
      </translations>
      <translations lang="ar">
         <translation>متى تنتهي من العمل؟</translation>
      </translations>
   </entry>
   <entry section_id="519103959027" section_title="Verbi in -ire che prendono -isc" section_index="2">
      <sentence vocab_in_use="False" grammar_in_use="True" grammar_point="Verbi in -ire che prendono -isc">Tu capisci il francese?</sentence>
      <translations lang="en">
         <translation>Do you understand French?</translation>
      </translations>
      <translations lang="ar">
         <translation>هل تفهم الفرنسيَّة؟</translation>
      </translations>
      <elements>
         <main_verb>capisci</main_verb>
         <main_verb_base>capire</main_verb_base>
      </elements>
   </entry>
   <entry section_id="519103959027" section_title="Verbi in -ire che prendono -isc" section_index="2">
      <sentence vocab_in_use="False" grammar_in_use="True" grammar_point="Verbi in -ire che prendono -isc">Noi spediamo un regalo.</sentence>
      <translations lang="en">
         <translation>We send a gift.</translation>
      </translations>
      <translations lang="ar">
         <translation>نحن نُرسِل هديَّة.</translation>
      </translations>
      <elements>
         <main_verb>spediamo</main_verb>
         <main_verb_base>spedire</main_verb_base>
      </elements>
   </entry>
   <entry section_id="519103959027" section_title="Verbi in -ire che prendono -isc" section_index="2">
      <sentence vocab_in_use="True" grammar_in_use="True" grammar_point="Verbi in -ire che prendono -isc">Noi capiamo l’inglese.</sentence>
      <translations lang="en">
         <translation>We understand English.</translation>
      </translations>
      <translations lang="ar">
         <translation>نحن نفهم الإنجليزيَّة.</translation>
      </translations>
      <elements>
         <main_verb>capiamo</main_verb>
         <main_verb_base>capire</main_verb_base>
         <keywords>
            <keyword>inglese</keyword>
         </keywords>
      </elements>
   </entry>
   <entry section_id="519103959027" section_title="Verbi in -ire che prendono -isc" section_index="2">
      <sentence vocab_in_use="False" grammar_in_use="True" grammar_point="Verbi in -ire che prendono -isc" max_chunks="7">Il professore spedisce un’email.</sentence>
      <translations lang="en">
         <translation>The professor sends an email.</translation>
      </translations>
      <translations lang="ar">
         <translation>الأستاذ يُرسِل بريدًا إلكترونيًّا.</translation>
      </translations>
      <elements>
         <main_verb>spedisce</main_verb>
         <main_verb_base>spedire</main_verb_base>
      </elements>
   </entry>
   <entry section_id="519103959027" section_title="Verbi in -ire che prendono -isc" section_index="2">
      <sentence vocab_in_use="True" grammar_in_use="True" grammar_point="Verbi in -ire che prendono -isc">Lui finisce la scuola elementare.</sentence>
      <translations lang="en">
         <translation>He finishes elementary school.</translation>
      </translations>
      <translations lang="ar">
         <translation>هو على وشك أن يُنهِي المدرسة الابتدائيَّة.</translation>
      </translations>
      <elements>
         <main_verb>finisce</main_verb>
         <main_verb_base>finire</main_verb_base>
         <keywords>
            <keyword>scuola elementare</keyword>
         </keywords>
      </elements>
   </entry>
   <entry section_id="519103959027" section_title="Verbi in -ire che prendono -isc" section_index="2">
      <sentence vocab_in_use="True" grammar_in_use="True" grammar_point="Verbi in -ire che prendono -isc" max_chunks="7">Tu quando finisci la scuola media?</sentence>
      <translations lang="en">
         <translation>When do you finish middle school?</translation>
      </translations>
      <translations lang="ar">
         <translation>متى ستُنهِي المدرسة الإعداديَّة؟</translation>
      </translations>
      <elements>
         <main_verb>finisci</main_verb>
         <main_verb_base>finire</main_verb_base>
         <keywords>
            <keyword>scuola media</keyword>
         </keywords>
      </elements>
   </entry>
   <entry section_id="519103959027" section_title="Verbi in -ire che prendono -isc" section_index="2">
      <sentence vocab_in_use="False" grammar_in_use="True" grammar_point="Verbi in -ire che prendono -isc">Io finisco di mangiare e poi dormo.</sentence>
      <translations lang="en">
         <translation>I finish eating and then I sleep.</translation>
      </translations>
      <translations lang="ar">
         <translation>أنا أنتهي من الأكل، ثم أنام.</translation>
      </translations>
      <elements>
         <main_verb>finisco</main_verb>
         <main_verb_base>finire</main_verb_base>
      </elements>
   </entry>
   <entry section_id="519103959027" section_title="Verbi in -ire che prendono -isc" section_index="2">
      <sentence vocab_in_use="False" grammar_in_use="True" grammar_point="Verbi in -ire che prendono -isc" max_chunks="7">Carlo, tu preferisci la storia o la geografia?</sentence>
      <translations lang="en">
         <translation>Carlo, do you prefer history or geography?</translation>
      </translations>
      <translations lang="ar">
         <translation>هل تُفضِّل التاريخ أم الجغرافيا يا Carlo؟</translation>
      </translations>
      <elements>
         <main_verb>preferisci</main_verb>
         <main_verb_base>preferire</main_verb_base>
      </elements>
   </entry>
   <entry section_id="519103959027" section_title="Verbi in -ire che prendono -isc" section_index="2">
      <sentence vocab_in_use="False" grammar_in_use="True" grammar_point="Verbi in -ire che prendono -isc">L’architetto costruisce la casa.</sentence>
      <translations lang="en">
         <translation>The architect builds the house.</translation>
      </translations>
      <translations lang="ar">
         <translation>المهندس المعماريُّ يبني المنزل.</translation>
      </translations>
      <elements>
         <main_verb>costruisce</main_verb>
         <main_verb_base>costruire</main_verb_base>
      </elements>
   </entry>
   <entry section_id="519103959027" section_title="Verbi in -ire che prendono -isc" section_index="2">
      <sentence vocab_in_use="False" grammar_in_use="True" grammar_point="Verbi in -ire che prendono -isc" max_chunks="7">Il professore chiarisce un dubbio.</sentence>
      <translations lang="en">
         <translation>The professor clarifies a doubt.</translation>
      </translations>
      <translations lang="ar">
         <translation>الأستاذ يُوضِّح شكًّا.</translation>
      </translations>
      <elements>
         <main_verb>chiarisce</main_verb>
         <main_verb_base>chiarire</main_verb_base>
      </elements>
   </entry>
   <entry section_id="519103959027" section_title="Verbi in -ire che prendono -isc" section_index="2">
      <sentence vocab_in_use="True" grammar_in_use="True" grammar_point="Verbi in -ire che prendono -isc">Io preferisco la macchina gialla.</sentence>
      <translations lang="en">
         <translation>I prefer the yellow car.</translation>
      </translations>
      <translations lang="ar">
         <translation>أنا أُفضِّل السيارة الصفراء.</translation>
      </translations>
      <elements>
         <main_verb>preferisco</main_verb>
         <main_verb_base>preferire</main_verb_base>
         <keywords>
            <keyword>gialla</keyword>
         </keywords>
      </elements>
   </entry>
   <entry section_id="570159426963" section_title="Forma di cortesia" section_index="3">
      <sentence vocab_in_use="True" grammar_in_use="True" grammar_point="Forma di cortesia" max_chunks="7">Professor Rossi, Lei ha una penna rossa?</sentence>
      <translations lang="en">
         <translation>Professor Rossi, do you have a red pen?</translation>
      </translations>
      <translations lang="ar">
         <translation>هل لديك قلم أحمر يا أستاذ Rossi؟</translation>
      </translations>
      <elements>
         <main_verb>ha</main_verb>
         <main_verb_base>avere</main_verb_base>
         <keywords>
            <keyword>rossi</keyword>
            <keyword>rossa</keyword>
         </keywords>
      </elements>
   </entry>
   <entry section_id="570159426963" section_title="Forma di cortesia" section_index="3">
      <sentence vocab_in_use="False" grammar_in_use="True" grammar_point="Forma di cortesia">Buongiorno professore! Lei dove abita?</sentence>
      <translations lang="en">
         <translation>Good morning Professor! Where do you live?</translation>
      </translations>
      <translations lang="ar">
         <translation>صباح الخير يا أستاذ! أين تعيش؟</translation>
      </translations>
      <elements>
         <main_verb>abita</main_verb>
         <main_verb_base>abitare</main_verb_base>
      </elements>
   </entry>
   <entry section_id="570159426963" section_title="Forma di cortesia" section_index="3">
      <sentence vocab_in_use="False" grammar_in_use="True" grammar_point="Forma di cortesia">Buonasera signor Bianchi! Lei preferisce mangiare la pasta o la pizza?</sentence>
      <translations lang="en">
         <translation>Good evening Mr. Bianchi! Do you prefer to eat pasta or pizza?</translation>
      </translations>
      <translations lang="ar">
         <translation>مساء الخير يا سيِّد Bianchi! هل تُفضِّل تناوُل المعكرونة أم البيتزا؟</translation>
      </translations>
      <elements>
         <main_verb>preferisce</main_verb>
         <main_verb_base>preferire</main_verb_base>
      </elements>
   </entry>
   <entry section_id="570159426963" section_title="Forma di cortesia" section_index="3">
      <sentence vocab_in_use="True" grammar_in_use="True" grammar_point="Forma di cortesia" max_chunks="7">Signora Bianchi, Lei è molto gentile!</sentence>
      <translations lang="en">
         <translation>Mrs. Bianchi, you are very kind!</translation>
      </translations>
      <translations lang="ar">
         <translation>سيِّدة Bianchi، حضرتك لطيفة جدًّا!</translation>
      </translations>
      <elements>
         <main_verb>è</main_verb>
         <main_verb_base>essere</main_verb_base>
         <keywords>
            <keyword>gentile</keyword>
         </keywords>
      </elements>
   </entry>
   <entry section_id="570159426963" section_title="Forma di cortesia" section_index="3">
      <sentence vocab_in_use="False" grammar_in_use="True" grammar_point="Forma di cortesia">Signora, Lei prende il treno di solito?</sentence>
      <translations lang="en">
         <translation>Madam, do you usually take the train?</translation>
      </translations>
      <translations lang="ar">
         <translation>هل تستقلِّين القطار عادةً يا سيِّدتي؟</translation>
      </translations>
      <elements>
         <main_verb>prende</main_verb>
         <main_verb_base>prendere</main_verb_base>
      </elements>
   </entry>
   <entry section_id="570159426963" section_title="Forma di cortesia" section_index="3">
      <sentence vocab_in_use="False" grammar_in_use="True" grammar_point="Forma di cortesia">Professoressa, Lei legge un libro di storia?</sentence>
      <translations lang="en">
         <translation>Professor (female), do you read a history book?</translation>
      </translations>
      <translations lang="ar">
         <translation>هل تقرئين كتاب تاريخ يا أستاذة؟</translation>
      </translations>
      <elements>
         <main_verb>legge</main_verb>
         <main_verb_base>leggere</main_verb_base>
      </elements>
   </entry>
   <entry section_id="570159426963" section_title="Forma di cortesia" section_index="3">
      <sentence vocab_in_use="True" grammar_in_use="True" grammar_point="Forma di cortesia">Signora, Lei ha una casa molto bella!</sentence>
      <translations lang="en">
         <translation>Madam, you have a very beautiful house!</translation>
      </translations>
      <translations lang="ar">
         <translation>لديكِ منزل جميل جدًّا يا سيِّدتي!</translation>
      </translations>
      <elements>
         <main_verb>ha</main_verb>
         <main_verb_base>avere</main_verb_base>
         <keywords>
            <keyword>bella</keyword>
         </keywords>
      </elements>
   </entry>
   <entry section_id="570159426963" section_title="Forma di cortesia" section_index="3">
      <sentence vocab_in_use="False" grammar_in_use="True" grammar_point="Forma di cortesia">Signora Maria, Lei ha un cellulare?</sentence>
      <translations lang="en">
         <translation>Mrs. Maria, do you have a phone?</translation>
      </translations>
      <translations lang="ar">
         <translation>سيِّدة Maria، هل لديكِ هاتف محمول؟</translation>
      </translations>
      <elements>
         <main_verb>ha</main_verb>
         <main_verb_base>avere</main_verb_base>
      </elements>
   </entry>
   <entry section_id="570159426963" section_title="Forma di cortesia" section_index="3">
      <sentence vocab_in_use="True" grammar_in_use="True" grammar_point="Forma di cortesia" max_chunks="7">Professoressa, Lei è italiana o inglese?</sentence>
      <translations lang="en">
         <translation>Professor, are you Italian or English?</translation>
      </translations>
      <translations lang="ar">
         <translation>هل حضرتكِ إيطاليَّة أم إنجليزيَّة يا أستاذة؟</translation>
      </translations>
      <elements>
         <main_verb>è</main_verb>
         <main_verb_base>essere</main_verb_base>
         <keywords>
            <keyword>inglese</keyword>
         </keywords>
      </elements>
   </entry>
   <entry section_id="570159426963" section_title="Forma di cortesia" section_index="3">
      <sentence vocab_in_use="False" grammar_in_use="True" grammar_point="Forma di cortesia">Signor Rossi, Lei lavora a Roma?</sentence>
      <translations lang="en">
         <translation>Mr. Rossi, do you work in Rome?</translation>
      </translations>
      <translations lang="ar">
         <translation>هل تعمل في روما يا سيِّد Rossi؟</translation>
      </translations>
      <elements>
         <main_verb>lavora</main_verb>
         <main_verb_base>lavorare</main_verb_base>
      </elements>
   </entry>
   <entry section_id="570159426963" section_title="Forma di cortesia" section_index="3">
      <sentence vocab_in_use="False" grammar_in_use="True" grammar_point="Forma di cortesia">Professoressa, Lei conosce lo studente nuovo?</sentence>
      <translations lang="en">
         <translation>Professor (female), do you know the new student?</translation>
      </translations>
      <translations lang="ar">
         <translation>هل تعرفين الطالب الجديد يا أستاذة؟</translation>
      </translations>
      <elements>
         <main_verb>conosce</main_verb>
         <main_verb_base>conoscere</main_verb_base>
      </elements>
   </entry>
   <entry section_id="570159426963" section_title="Forma di cortesia" section_index="3">
      <sentence vocab_in_use="False" grammar_in_use="True" grammar_point="Forma di cortesia">Signore, Lei quanti anni ha?</sentence>
      <translations lang="en">
         <translation>Sir, how old are you?</translation>
      </translations>
      <translations lang="ar">
         <translation>ما عُمرك يا سيِّدي؟</translation>
      </translations>
      <elements>
         <main_verb>ha</main_verb>
         <main_verb_base>avere</main_verb_base>
      </elements>
   </entry>
   <entry section_id="570159426963" section_title="Forma di cortesia" section_index="3">
      <sentence vocab_in_use="False" grammar_in_use="True" grammar_point="Forma di cortesia">Professore, Lei insegna italiano?</sentence>
      <translations lang="en">
         <translation>Professor, do you teach Italian?</translation>
      </translations>
      <translations lang="ar">
         <translation>هل تُدرِّس اللغة الإيطاليَّة يا أستاذ؟</translation>
      </translations>
      <elements>
         <main_verb>insegna</main_verb>
         <main_verb_base>insegnare</main_verb_base>
      </elements>
   </entry>
   <entry section_id="570159426963" section_title="Forma di cortesia" section_index="3">
      <sentence vocab_in_use="False" grammar_in_use="True" grammar_point="Forma di cortesia" max_chunks="7">Signore, Lei preferisce prendere il treno o la macchina?</sentence>
      <translations lang="en">
         <translation>Sir, do you prefer to take the train or car?</translation>
      </translations>
      <translations lang="ar">
         <translation>هل تُفضِّل ركوب القطار أم السيارة يا سيِّدي؟</translation>
      </translations>
      <elements>
         <main_verb>preferisce</main_verb>
         <main_verb_base>preferire</main_verb_base>
      </elements>
   </entry>
   <entry section_id="570159426963" section_title="Forma di cortesia" section_index="3">
      <sentence vocab_in_use="True" grammar_in_use="True" grammar_point="Forma di cortesia">Professor Rossi, Lei è molto giovane!</sentence>
      <translations lang="en">
         <translation>Professor Rossi, you are very young!</translation>
      </translations>
      <translations lang="ar">
         <translation>أنتَ صغير جدًّا يا أستاذ Rossi.</translation>
      </translations>
      <elements>
         <main_verb>è</main_verb>
         <main_verb_base>essere</main_verb_base>
         <keywords>
            <keyword>giovane</keyword>
         </keywords>
      </elements>
   </entry>
   <entry section_id="570159426963" section_title="Forma di cortesia" section_index="3">
      <sentence vocab_in_use="False" grammar_in_use="True" grammar_point="Forma di cortesia">Signora, Lei finisce di lavorare adesso?</sentence>
      <translations lang="en">
         <translation>Madam, do you finish working now?</translation>
      </translations>
      <translations lang="ar">
         <translation>هل تنتهين من العمل الآن يا سيِّدتي؟</translation>
      </translations>
      <elements>
         <main_verb>finisce</main_verb>
         <main_verb_base>finire</main_verb_base>
      </elements>
   </entry>
   <entry section_id="570159426963" section_title="Forma di cortesia" section_index="3">
      <sentence vocab_in_use="False" grammar_in_use="True" grammar_point="Forma di cortesia">Signore, Lei capisce l’italiano?</sentence>
      <translations lang="en">
         <translation>Sir, do you understand Italian?</translation>
      </translations>
      <translations lang="ar">
         <translation>سيِّدي، هل تفهم الإيطاليَّة؟</translation>
      </translations>
      <elements>
         <main_verb>capisce</main_verb>
         <main_verb_base>capire</main_verb_base>
      </elements>
   </entry>
   <entry section_id="570159426963" section_title="Forma di cortesia" section_index="3">
      <sentence vocab_in_use="False" grammar_in_use="True" grammar_point="Forma di cortesia">Signora, Lei è italiana o spagnola?</sentence>
      <translations lang="en">
         <translation>Madam, are you Italian or Spanish?</translation>
      </translations>
      <translations lang="ar">
         <translation>سيِّدتي، هل أنتِ إيطاليَّة أم إسبانيَّة؟</translation>
      </translations>
      <elements>
         <main_verb>è</main_verb>
         <main_verb_base>essere</main_verb_base>
      </elements>
   </entry>
   <entry section_id="570159426963" section_title="Forma di cortesia" section_index="3">
      <sentence vocab_in_use="False" grammar_in_use="True" grammar_point="Forma di cortesia">Professoressa, Lei insegna matematica?</sentence>
      <translations lang="en">
         <translation>Professor (female), do you teach maths?</translation>
      </translations>
      <translations lang="ar">
         <translation>أستاذة، هل تُدرِّسين الرياضيات؟</translation>
      </translations>
      <elements>
         <main_verb>insegna</main_verb>
         <main_verb_base>insegnare</main_verb_base>
      </elements>
   </entry>
   <entry section_id="570159426963" section_title="Forma di cortesia" section_index="3">
      <sentence vocab_in_use="False" grammar_in_use="True" grammar_point="Forma di cortesia" max_chunks="7">Buongiorno signora, Lei come si chiama?</sentence>
      <translations lang="en">
         <translation>Good morning Madam, what is your name?</translation>
      </translations>
      <translations lang="ar">
         <translation>صباح الخير يا سيِّدتي، ما اسمكِ؟</translation>
      </translations>
      <elements>
         <reflex_pron>si</reflex_pron>
         <reflex_pron_base>Riflessivo</reflex_pron_base>
         <main_verb>chiama</main_verb>
         <main_verb_base>chiamarsi</main_verb_base>
      </elements>
   </entry>
   <entry section_id="570159426963" section_title="Forma di cortesia" section_index="3">
      <sentence vocab_in_use="True" grammar_in_use="True" grammar_point="Forma di cortesia">Signore, Lei è molto scortese!</sentence>
      <translations lang="en">
         <translation>Sir, you are very rude!</translation>
      </translations>
      <translations lang="ar">
         <translation>سيِّدي، أنتَ غير مُهذَّب جدًّا!</translation>
      </translations>
      <elements>
         <main_verb>è</main_verb>
         <main_verb_base>essere</main_verb_base>
         <keywords>
            <keyword>scortese</keyword>
         </keywords>
      </elements>
   </entry>
   <entry section_id="570159426963" section_title="Forma di cortesia" section_index="3">
      <sentence vocab_in_use="True" grammar_in_use="True" grammar_point="Forma di cortesia">Signora, Lei capisce l’inglese?</sentence>
      <translations lang="en">
         <translation>Madam, do you understand English?</translation>
      </translations>
      <translations lang="ar">
         <translation>سيِّدتي، هل تفهمين الإنجليزيَّة؟</translation>
      </translations>
      <elements>
         <main_verb>capisce</main_verb>
         <main_verb_base>capire</main_verb_base>
         <keywords>
            <keyword>inglese</keyword>
         </keywords>
      </elements>
   </entry>
   <entry section_id="570159426963" section_title="Forma di cortesia" section_index="3">
      <sentence vocab_in_use="True" grammar_in_use="True" grammar_point="Forma di cortesia">Signore, perché Lei è triste?</sentence>
      <translations lang="en">
         <translation>Sir, why is you sad?</translation>
      </translations>
      <translations lang="ar">
         <translation>سيِّدي، لماذا أنتَ حزين؟</translation>
      </translations>
      <elements>
         <main_verb>è</main_verb>
         <main_verb_base>essere</main_verb_base>
         <keywords>
            <keyword>triste</keyword>
         </keywords>
      </elements>
   </entry>
   <entry section_id="570159426963" section_title="Forma di cortesia" section_index="3">
      <sentence vocab_in_use="False" grammar_in_use="True" grammar_point="Forma di cortesia">Signore, Lei ha una penna?</sentence>
      <translations lang="en">
         <translation>Sir, do you have a pen?</translation>
      </translations>
      <translations lang="ar">
         <translation>سيِّدي، هل لديك قلم؟</translation>
      </translations>
      <elements>
         <main_verb>ha</main_verb>
         <main_verb_base>avere</main_verb_base>
      </elements>
   </entry>
   <entry section_id="570159426963" section_title="Forma di cortesia" section_index="3">
      <sentence vocab_in_use="False" grammar_in_use="True" grammar_point="Forma di cortesia">Signora, Lei ha un cane?</sentence>
      <translations lang="en">
         <translation>Madam, do you have a dog?</translation>
      </translations>
      <translations lang="ar">
         <translation>سيِّدتي، هل لديكِ كلب؟</translation>
      </translations>
      <elements>
         <main_verb>ha</main_verb>
         <main_verb_base>avere</main_verb_base>
      </elements>
   </entry>
   <entry section_id="570159426963" section_title="Forma di cortesia" section_index="3">
      <sentence vocab_in_use="False" grammar_in_use="True" grammar_point="Forma di cortesia">Signore, Lei è molto simpatico!</sentence>
      <translations lang="en">
         <translation>Sir, you are very nice!</translation>
      </translations>
      <translations lang="ar">
         <translation>سيِّدي، أنتَ لطيف جدًّا!</translation>
      </translations>
      <elements>
         <main_verb>è</main_verb>
         <main_verb_base>essere</main_verb_base>
      </elements>
   </entry>
   <entry section_id="570159426963" section_title="Forma di cortesia" section_index="3">
      <sentence vocab_in_use="False" grammar_in_use="True" grammar_point="Forma di cortesia">Professore, Lei prende la macchina di solito?</sentence>
      <translations lang="en">
         <translation>Professor, do you usually take the car?</translation>
      </translations>
      <translations lang="ar">
         <translation>أستاذ، هل تأخذ السيارة عادةً؟</translation>
      </translations>
      <elements>
         <main_verb>prende</main_verb>
         <main_verb_base>prendere</main_verb_base>
      </elements>
   </entry>
   <entry section_id="570159426963" section_title="Forma di cortesia" section_index="3">
      <sentence vocab_in_use="True" grammar_in_use="True" grammar_point="Forma di cortesia">Signore, Lei lavora alle scuole superiori?</sentence>
      <translations lang="en">
         <translation>Lord, do you work in high schools?</translation>
      </translations>
      <translations lang="ar">
         <translation>سيِّدي، هل تعمل في المدارس الثانويَّة؟</translation>
      </translations>
      <elements>
         <main_verb>lavora</main_verb>
         <main_verb_base>lavorare</main_verb_base>
         <keywords>
            <keyword>scuole superiori</keyword>
         </keywords>
      </elements>
   </entry>
   <entry section_id="570159426963" section_title="Forma di cortesia" section_index="3">
      <sentence vocab_in_use="True" grammar_in_use="True" grammar_point="Forma di cortesia">Professore, Lei è molto alto!</sentence>
      <translations lang="en">
         <translation>Professor, you are very tall!</translation>
      </translations>
      <translations lang="ar">
         <translation>أستاذ، أنتَ طويل جدًّا!</translation>
      </translations>
      <elements>
         <main_verb>è</main_verb>
         <main_verb_base>essere</main_verb_base>
         <keywords>
            <keyword>alto</keyword>
         </keywords>
      </elements>
   </entry>
   <entry section_id="570159426963" section_title="Forma di cortesia" section_index="3">
      <sentence vocab_in_use="False" grammar_in_use="True" grammar_point="Forma di cortesia">Professoressa, Lei preferisce mangiare la frutta o la cioccolata?</sentence>
      <translations lang="en">
         <translation>Professor (female), do you prefer to eat fruit or chocolate?</translation>
      </translations>
      <translations lang="ar">
         <translation>أستاذة، هل تُفضِّلين أكل الفاكهة أم الشوكولاتة؟</translation>
      </translations>
      <elements>
         <main_verb>preferisce</main_verb>
         <main_verb_base>preferire</main_verb_base>
      </elements>
   </entry>
</sentences>
