<?xml version="1.0" ?>
<sentences session_id="820172932407" grade="10" country="eg" l1="ar" l2="it" session_index="5" session_title="Tempo libero" course_id="737193021901" term="2">
   <entry section_id="314158365245" section_title="Verbi irregolari" section_index="1">
      <sentence vocab_in_use="True" grammar_in_use="True" grammar_point="Verbi irregolari" max_chunks="7">Io vado sempre al cinema il sabato.</sentence>
      <translations lang="en">
         <translation>I always go to the cinema on Saturday.</translation>
      </translations>
      <translations lang="ar">
         <translation>أنا أذهب دائمًا إلى السينما يوم السبت.</translation>
      </translations>
      <elements>
         <main_verb>vado</main_verb>
         <main_verb_base>andare</main_verb_base>
         <keywords>
            <keyword>cinema</keyword>
            <keyword>sabato</keyword>
            <keyword>sempre</keyword>
         </keywords>
      </elements>
   </entry>
   <entry section_id="314158365245" section_title="Verbi irregolari" section_index="1">
      <sentence vocab_in_use="False" grammar_in_use="True" grammar_point="Verbi irregolari" max_chunks="7">Heba, vieni a mangiare una pizza con me?</sentence>
      <translations lang="en">
         <translation>Heba, are you coming to eat a pizza with me?</translation>
      </translations>
      <translations lang="ar">
         <translation>Heba، هل تأتين لتناوُل البيتزا معي؟</translation>
      </translations>
   </entry>
   <entry section_id="314158365245" section_title="Verbi irregolari" section_index="1">
      <sentence vocab_in_use="True" grammar_in_use="True" grammar_point="Verbi irregolari" max_chunks="7">Tu vai a teatro domani?</sentence>
      <translations lang="en">
         <translation>Are you going to the theatre tomorrow?</translation>
      </translations>
      <translations lang="ar">
         <translation>هل ستذهب إلى المسرح غدًا؟</translation>
      </translations>
      <elements>
         <main_verb>vai</main_verb>
         <main_verb_base>andare</main_verb_base>
         <keywords>
            <keyword>teatro</keyword>
            <keyword>domani</keyword>
         </keywords>
      </elements>
   </entry>
   <entry section_id="314158365245" section_title="Verbi irregolari" section_index="1">
      <sentence vocab_in_use="True" grammar_in_use="True" grammar_point="Verbi irregolari" max_chunks="7">Lei non va a scuola domani.</sentence>
      <translations lang="en">
         <translation>She doesn’t go to school tomorrow.</translation>
      </translations>
      <translations lang="ar">
         <translation>هي لن تذهب إلى المدرسة غدًا.</translation>
      </translations>
      <elements>
         <main_verb>va</main_verb>
         <main_verb_base>andare</main_verb_base>
         <keywords>
            <keyword>domani</keyword>
         </keywords>
      </elements>
   </entry>
   <entry section_id="314158365245" section_title="Verbi irregolari" section_index="1">
      <sentence vocab_in_use="True" grammar_in_use="True" grammar_point="Verbi irregolari" max_chunks="7">Oggi noi andiamo a prendere un gelato insieme.</sentence>
      <translations lang="en">
         <translation>Today we go to get an ice cream together.</translation>
      </translations>
      <translations lang="ar">
         <translation>نحن سنذهب اليوم لتناوُل المُثلَّجات معًا.</translation>
      </translations>
      <elements>
         <main_verb>andiamo</main_verb>
         <main_verb_base>andare</main_verb_base>
         <keywords>
            <keyword>prendere un gelato</keyword>
            <keyword>oggi</keyword>
            <keyword>insieme</keyword>
         </keywords>
      </elements>
   </entry>
   <entry section_id="314158365245" section_title="Verbi irregolari" section_index="1">
      <sentence vocab_in_use="True" grammar_in_use="True" grammar_point="Verbi irregolari" max_chunks="7">Voi andate a Milano stasera?</sentence>
      <translations lang="en">
         <translation>Do you go to Milan tonight?</translation>
      </translations>
      <translations lang="ar">
         <translation>هل أنتم ذاهبون إلى ميلانو الليلة؟</translation>
      </translations>
      <elements>
         <main_verb>andate</main_verb>
         <main_verb_base>andare</main_verb_base>
         <keywords>
            <keyword>stasera</keyword>
         </keywords>
      </elements>
   </entry>
   <entry section_id="314158365245" section_title="Verbi irregolari" section_index="1">
      <sentence vocab_in_use="True" grammar_in_use="True" grammar_point="Verbi irregolari" max_chunks="7">Loro vanno spesso a fare spese insieme.</sentence>
      <translations lang="en">
         <translation>They often go shopping together.</translation>
      </translations>
      <translations lang="ar">
         <translation>هُمْ يذهبون غالبًا للتسوُّق معًا.</translation>
      </translations>
      <elements>
         <main_verb>vanno</main_verb>
         <main_verb_base>andare</main_verb_base>
         <keywords>
            <keyword>fare</keyword>
            <keyword>fare spese</keyword>
            <keyword>insieme</keyword>
            <keyword>spesso</keyword>
         </keywords>
      </elements>
   </entry>
   <entry section_id="314158365245" section_title="Verbi irregolari" section_index="1">
      <sentence vocab_in_use="True" grammar_in_use="True" grammar_point="Verbi irregolari" max_chunks="7">Io faccio i compiti il fine settimana di solito.</sentence>
      <translations lang="en">
         <translation>I do my homework on the weekend usually.</translation>
      </translations>
      <translations lang="ar">
         <translation>أنا أُؤدِّي الواجبات المنزليَّة في عطلة نهاية الأسبوع عادةً.</translation>
      </translations>
      <elements>
         <main_verb>faccio</main_verb>
         <main_verb_base>fare</main_verb_base>
         <keywords>
            <keyword>compiti</keyword>
            <keyword>fine settimana</keyword>
            <keyword>settimana</keyword>
         </keywords>
      </elements>
   </entry>
   <entry section_id="314158365245" section_title="Verbi irregolari" section_index="1">
      <sentence vocab_in_use="True" grammar_in_use="True" grammar_point="Verbi irregolari" max_chunks="7">Anna, tu fai sport il fine settimana?</sentence>
      <translations lang="en">
         <translation>Anna, do you play sports on the weekend?</translation>
      </translations>
      <translations lang="ar">
         <translation>Anna، هل تُمارِسين الرياضة في عطلة نهاية الأسبوع؟</translation>
      </translations>
      <elements>
         <main_verb>fai</main_verb>
         <main_verb_base>fare</main_verb_base>
         <keywords>
            <keyword>fine settimana</keyword>
            <keyword>settimana</keyword>
         </keywords>
      </elements>
   </entry>
   <entry section_id="314158365245" section_title="Verbi irregolari" section_index="1">
      <sentence vocab_in_use="True" grammar_in_use="True" grammar_point="Verbi irregolari" max_chunks="7">Lui fa colazione la mattina.</sentence>
      <translations lang="en">
         <translation>He has breakfast in the morning.</translation>
      </translations>
      <translations lang="ar">
         <translation>هو يتناول الإفطار في الصباح.</translation>
      </translations>
      <elements>
         <main_verb>fa</main_verb>
         <main_verb_base>fare</main_verb_base>
         <keywords>
            <keyword>colazione</keyword>
         </keywords>
      </elements>
   </entry>
   <entry section_id="314158365245" section_title="Verbi irregolari" section_index="1">
      <sentence vocab_in_use="True" grammar_in_use="True" grammar_point="Verbi irregolari" max_chunks="7">Noi facciamo spese la domenica di solito.</sentence>
      <translations lang="en">
         <translation>We usually go shopping on Sunday.</translation>
      </translations>
      <translations lang="ar">
         <translation>نحن نذهب للتسوُّق يوم الأحد عادةً.</translation>
      </translations>
      <elements>
         <main_verb>facciamo</main_verb>
         <main_verb_base>fare</main_verb_base>
         <keywords>
            <keyword>domenica</keyword>
         </keywords>
      </elements>
   </entry>
   <entry section_id="314158365245" section_title="Verbi irregolari" section_index="1">
      <sentence vocab_in_use="True" grammar_in_use="True" grammar_point="Verbi irregolari">Voi fate sport spesso?</sentence>
      <translations lang="en">
         <translation>Do you play sports often?</translation>
      </translations>
      <translations lang="ar">
         <translation>هل تُمارِسون الرياضة كثيرًا؟</translation>
      </translations>
      <elements>
         <main_verb>fate</main_verb>
         <main_verb_base>fare</main_verb_base>
         <keywords>
            <keyword>spesso</keyword>
         </keywords>
      </elements>
   </entry>
   <entry section_id="314158365245" section_title="Verbi irregolari" section_index="1">
      <sentence vocab_in_use="True" grammar_in_use="True" grammar_point="Verbi irregolari">Loro fanno i compiti insieme.</sentence>
      <translations lang="en">
         <translation>They do their homework together.</translation>
      </translations>
      <translations lang="ar">
         <translation>هُمْ يُؤدُّون الواجبات المدرسيَّة معًا.</translation>
      </translations>
      <elements>
         <main_verb>fanno</main_verb>
         <main_verb_base>fare</main_verb_base>
         <keywords>
            <keyword>compiti</keyword>
            <keyword>insieme</keyword>
         </keywords>
      </elements>
   </entry>
   <entry section_id="314158365245" section_title="Verbi irregolari" section_index="1">
      <sentence vocab_in_use="True" grammar_in_use="True" grammar_point="Verbi irregolari" max_chunks="7">Io esco con Anna oggi. Noi andiamo al cinema.</sentence>
      <translations lang="en">
         <translation>I go out with Anna today. We go to the cinema.</translation>
      </translations>
      <translations lang="ar">
         <translation>أنا سأخرج مع Anna اليوم. نحن سنذهب إلى السينما.</translation>
      </translations>
      <elements>
         <main_verb>esco</main_verb>
         <main_verb_base>uscire</main_verb_base>
         <keywords>
            <keyword>cinema</keyword>
            <keyword>oggi</keyword>
         </keywords>
      </elements>
   </entry>
   <entry section_id="314158365245" section_title="Verbi irregolari" section_index="1">
      <sentence vocab_in_use="True" grammar_in_use="True" grammar_point="Verbi irregolari">Luigi, tu esci con i ragazzi stasera?</sentence>
      <translations lang="en">
         <translation>Luigi, do you go out with the boys tonight?</translation>
      </translations>
      <translations lang="ar">
         <translation>Luigi، هل ستخرج مع الرِّفاق الليلة؟</translation>
      </translations>
      <elements>
         <main_verb>esci</main_verb>
         <main_verb_base>uscire</main_verb_base>
         <keywords>
            <keyword>stasera</keyword>
         </keywords>
      </elements>
   </entry>
   <entry section_id="314158365245" section_title="Verbi irregolari" section_index="1">
      <sentence vocab_in_use="True" grammar_in_use="True" grammar_point="Verbi irregolari">Maria va a prendere un gelato con Sara.</sentence>
      <translations lang="en">
         <translation>Maria goes to take an ice cream with Sara.</translation>
      </translations>
      <translations lang="ar">
         <translation>Maria تذهب لتناول المُثلَّجات مع Sara.</translation>
      </translations>
      <elements>
         <main_verb>va</main_verb>
         <main_verb_base>andare</main_verb_base>
         <keywords>
            <keyword>prendere un gelato</keyword>
         </keywords>
      </elements>
   </entry>
   <entry section_id="314158365245" section_title="Verbi irregolari" section_index="1">
      <sentence vocab_in_use="True" grammar_in_use="True" grammar_point="Verbi irregolari" max_chunks="7">Io e Paolo usciamo spesso insieme.</sentence>
      <translations lang="en">
         <translation>Paolo and I often go out together.</translation>
      </translations>
      <translations lang="ar">
         <translation>أنا وPaolo نخرج غالبًا معًا.</translation>
      </translations>
      <elements>
         <main_verb>usciamo</main_verb>
         <main_verb_base>uscire</main_verb_base>
         <keywords>
            <keyword>insieme</keyword>
            <keyword>spesso</keyword>
         </keywords>
      </elements>
   </entry>
   <entry section_id="314158365245" section_title="Verbi irregolari" section_index="1">
      <sentence vocab_in_use="False" grammar_in_use="True" grammar_point="Verbi irregolari">Ragazzi, voi uscite adesso?</sentence>
      <translations lang="en">
         <translation>Guys, do you go out now?</translation>
      </translations>
      <translations lang="ar">
         <translation>يا رفاق، هل تخرجون الآن؟</translation>
      </translations>
      <elements>
         <main_verb>uscite</main_verb>
         <main_verb_base>uscire</main_verb_base>
      </elements>
   </entry>
   <entry section_id="314158365245" section_title="Verbi irregolari" section_index="1">
      <sentence vocab_in_use="True" grammar_in_use="True" grammar_point="Verbi irregolari">Gli studenti escono a mangiare una pizza insieme.</sentence>
      <translations lang="en">
         <translation>The students go out to eat a pizza together.</translation>
      </translations>
      <translations lang="ar">
         <translation>يخرج الطلاب لتناوُل البيتزا معًا.</translation>
      </translations>
      <elements>
         <main_verb>escono</main_verb>
         <main_verb_base>uscire</main_verb_base>
         <keywords>
            <keyword>insieme</keyword>
         </keywords>
      </elements>
   </entry>
   <entry section_id="314158365245" section_title="Verbi irregolari" section_index="1">
      <sentence vocab_in_use="True" grammar_in_use="True" grammar_point="Verbi irregolari" max_chunks="7">Io vengo a mangiare una pizza con voi stasera.</sentence>
      <translations lang="en">
         <translation>I come to eat a pizza with you tonight.</translation>
      </translations>
      <translations lang="ar">
         <translation>أنا سآتي لتناوُل البيتزا معكم الليلة.</translation>
      </translations>
      <elements>
         <main_verb>vengo</main_verb>
         <main_verb_base>venire</main_verb_base>
         <keywords>
            <keyword>stasera</keyword>
         </keywords>
      </elements>
   </entry>
   <entry section_id="314158365245" section_title="Verbi irregolari" section_index="1">
      <sentence vocab_in_use="True" grammar_in_use="True" grammar_point="Verbi irregolari">Chiara, tu vieni al cinema stasera?</sentence>
      <translations lang="en">
         <translation>Chiara, are you coming to the cinema tonight?</translation>
      </translations>
      <translations lang="ar">
         <translation>Chiara، هل ستأتين إلى السينما الليلة؟</translation>
      </translations>
      <elements>
         <main_verb>vieni</main_verb>
         <main_verb_base>venire</main_verb_base>
         <keywords>
            <keyword>cinema</keyword>
            <keyword>stasera</keyword>
         </keywords>
      </elements>
   </entry>
   <entry section_id="314158365245" section_title="Verbi irregolari" section_index="1">
      <sentence vocab_in_use="True" grammar_in_use="True" grammar_point="Verbi irregolari" max_chunks="7">Mario viene al concerto domani.</sentence>
      <translations lang="en">
         <translation>Mario comes to the concert tomorrow.</translation>
      </translations>
      <translations lang="ar">
         <translation>Mario سيأتي إلى الحفلة الموسيقيَّة غدًا.</translation>
      </translations>
      <elements>
         <main_verb>viene</main_verb>
         <main_verb_base>venire</main_verb_base>
         <keywords>
            <keyword>concerto</keyword>
            <keyword>domani</keyword>
         </keywords>
      </elements>
   </entry>
   <entry section_id="314158365245" section_title="Verbi irregolari" section_index="1">
      <sentence vocab_in_use="True" grammar_in_use="True" grammar_point="Verbi irregolari">Io e Marco veniamo alla festa di Anna sabato.</sentence>
      <translations lang="en">
         <translation>Marco and I come to Anna’s party on Saturday.</translation>
      </translations>
      <translations lang="ar">
         <translation>أنا وMarco سنأتي إلى حفلة Anna يوم السبت.</translation>
      </translations>
      <elements>
         <main_verb>veniamo</main_verb>
         <main_verb_base>venire</main_verb_base>
         <keywords>
            <keyword>festa</keyword>
            <keyword>sabato</keyword>
         </keywords>
      </elements>
   </entry>
   <entry section_id="314158365245" section_title="Verbi irregolari" section_index="1">
      <sentence vocab_in_use="True" grammar_in_use="True" grammar_point="Verbi irregolari" max_chunks="7">Ragazze, voi venite a mangiare un panino con noi?</sentence>
      <translations lang="en">
         <translation>Girls, are you coming to eat a sandwich with us?</translation>
      </translations>
      <translations lang="ar">
         <translation>يا فتيات، هل تأتين لتناوُل شطيرة معنا؟</translation>
      </translations>
      <elements>
         <main_verb>venite</main_verb>
         <main_verb_base>venire</main_verb_base>
         <keywords>
            <keyword>panino</keyword>
         </keywords>
      </elements>
   </entry>
   <entry section_id="314158365245" section_title="Verbi irregolari" section_index="1">
      <sentence vocab_in_use="False" grammar_in_use="True" grammar_point="Verbi irregolari">Paolo e Luigi vengono da Milano.</sentence>
      <translations lang="en">
         <translation>Paolo and Luigi come from Milan.</translation>
      </translations>
      <translations lang="ar">
         <translation>Paolo وLuigi يأتيان من ميلانو.</translation>
      </translations>
      <elements>
         <main_verb>vengono</main_verb>
         <main_verb_base>venire</main_verb_base>
      </elements>
   </entry>
   <entry section_id="314158365245" section_title="Verbi irregolari" section_index="1">
      <sentence vocab_in_use="True" grammar_in_use="True" grammar_point="Verbi irregolari">Io faccio sport tutti i giorni.</sentence>
      <translations lang="en">
         <translation>I do sports every day.</translation>
      </translations>
      <translations lang="ar">
         <translation>أنا أُمارِس الرياضة كلَّ يوم.</translation>
      </translations>
      <elements>
         <main_verb>faccio</main_verb>
         <main_verb_base>fare</main_verb_base>
         <keywords>
            <keyword>giorni</keyword>
         </keywords>
      </elements>
   </entry>
   <entry section_id="314158365245" section_title="Verbi irregolari" section_index="1">
      <sentence vocab_in_use="False" grammar_in_use="True" grammar_point="Verbi irregolari">Marco, tu vieni a giocare a calcio?</sentence>
      <translations lang="en">
         <translation>Marco, are you coming to play football?</translation>
      </translations>
      <translations lang="ar">
         <translation>Marco، هل تأتي لِلَعب كرة القدم؟</translation>
      </translations>
      <elements>
         <main_verb>vieni</main_verb>
         <main_verb_base>venire</main_verb_base>
      </elements>
   </entry>
   <entry section_id="314158365245" section_title="Verbi irregolari" section_index="1">
      <sentence vocab_in_use="True" grammar_in_use="True" grammar_point="Verbi irregolari">Io domani vado a un concerto con Chiara.</sentence>
      <translations lang="en">
         <translation>I’m going to a concert with Chiara tomorrow.</translation>
      </translations>
      <translations lang="ar">
         <translation>أنا سأذهب غدًا إلى حفلة موسيقيَّة مع Chiara.</translation>
      </translations>
      <elements>
         <main_verb>vado</main_verb>
         <main_verb_base>andare</main_verb_base>
         <keywords>
            <keyword>concerto</keyword>
            <keyword>domani</keyword>
         </keywords>
      </elements>
   </entry>
   <entry section_id="314158365245" section_title="Verbi irregolari" section_index="1">
      <sentence vocab_in_use="True" grammar_in_use="True" grammar_point="Verbi irregolari" max_chunks="7">Luigi, vieni a giocare ai videogiochi a casa mia?</sentence>
      <translations lang="en">
         <translation>Luigi, are you coming to play videogames at my house?</translation>
      </translations>
      <translations lang="ar">
         <translation>Luigi، هل تأتي لِلَعب ألعاب الفيديو في منزلي؟</translation>
      </translations>
      <elements>
         <keywords>
            <keyword>giocare ai videogiochi</keyword>
            <keyword>videogiochi</keyword>
         </keywords>
      </elements>
   </entry>
   <entry section_id="314158365245" section_title="Verbi irregolari" section_index="1">
      <sentence vocab_in_use="True" grammar_in_use="True" grammar_point="Verbi irregolari">Voi cosa fate il fine settimana di solito?</sentence>
      <translations lang="en">
         <translation>What do you usually do on the weekend?</translation>
      </translations>
      <translations lang="ar">
         <translation>ماذا تفعلون في عطلة نهاية الأسبوع عادةً؟</translation>
      </translations>
      <elements>
         <main_verb>fate</main_verb>
         <main_verb_base>fare</main_verb_base>
         <keywords>
            <keyword>fine settimana</keyword>
            <keyword>settimana</keyword>
         </keywords>
      </elements>
   </entry>
   <entry section_id="314158365245" section_title="Verbi irregolari" section_index="1">
      <sentence vocab_in_use="True" grammar_in_use="True" grammar_point="Verbi irregolari">Noi andiamo spesso a mangiare una pizza in centro.</sentence>
      <translations lang="en">
         <translation>We often go to eat a pizza in the city centre.</translation>
      </translations>
      <translations lang="ar">
         <translation>نحن نذهب غالبًا لتناوُل البيتزا في وسط المدينة.</translation>
      </translations>
      <elements>
         <main_verb>andiamo</main_verb>
         <main_verb_base>andare</main_verb_base>
         <keywords>
            <keyword>spesso</keyword>
         </keywords>
      </elements>
   </entry>
   <entry section_id="314158365245" section_title="Verbi irregolari" section_index="1">
      <sentence vocab_in_use="False" grammar_in_use="True" grammar_point="Verbi irregolari">Anna, tu vieni da Roma?</sentence>
      <translations lang="en">
         <translation>Anna, do you come from Rome?</translation>
      </translations>
      <translations lang="ar">
         <translation>Anna، هل أنتِ قَادِمة من روما؟</translation>
      </translations>
      <elements>
         <main_verb>vieni</main_verb>
         <main_verb_base>venire</main_verb_base>
      </elements>
   </entry>
   <entry section_id="314158365245" section_title="Verbi irregolari" section_index="1">
      <sentence vocab_in_use="False" grammar_in_use="True" grammar_point="Verbi irregolari">Io vengo da Milano.</sentence>
      <translations lang="en">
         <translation>I come from Milan.</translation>
      </translations>
      <translations lang="ar">
         <translation>أنا قَادِمة من ميلانو.</translation>
      </translations>
      <elements>
         <main_verb>vengo</main_verb>
         <main_verb_base>venire</main_verb_base>
      </elements>
   </entry>
   <entry section_id="314158365245" section_title="Verbi irregolari" section_index="1">
      <sentence vocab_in_use="True" grammar_in_use="True" grammar_point="Verbi irregolari">Ragazzi, voi uscite stasera?</sentence>
      <translations lang="en">
         <translation>Guys, do you go out tonight?</translation>
      </translations>
      <translations lang="ar">
         <translation>يا رفاق، هل ستخرجون الليلة؟</translation>
      </translations>
      <elements>
         <main_verb>uscite</main_verb>
         <main_verb_base>uscire</main_verb_base>
         <keywords>
            <keyword>stasera</keyword>
         </keywords>
      </elements>
   </entry>
   <entry section_id="314158365245" section_title="Verbi irregolari" section_index="1">
      <sentence vocab_in_use="True" grammar_in_use="True" grammar_point="Verbi irregolari">Noi andiamo a Milano domani.</sentence>
      <translations lang="en">
         <translation>We go to Milan tomorrow.</translation>
      </translations>
      <translations lang="ar">
         <translation>نحن سنذهب إلى ميلانو غدًا.</translation>
      </translations>
      <elements>
         <main_verb>andiamo</main_verb>
         <main_verb_base>andare</main_verb_base>
         <keywords>
            <keyword>domani</keyword>
         </keywords>
      </elements>
   </entry>
   <entry section_id="314158365245" section_title="Verbi irregolari" section_index="1">
      <sentence vocab_in_use="True" grammar_in_use="True" grammar_point="Verbi irregolari" max_chunks="7">Io esco con gli amici stasera.</sentence>
      <translations lang="en">
         <translation>I go out with friends tonight.</translation>
      </translations>
      <translations lang="ar">
         <translation>أنا سأخرج مع الأصدقاء الليلة.</translation>
      </translations>
      <elements>
         <main_verb>esco</main_verb>
         <main_verb_base>uscire</main_verb_base>
         <keywords>
            <keyword>stasera</keyword>
         </keywords>
      </elements>
   </entry>
   <entry section_id="314158365245" section_title="Verbi irregolari" section_index="1">
      <sentence vocab_in_use="True" grammar_in_use="True" grammar_point="Verbi irregolari">Loro fanno sport il fine settimana.</sentence>
      <translations lang="en">
         <translation>They play sports on the weekend.</translation>
      </translations>
      <translations lang="ar">
         <translation>هُمْ يُمارِسون الرياضة في عطلة نهاية الأسبوع.</translation>
      </translations>
      <elements>
         <main_verb>fanno</main_verb>
         <main_verb_base>fare</main_verb_base>
         <keywords>
            <keyword>fine settimana</keyword>
            <keyword>settimana</keyword>
         </keywords>
      </elements>
   </entry>
   <entry section_id="314158365245" section_title="Verbi irregolari" section_index="1">
      <sentence vocab_in_use="True" grammar_in_use="True" grammar_point="Verbi irregolari">Voi fate spese la domenica?</sentence>
      <translations lang="en">
         <translation>Do you go shopping on Sunday?</translation>
      </translations>
      <translations lang="ar">
         <translation>هل تذهبون للتسوُّق يوم الأحد؟</translation>
      </translations>
      <elements>
         <main_verb>fate</main_verb>
         <main_verb_base>fare</main_verb_base>
         <keywords>
            <keyword>domenica</keyword>
         </keywords>
      </elements>
   </entry>
   <entry section_id="314158365245" section_title="Verbi irregolari" section_index="1">
      <sentence vocab_in_use="False" grammar_in_use="True" grammar_point="Verbi irregolari" max_chunks="7">I ragazzi vanno a scuola a piedi.</sentence>
      <translations lang="en">
         <translation>The boys go to school on foot.</translation>
      </translations>
      <translations lang="ar">
         <translation>الأولاد يذهبون إلى المدرسة سيرًا على الأقدام.</translation>
      </translations>
      <elements>
         <main_verb>vanno</main_verb>
         <main_verb_base>andare</main_verb_base>
      </elements>
   </entry>
   <entry section_id="314158365245" section_title="Verbi irregolari" section_index="1">
      <sentence vocab_in_use="True" grammar_in_use="True" grammar_point="Verbi irregolari">Io e Sara andiamo al cinema il venerdì.</sentence>
      <translations lang="en">
         <translation>Sara and I go to the cinema on Friday.</translation>
      </translations>
      <translations lang="ar">
         <translation>أنا وSara سنذهب إلى السينما يوم الجمعة.</translation>
      </translations>
      <elements>
         <main_verb>andiamo</main_verb>
         <main_verb_base>andare</main_verb_base>
         <keywords>
            <keyword>cinema</keyword>
            <keyword>venerdì</keyword>
         </keywords>
      </elements>
   </entry>
   <entry section_id="314158365245" section_title="Verbi irregolari" section_index="1">
      <sentence vocab_in_use="True" grammar_in_use="True" grammar_point="Verbi irregolari">Voi fate i compiti il fine settimana?</sentence>
      <translations lang="en">
         <translation>Do you do your homework on the weekend?</translation>
      </translations>
      <translations lang="ar">
         <translation>هل تُؤدُّون الواجبات المدرسيَّة في عطلة نهاية الأسبوع؟</translation>
      </translations>
      <elements>
         <main_verb>fate</main_verb>
         <main_verb_base>fare</main_verb_base>
         <keywords>
            <keyword>compiti</keyword>
            <keyword>fine settimana</keyword>
            <keyword>settimana</keyword>
         </keywords>
      </elements>
   </entry>
   <entry section_id="314158365245" section_title="Verbi irregolari" section_index="1">
      <sentence vocab_in_use="True" grammar_in_use="True" grammar_point="Verbi irregolari" max_chunks="7">Andiamo a vedere il nuovo film di Orlando Bloom?</sentence>
      <translations lang="en">
         <translation>Let’s see the new film by Orlando Bloom?</translation>
      </translations>
      <translations lang="ar">
         <translation>نحن ذاهبون لمشاهدة فيلم أورلاندو بلوم الجديد.</translation>
      </translations>
      <elements>
         <keywords>
            <keyword>film</keyword>
         </keywords>
      </elements>
   </entry>
   <entry section_id="314158365245" section_title="Verbi irregolari" section_index="1">
      <sentence vocab_in_use="True" grammar_in_use="True" grammar_point="Verbi irregolari">Purtroppo non vado al concerto domani.</sentence>
      <translations lang="en">
         <translation>Unfortunately I don’t go to the concert tomorrow.</translation>
      </translations>
      <translations lang="ar">
         <translation>لسوء الحظِّ، لن أذهب إلى الحفلة الموسيقيَّة غدًا.</translation>
      </translations>
      <elements>
         <keywords>
            <keyword>concerto</keyword>
            <keyword>domani</keyword>
            <keyword>purtroppo</keyword>
         </keywords>
      </elements>
   </entry>
   <entry section_id="314158365245" section_title="Verbi irregolari" section_index="1">
      <sentence vocab_in_use="True" grammar_in_use="True" grammar_point="Verbi irregolari" max_chunks="7">Mi dispiace, non vengo alla festa stasera.</sentence>
      <translations lang="en">
         <translation>I’m sorry, I don’t come to the party tonight.</translation>
      </translations>
      <translations lang="ar">
         <translation>للأسف لن أحضر الحفلة الليلة.</translation>
      </translations>
      <elements>
         <keywords>
            <keyword>festa</keyword>
            <keyword>stasera</keyword>
            <keyword>mi dispiace</keyword>
         </keywords>
      </elements>
   </entry>
   <entry section_id="314158365245" section_title="Verbi irregolari" section_index="1">
      <sentence vocab_in_use="True" grammar_in_use="True" grammar_point="Verbi irregolari">I ragazzi vanno a teatro mercoledì.</sentence>
      <translations lang="en">
         <translation>The boys go to the theatre on Wednesday.</translation>
      </translations>
      <translations lang="ar">
         <translation>الأولاد سيذهبون إلى المسرح يوم الأربعاء.</translation>
      </translations>
      <elements>
         <main_verb>vanno</main_verb>
         <main_verb_base>andare</main_verb_base>
         <keywords>
            <keyword>teatro</keyword>
            <keyword>mercoledì</keyword>
         </keywords>
      </elements>
   </entry>
   <entry section_id="314158365245" section_title="Verbi irregolari" section_index="1">
      <sentence vocab_in_use="True" grammar_in_use="True" grammar_point="Verbi irregolari">La mamma va a fare spese il fine settimana.</sentence>
      <translations lang="en">
         <translation>Mom goes shopping on the weekend.</translation>
      </translations>
      <translations lang="ar">
         <translation>أمي تذهب للتسوُّق في عطلة نهاية الأسبوع.</translation>
      </translations>
      <elements>
         <main_verb>va</main_verb>
         <main_verb_base>andare</main_verb_base>
         <keywords>
            <keyword>fare</keyword>
            <keyword>fare spese</keyword>
            <keyword>mamma</keyword>
            <keyword>fine settimana</keyword>
            <keyword>settimana</keyword>
         </keywords>
      </elements>
   </entry>
   <entry section_id="314158365245" section_title="Verbi irregolari" section_index="1">
      <sentence vocab_in_use="True" grammar_in_use="True" grammar_point="Verbi irregolari">Ragazze, perché non venite alla festa?</sentence>
      <translations lang="en">
         <translation>Girls, why don’t you come to the party?</translation>
      </translations>
      <translations lang="ar">
         <translation>يا فتيات، لماذا لا تأتين إلى الحفلة؟</translation>
      </translations>
      <elements>
         <main_verb>venite</main_verb>
         <main_verb_base>venire</main_verb_base>
         <keywords>
            <keyword>festa</keyword>
         </keywords>
      </elements>
   </entry>
   <entry section_id="314158365245" section_title="Verbi irregolari" section_index="1">
      <sentence vocab_in_use="True" grammar_in_use="True" grammar_point="Verbi irregolari">Io vado a teatro domani.</sentence>
      <translations lang="en">
         <translation>I go to the theatre tomorrow.</translation>
      </translations>
      <translations lang="ar">
         <translation>أنا سأذهب إلى المسرح غدًا.</translation>
      </translations>
      <elements>
         <main_verb>vado</main_verb>
         <main_verb_base>andare</main_verb_base>
         <keywords>
            <keyword>teatro</keyword>
            <keyword>domani</keyword>
         </keywords>
      </elements>
   </entry>
   <entry section_id="314158365245" section_title="Verbi irregolari" section_index="1">
      <sentence vocab_in_use="True" grammar_in_use="True" grammar_point="Verbi irregolari" max_chunks="7">Noi facciamo i compiti insieme.</sentence>
      <translations lang="en">
         <translation>We do our homework together.</translation>
      </translations>
      <translations lang="ar">
         <translation>نحن نُؤدِّي الواجبات المدرسيَّة معًا.</translation>
      </translations>
      <elements>
         <main_verb>facciamo</main_verb>
         <main_verb_base>fare</main_verb_base>
         <keywords>
            <keyword>compiti</keyword>
            <keyword>insieme</keyword>
         </keywords>
      </elements>
   </entry>
   <entry section_id="314158365245" section_title="Verbi irregolari" section_index="1">
      <sentence vocab_in_use="True" grammar_in_use="True" grammar_point="Verbi irregolari">Alessia, cosa fai martedì sera?</sentence>
      <translations lang="en">
         <translation>Alessia, what are you doing on Tuesday evening?</translation>
      </translations>
      <translations lang="ar">
         <translation>Alessia، ماذا ستفعلين يوم الثلاثاء مساءً؟</translation>
      </translations>
      <elements>
         <keywords>
            <keyword>martedì</keyword>
            <keyword>sera</keyword>
         </keywords>
      </elements>
   </entry>
   <entry section_id="314158365245" section_title="Verbi irregolari" section_index="1">
      <sentence vocab_in_use="True" grammar_in_use="True" grammar_point="Verbi irregolari">Io faccio colazione tutti i giorni.</sentence>
      <translations lang="en">
         <translation>I have breakfast every day.</translation>
      </translations>
      <translations lang="ar">
         <translation>أنا أتناول الإفطار كلَّ يوم.</translation>
      </translations>
      <elements>
         <main_verb>faccio</main_verb>
         <main_verb_base>fare</main_verb_base>
         <keywords>
            <keyword>colazione</keyword>
            <keyword>giorni</keyword>
         </keywords>
      </elements>
   </entry>
   <entry section_id="314158365245" section_title="Verbi irregolari" section_index="1">
      <sentence vocab_in_use="True" grammar_in_use="True" grammar_point="Verbi irregolari">Va bene, andiamo a prendere un gelato!</sentence>
      <translations lang="en">
         <translation>Okay, let’s go get an ice cream!</translation>
      </translations>
      <translations lang="ar">
         <translation>حسنًا؛ فلنذهب لتناوُل المُثلَّجات.</translation>
      </translations>
      <elements>
         <keywords>
            <keyword>prendere un gelato</keyword>
            <keyword>va bene</keyword>
         </keywords>
      </elements>
   </entry>
   <entry section_id="314158365245" section_title="Verbi irregolari" section_index="1">
      <sentence vocab_in_use="True" grammar_in_use="True" grammar_point="Verbi irregolari">Lei fa sport tutti i giorni.</sentence>
      <translations lang="en">
         <translation>She does sports every day.</translation>
      </translations>
      <translations lang="ar">
         <translation>إنها تُمارِس الرياضة كلَّ يوم.</translation>
      </translations>
      <elements>
         <main_verb>fa</main_verb>
         <main_verb_base>fare</main_verb_base>
         <keywords>
            <keyword>giorni</keyword>
         </keywords>
      </elements>
   </entry>
   <entry section_id="314158365245" section_title="Verbi irregolari" section_index="1">
      <sentence vocab_in_use="True" grammar_in_use="True" grammar_point="Verbi irregolari">Loro non vengono alla festa domani sera.</sentence>
      <translations lang="en">
         <translation>They don’t come to the party tomorrow evening.</translation>
      </translations>
      <translations lang="ar">
         <translation>إنهم لن يأتوا إلى الحفلة مساء الغد.</translation>
      </translations>
      <elements>
         <main_verb>vengono</main_verb>
         <main_verb_base>venire</main_verb_base>
         <keywords>
            <keyword>festa</keyword>
            <keyword>domani</keyword>
            <keyword>sera</keyword>
         </keywords>
      </elements>
   </entry>
   <entry section_id="314158365245" section_title="Verbi irregolari" section_index="1">
      <sentence vocab_in_use="True" grammar_in_use="True" grammar_point="Verbi irregolari">Tu esci il sabato sera?</sentence>
      <translations lang="en">
         <translation>Do you go out on Saturday evening?</translation>
      </translations>
      <translations lang="ar">
         <translation>هل ستخرج يوم السبت مساءً؟</translation>
      </translations>
      <elements>
         <main_verb>esci</main_verb>
         <main_verb_base>uscire</main_verb_base>
         <keywords>
            <keyword>sabato</keyword>
            <keyword>sera</keyword>
         </keywords>
      </elements>
   </entry>
   <entry section_id="314158365245" section_title="Verbi irregolari" section_index="1">
      <sentence vocab_in_use="True" grammar_in_use="True" grammar_point="Verbi irregolari">Maria esce spesso con Anna.</sentence>
      <translations lang="en">
         <translation>Maria often goes out with Anna.</translation>
      </translations>
      <translations lang="ar">
         <translation>Maria تخرج مع Anna كثيرًا.</translation>
      </translations>
      <elements>
         <main_verb>esce</main_verb>
         <main_verb_base>uscire</main_verb_base>
         <keywords>
            <keyword>spesso</keyword>
         </keywords>
      </elements>
   </entry>
   <entry section_id="314158365245" section_title="Verbi irregolari" section_index="1">
      <sentence vocab_in_use="True" grammar_in_use="True" grammar_point="Verbi irregolari">Voi uscite il venerdì sera?</sentence>
      <translations lang="en">
         <translation>Do you go out on Friday evening?</translation>
      </translations>
      <translations lang="ar">
         <translation>هل ستخرجون يوم الجمعة مساءً؟</translation>
      </translations>
      <elements>
         <main_verb>uscite</main_verb>
         <main_verb_base>uscire</main_verb_base>
         <keywords>
            <keyword>venerdì</keyword>
            <keyword>sera</keyword>
         </keywords>
      </elements>
   </entry>
   <entry section_id="314158365245" section_title="Verbi irregolari" section_index="1">
      <sentence vocab_in_use="True" grammar_in_use="True" grammar_point="Verbi irregolari">Giulia, vieni a prendere un gelato con me?</sentence>
      <translations lang="en">
         <translation>Giulia, are you coming to get an ice cream with me?</translation>
      </translations>
      <translations lang="ar">
         <translation>يا Giulia، هل تأتين لتناوُل المُثلَّجات معي؟</translation>
      </translations>
      <elements>
         <keywords>
            <keyword>prendere un gelato</keyword>
         </keywords>
      </elements>
   </entry>
   <entry section_id="314158365245" section_title="Verbi irregolari" section_index="1">
      <sentence vocab_in_use="True" grammar_in_use="True" grammar_point="Verbi irregolari">Heba non viene a scuola oggi.</sentence>
      <translations lang="en">
         <translation>Heba does not come to school today.</translation>
      </translations>
      <translations lang="ar">
         <translation>Heba لن تأتي إلى المدرسة اليوم.</translation>
      </translations>
      <elements>
         <main_verb>viene</main_verb>
         <main_verb_base>venire</main_verb_base>
         <keywords>
            <keyword>oggi</keyword>
         </keywords>
      </elements>
   </entry>
   <entry section_id="314158365245" section_title="Verbi irregolari" section_index="1">
      <sentence vocab_in_use="True" grammar_in_use="True" grammar_point="Verbi irregolari">Noi andiamo a un concerto domenica.</sentence>
      <translations lang="en">
         <translation>We go to a concert on Sunday.</translation>
      </translations>
      <translations lang="ar">
         <translation>سنذهب إلى حفلة موسيقيَّة يوم الأحد.</translation>
      </translations>
      <elements>
         <main_verb>andiamo</main_verb>
         <main_verb_base>andare</main_verb_base>
         <keywords>
            <keyword>concerto</keyword>
            <keyword>domenica</keyword>
         </keywords>
      </elements>
   </entry>
   <entry section_id="314158365245" section_title="Verbi irregolari" section_index="1">
      <sentence vocab_in_use="True" grammar_in_use="True" grammar_point="Verbi irregolari">Voi andate al cinema domani?</sentence>
      <translations lang="en">
         <translation>Do you go to the cinema tomorrow?</translation>
      </translations>
      <translations lang="ar">
         <translation>هل ستذهبون إلى السينما غدًا؟</translation>
      </translations>
      <elements>
         <main_verb>andate</main_verb>
         <main_verb_base>andare</main_verb_base>
         <keywords>
            <keyword>cinema</keyword>
            <keyword>domani</keyword>
         </keywords>
      </elements>
   </entry>
   <entry section_id="314158365245" section_title="Verbi irregolari" section_index="1">
      <sentence vocab_in_use="True" grammar_in_use="True" grammar_point="Verbi irregolari">Anna, perché non vai a scuola oggi?</sentence>
      <translations lang="en">
         <translation>Anna, why don’t you go to school today?</translation>
      </translations>
      <translations lang="ar">
         <translation>يا Anna، لماذا لم تذهبي إلى المدرسة اليوم؟</translation>
      </translations>
      <elements>
         <keywords>
            <keyword>oggi</keyword>
         </keywords>
      </elements>
   </entry>
   <entry section_id="314158365245" section_title="Verbi irregolari" section_index="1">
      <sentence vocab_in_use="True" grammar_in_use="True" grammar_point="Verbi irregolari">Vai a un concerto di musica rock?</sentence>
      <translations lang="en">
         <translation>Do you go to a rock music concert?</translation>
      </translations>
      <translations lang="ar">
         <translation>هل تذهب إلى حفل موسيقى الرُّوك؟</translation>
      </translations>
      <elements>
         <keywords>
            <keyword>concerto</keyword>
         </keywords>
      </elements>
   </entry>
   <entry section_id="314158365245" section_title="Verbi irregolari" section_index="1">
      <sentence vocab_in_use="True" grammar_in_use="True" grammar_point="Verbi irregolari" max_chunks="7">Mario gioca sempre al computer.</sentence>
      <translations lang="en">
         <translation>Mario always plays on the computer.</translation>
      </translations>
      <translations lang="ar">
         <translation>Mario يلعب دائمًا بالحاسب الآليِّ.</translation>
      </translations>
      <elements>
         <main_verb>gioca</main_verb>
         <main_verb_base>giocare</main_verb_base>
         <keywords>
            <keyword>sempre</keyword>
         </keywords>
      </elements>
   </entry>
   <entry section_id="314158365245" section_title="Verbi irregolari" section_index="1">
      <sentence vocab_in_use="False" grammar_in_use="True" grammar_point="Verbi irregolari" max_chunks="7">Tu perché non fai sport?</sentence>
      <translations lang="en">
         <translation>Why don’t you play any sports?</translation>
      </translations>
      <translations lang="ar">
         <translation>لماذا لا تُمارِس الرياضة؟</translation>
      </translations>
      <elements>
         <main_verb>fai</main_verb>
         <main_verb_base>fare</main_verb_base>
      </elements>
   </entry>
   <entry section_id="314158365245" section_title="Verbi irregolari" section_index="1">
      <sentence vocab_in_use="True" grammar_in_use="True" grammar_point="Verbi irregolari">Io non esco stasera.</sentence>
      <translations lang="en">
         <translation>I don’t go out tonight.</translation>
      </translations>
      <translations lang="ar">
         <translation>أنا لن أخرج الليلة.</translation>
      </translations>
      <elements>
         <main_verb>esco</main_verb>
         <main_verb_base>uscire</main_verb_base>
         <keywords>
            <keyword>stasera</keyword>
         </keywords>
      </elements>
   </entry>
   <entry section_id="314158365245" section_title="Verbi irregolari" section_index="1">
      <sentence vocab_in_use="True" grammar_in_use="True" grammar_point="Verbi irregolari">Io vado spesso al cinema il sabato sera.</sentence>
      <translations lang="en">
         <translation>I often go to the cinema on Saturday evening.</translation>
      </translations>
      <translations lang="ar">
         <translation>أنا أذهب غالبًا إلى السينما يوم السبت مساءً.</translation>
      </translations>
      <elements>
         <main_verb>vado</main_verb>
         <main_verb_base>andare</main_verb_base>
         <keywords>
            <keyword>cinema</keyword>
            <keyword>sabato</keyword>
            <keyword>sera</keyword>
            <keyword>spesso</keyword>
         </keywords>
      </elements>
   </entry>
   <entry section_id="314158365245" section_title="Verbi irregolari" section_index="1">
      <sentence vocab_in_use="True" grammar_in_use="True" grammar_point="Verbi irregolari">Io faccio sport il mercoledì e il venerdì.</sentence>
      <translations lang="en">
         <translation>I do sports on Wednesday and Friday.</translation>
      </translations>
      <translations lang="ar">
         <translation>أنا أُمارِس الرياضة يومَي الأربعاء والجمعة.</translation>
      </translations>
      <elements>
         <main_verb>faccio</main_verb>
         <main_verb_base>fare</main_verb_base>
         <keywords>
            <keyword>mercoledì</keyword>
            <keyword>venerdì</keyword>
         </keywords>
      </elements>
   </entry>
   <entry section_id="314158365245" section_title="Verbi irregolari" section_index="1">
      <sentence vocab_in_use="True" grammar_in_use="True" grammar_point="Verbi irregolari">Le ragazze vanno a mangiare un panino.</sentence>
      <translations lang="en">
         <translation>The girls go to eat a sandwich.</translation>
      </translations>
      <translations lang="ar">
         <translation>الفتيات يذهبنَ لتناوُل شطيرة.</translation>
      </translations>
      <elements>
         <main_verb>vanno</main_verb>
         <main_verb_base>andare</main_verb_base>
         <keywords>
            <keyword>panino</keyword>
         </keywords>
      </elements>
   </entry>
   <entry section_id="314158365245" section_title="Verbi irregolari" section_index="1">
      <sentence vocab_in_use="True" grammar_in_use="True" grammar_point="Verbi irregolari">Anna fa sempre i compiti.</sentence>
      <translations lang="en">
         <translation>Anna always does the homework.</translation>
      </translations>
      <translations lang="ar">
         <translation>Anna تُؤدِّي الواجبات المدرسيَّة دائمًا.</translation>
      </translations>
      <elements>
         <main_verb>fa</main_verb>
         <main_verb_base>fare</main_verb_base>
         <keywords>
            <keyword>compiti</keyword>
            <keyword>sempre</keyword>
         </keywords>
      </elements>
   </entry>
   <entry section_id="314158365245" section_title="Verbi irregolari" section_index="1">
      <sentence vocab_in_use="True" grammar_in_use="True" grammar_point="Verbi irregolari">Noi andiamo spesso a teatro.</sentence>
      <translations lang="en">
         <translation>We often go to the theatre.</translation>
      </translations>
      <translations lang="ar">
         <translation>نحن نذهب إلى المسرح كثيرًا.</translation>
      </translations>
      <elements>
         <main_verb>andiamo</main_verb>
         <main_verb_base>andare</main_verb_base>
         <keywords>
            <keyword>teatro</keyword>
            <keyword>spesso</keyword>
         </keywords>
      </elements>
   </entry>
   <entry section_id="314158365245" section_title="Verbi irregolari" section_index="1">
      <sentence vocab_in_use="True" grammar_in_use="True" grammar_point="Verbi irregolari">Gli studenti fanno sport tutti i giorni.</sentence>
      <translations lang="en">
         <translation>Students do sport every day.</translation>
      </translations>
      <translations lang="ar">
         <translation>الطلاب يُمارِسون الرياضة كلَّ يوم.</translation>
      </translations>
      <elements>
         <main_verb>fanno</main_verb>
         <main_verb_base>fare</main_verb_base>
         <keywords>
            <keyword>giorni</keyword>
         </keywords>
      </elements>
   </entry>
   <entry section_id="314158365245" section_title="Verbi irregolari" section_index="1">
      <sentence vocab_in_use="True" grammar_in_use="True" grammar_point="Verbi irregolari">Sara, vieni alla festa di Giulia stasera?</sentence>
      <translations lang="en">
         <translation>Sara, are you coming to Giulia’s party tonight?</translation>
      </translations>
      <translations lang="ar">
         <translation>يا Sara، هل ستأتين إلى حفلة Giulia الليلة؟</translation>
      </translations>
      <elements>
         <keywords>
            <keyword>festa</keyword>
            <keyword>stasera</keyword>
         </keywords>
      </elements>
   </entry>
   <entry section_id="314158365245" section_title="Verbi irregolari" section_index="1">
      <sentence vocab_in_use="True" grammar_in_use="True" grammar_point="Verbi irregolari">Ragazzi, venite al cinema stasera?</sentence>
      <translations lang="en">
         <translation>Guys, are you going to the cinema tonight?</translation>
      </translations>
      <translations lang="ar">
         <translation>يا رفاق، هل ستذهبون إلى السينما الليلة؟</translation>
      </translations>
      <elements>
         <keywords>
            <keyword>cinema</keyword>
            <keyword>stasera</keyword>
         </keywords>
      </elements>
   </entry>
   <entry section_id="314158365245" section_title="Verbi irregolari" section_index="1">
      <sentence vocab_in_use="True" grammar_in_use="True" grammar_point="Verbi irregolari">No, loro non vengono a teatro oggi.</sentence>
      <translations lang="en">
         <translation>No, they don’t come to the theatre today.</translation>
      </translations>
      <translations lang="ar">
         <translation>لا، لن يأتوا إلى المسرح اليوم.</translation>
      </translations>
      <elements>
         <main_verb>vengono</main_verb>
         <main_verb_base>venire</main_verb_base>
         <keywords>
            <keyword>teatro</keyword>
            <keyword>oggi</keyword>
         </keywords>
      </elements>
   </entry>
   <entry section_id="314158365245" section_title="Verbi irregolari" section_index="1">
      <sentence vocab_in_use="False" grammar_in_use="True" grammar_point="Verbi irregolari">Noi siamo italiani, veniamo da Roma.</sentence>
      <translations lang="en">
         <translation>We are Italian, we come from Rome.</translation>
      </translations>
      <translations lang="ar">
         <translation>نحن إيطاليُّون؛ أتينا من روما.</translation>
      </translations>
      <elements>
         <main_verb>veniamo</main_verb>
         <main_verb_base>venire</main_verb_base>
      </elements>
   </entry>
   <entry section_id="314158365245" section_title="Verbi irregolari" section_index="1">
      <sentence vocab_in_use="True" grammar_in_use="True" grammar_point="Verbi irregolari">Noi andiamo a Firenze oggi.</sentence>
      <translations lang="en">
         <translation>We go to Florence today.</translation>
      </translations>
      <translations lang="ar">
         <translation>نحن سنذهب إلى فلورنسا اليوم.</translation>
      </translations>
      <elements>
         <main_verb>andiamo</main_verb>
         <main_verb_base>andare</main_verb_base>
         <keywords>
            <keyword>oggi</keyword>
         </keywords>
      </elements>
   </entry>
   <entry section_id="314158365245" section_title="Verbi irregolari" section_index="1">
      <sentence vocab_in_use="True" grammar_in_use="True" grammar_point="Verbi irregolari">Io esco con Ahmed giovedì sera.</sentence>
      <translations lang="en">
         <translation>I go out with Ahmed on Thursday evening.</translation>
      </translations>
      <translations lang="ar">
         <translation>أنا سأخرج مع Ahmed الخميس مساءً.</translation>
      </translations>
      <elements>
         <main_verb>esco</main_verb>
         <main_verb_base>uscire</main_verb_base>
         <keywords>
            <keyword>giovedì</keyword>
            <keyword>sera</keyword>
         </keywords>
      </elements>
   </entry>
   <entry section_id="314158365245" section_title="Verbi irregolari" section_index="1">
      <sentence vocab_in_use="True" grammar_in_use="True" grammar_point="Verbi irregolari">Loro vanno a un concerto domani sera.</sentence>
      <translations lang="en">
         <translation>They go to a concert tomorrow evening.</translation>
      </translations>
      <translations lang="ar">
         <translation>هُمْ سيذهبون إلى حفلة موسيقيَّة مساء الغد.</translation>
      </translations>
      <elements>
         <main_verb>vanno</main_verb>
         <main_verb_base>andare</main_verb_base>
         <keywords>
            <keyword>concerto</keyword>
            <keyword>domani</keyword>
            <keyword>sera</keyword>
         </keywords>
      </elements>
   </entry>
   <entry section_id="314158365245" section_title="Verbi irregolari" section_index="1">
      <sentence vocab_in_use="True" grammar_in_use="True" grammar_point="Verbi irregolari">Nada fa i compiti la sera.</sentence>
      <translations lang="en">
         <translation>Nada does the homework in the evening.</translation>
      </translations>
      <translations lang="ar">
         <translation>Nada تُؤدِّي الواجبات المدرسيَّة في المساء.</translation>
      </translations>
      <elements>
         <main_verb>fa</main_verb>
         <main_verb_base>fare</main_verb_base>
         <keywords>
            <keyword>compiti</keyword>
            <keyword>sera</keyword>
         </keywords>
      </elements>
   </entry>
   <entry section_id="314158365245" section_title="Verbi irregolari" section_index="1">
      <sentence vocab_in_use="True" grammar_in_use="True" grammar_point="Verbi irregolari">Andiamo a giocare a pallacanestro domani?</sentence>
      <translations lang="en">
         <translation>Let’s go playing basketball tomorrow?</translation>
      </translations>
      <translations lang="ar">
         <translation>هل سنذهب لِلَعب كرة السلَّة غدًا؟</translation>
      </translations>
      <elements>
         <keywords>
            <keyword>giocare a pallacanestro</keyword>
            <keyword>domani</keyword>
         </keywords>
      </elements>
   </entry>
   <entry section_id="314158365245" section_title="Verbi irregolari" section_index="1">
      <sentence vocab_in_use="False" grammar_in_use="True" grammar_point="Verbi irregolari">Marco, vieni a mangiare una pizza con noi?</sentence>
      <translations lang="en">
         <translation>Marco, are you coming with us to eat a pizza?</translation>
      </translations>
      <translations lang="ar">
         <translation>Marco، هل تأتي لتأكل بيتزا معنا؟</translation>
      </translations>
   </entry>
   <entry section_id="314158365245" section_title="Verbi irregolari" section_index="1">
      <sentence vocab_in_use="False" grammar_in_use="True" grammar_point="Verbi irregolari">Loro vengono da Milano.</sentence>
      <translations lang="en">
         <translation>They come from Milan.</translation>
      </translations>
      <translations lang="ar">
         <translation>هُمْ جاءوا من ميلانو.</translation>
      </translations>
      <elements>
         <main_verb>vengono</main_verb>
         <main_verb_base>venire</main_verb_base>
      </elements>
   </entry>
   <entry section_id="314158365245" section_title="Verbi irregolari" section_index="1">
      <sentence vocab_in_use="True" grammar_in_use="True" grammar_point="Verbi irregolari">Noi andiamo in centro a fare spese.</sentence>
      <translations lang="en">
         <translation>We go shopping in the city centre.</translation>
      </translations>
      <translations lang="ar">
         <translation>نحن نذهب إلى وسط المدينة للتسوُّق.</translation>
      </translations>
      <elements>
         <main_verb>andiamo</main_verb>
         <main_verb_base>andare</main_verb_base>
         <keywords>
            <keyword>fare</keyword>
            <keyword>fare spese</keyword>
         </keywords>
      </elements>
   </entry>
   <entry section_id="314158365245" section_title="Verbi irregolari" section_index="1">
      <sentence vocab_in_use="False" grammar_in_use="True" grammar_point="Verbi irregolari">Io faccio la prima media.</sentence>
      <translations lang="en">
         <translation>I am in the first year of middle school.</translation>
      </translations>
      <translations lang="ar">
         <translation>أنا في السنة الأولى من المرحلة الإعداديَّة.</translation>
      </translations>
      <elements>
         <main_verb>faccio</main_verb>
         <main_verb_base>fare</main_verb_base>
      </elements>
   </entry>
   <entry section_id="314158365245" section_title="Verbi irregolari" section_index="1">
      <sentence vocab_in_use="True" grammar_in_use="True" grammar_point="Verbi irregolari">Noi non facciamo colazione di solito.</sentence>
      <translations lang="en">
         <translation>We don’t usually have breakfast.</translation>
      </translations>
      <translations lang="ar">
         <translation>نحن لا نتناول الإفطار عادةً.</translation>
      </translations>
      <elements>
         <main_verb>facciamo</main_verb>
         <main_verb_base>fare</main_verb_base>
         <keywords>
            <keyword>colazione</keyword>
         </keywords>
      </elements>
   </entry>
   <entry section_id="314158365245" section_title="Verbi irregolari" section_index="1">
      <sentence vocab_in_use="True" grammar_in_use="True" grammar_point="Verbi irregolari">Lui non va spesso al cinema, preferisce giocare ai videogiochi.</sentence>
      <translations lang="en">
         <translation>He doesn’t often go to the cinema, he prefers to play video games.</translation>
      </translations>
      <translations lang="ar">
         <translation>إنه لا يذهب إلى السينما كثيرًا؛ فهو يُفضِّل لعب ألعاب الفيديو.</translation>
      </translations>
      <elements>
         <main_verb>va</main_verb>
         <main_verb_base>andare</main_verb_base>
         <keywords>
            <keyword>cinema</keyword>
            <keyword>giocare ai videogiochi</keyword>
            <keyword>videogiochi</keyword>
            <keyword>spesso</keyword>
         </keywords>
      </elements>
   </entry>
   <entry section_id="314158365245" section_title="Verbi irregolari" section_index="1">
      <sentence vocab_in_use="True" grammar_in_use="True" grammar_point="Verbi irregolari">Paolo non viene al cinema oggi.</sentence>
      <translations lang="en">
         <translation>Paolo does not come to the cinema today.</translation>
      </translations>
      <translations lang="ar">
         <translation>Paolo لن يأتي إلى السينما اليوم.</translation>
      </translations>
      <elements>
         <main_verb>viene</main_verb>
         <main_verb_base>venire</main_verb_base>
         <keywords>
            <keyword>cinema</keyword>
            <keyword>oggi</keyword>
         </keywords>
      </elements>
   </entry>
   <entry section_id="314158365245" section_title="Verbi irregolari" section_index="1">
      <sentence vocab_in_use="True" grammar_in_use="True" grammar_point="Verbi irregolari">Andiamo a giocare a pallacanestro?</sentence>
      <translations lang="en">
         <translation>Shall we go play basketball?</translation>
      </translations>
      <translations lang="ar">
         <translation>هل نذهب لِلَعب كرة السلَّة؟</translation>
      </translations>
      <elements>
         <keywords>
            <keyword>giocare a pallacanestro</keyword>
         </keywords>
      </elements>
   </entry>
   <entry section_id="314158365245" section_title="Verbi irregolari" section_index="1">
      <sentence vocab_in_use="True" grammar_in_use="True" grammar_point="Verbi irregolari">Anna, vieni al cinema con me?</sentence>
      <translations lang="en">
         <translation>Anna, are you coming to the cinema with me?</translation>
      </translations>
      <translations lang="ar">
         <translation>يا Anna، هل ستأتين إلى السينما معي؟</translation>
      </translations>
      <elements>
         <keywords>
            <keyword>cinema</keyword>
         </keywords>
      </elements>
   </entry>
   <entry section_id="314158365245" section_title="Verbi irregolari" section_index="1">
      <sentence vocab_in_use="True" grammar_in_use="True" grammar_point="Verbi irregolari">Chiara esce con la mamma.</sentence>
      <translations lang="en">
         <translation>Chiara goes out with her mother.</translation>
      </translations>
      <translations lang="ar">
         <translation>Chiara تخرج مع أمِّها.</translation>
      </translations>
      <elements>
         <main_verb>esce</main_verb>
         <main_verb_base>uscire</main_verb_base>
         <keywords>
            <keyword>mamma</keyword>
         </keywords>
      </elements>
   </entry>
   <entry section_id="314158365245" section_title="Verbi irregolari" section_index="1">
      <sentence vocab_in_use="True" grammar_in_use="True" grammar_point="Verbi irregolari">Paolo e Dino vanno a scuola insieme.</sentence>
      <translations lang="en">
         <translation>Paolo and Dino go to school together.</translation>
      </translations>
      <translations lang="ar">
         <translation>Paolo وDino يذهبان إلى السينما معًا.</translation>
      </translations>
      <elements>
         <main_verb>vanno</main_verb>
         <main_verb_base>andare</main_verb_base>
         <keywords>
            <keyword>insieme</keyword>
         </keywords>
      </elements>
   </entry>
   <entry section_id="314158365245" section_title="Verbi irregolari" section_index="1">
      <sentence vocab_in_use="True" grammar_in_use="True" grammar_point="Verbi irregolari">Dino, esci con noi stasera?</sentence>
      <translations lang="en">
         <translation>Dino, do you go out with us tonight?</translation>
      </translations>
      <translations lang="ar">
         <translation>يا Dino، هل ستخرج معنا الليلة؟</translation>
      </translations>
      <elements>
         <main_verb>esci</main_verb>
         <main_verb_base>uscire</main_verb_base>
         <keywords>
            <keyword>stasera</keyword>
         </keywords>
      </elements>
   </entry>
   <entry section_id="314158365245" section_title="Verbi irregolari" section_index="1">
      <sentence vocab_in_use="True" grammar_in_use="True" grammar_point="Verbi irregolari">Voi andate al cinema domani sera?</sentence>
      <translations lang="en">
         <translation>Do you go to the cinema tomorrow evening?</translation>
      </translations>
      <translations lang="ar">
         <translation>هل ستذهبون إلى السينما مساء الغد؟</translation>
      </translations>
      <elements>
         <main_verb>andate</main_verb>
         <main_verb_base>andare</main_verb_base>
         <keywords>
            <keyword>cinema</keyword>
            <keyword>domani</keyword>
            <keyword>sera</keyword>
         </keywords>
      </elements>
   </entry>
   <entry section_id="314158365245" section_title="Verbi irregolari" section_index="1">
      <sentence vocab_in_use="True" grammar_in_use="True" grammar_point="Verbi irregolari">I ragazzi vanno a una festa.</sentence>
      <translations lang="en">
         <translation>The boys go to a party.</translation>
      </translations>
      <translations lang="ar">
         <translation>الأولاد سيذهبون إلى حفلة.</translation>
      </translations>
      <elements>
         <main_verb>vanno</main_verb>
         <main_verb_base>andare</main_verb_base>
         <keywords>
            <keyword>festa</keyword>
         </keywords>
      </elements>
   </entry>
   <entry section_id="314158365245" section_title="Verbi irregolari" section_index="1">
      <sentence vocab_in_use="True" grammar_in_use="True" grammar_point="Verbi irregolari">Noi usciamo con gli amici il fine settimana.</sentence>
      <translations lang="en">
         <translation>We go out with friends on the weekend.</translation>
      </translations>
      <translations lang="ar">
         <translation>نحن سنخرج مع الأصدقاء في عطلة نهاية الأسبوع.</translation>
      </translations>
      <elements>
         <main_verb>usciamo</main_verb>
         <main_verb_base>uscire</main_verb_base>
         <keywords>
            <keyword>fine settimana</keyword>
            <keyword>settimana</keyword>
         </keywords>
      </elements>
   </entry>
   <entry section_id="314158365245" section_title="Verbi irregolari" section_index="1">
      <sentence vocab_in_use="True" grammar_in_use="True" grammar_point="Verbi irregolari">Ragazzi, cosa fate domani sera?</sentence>
      <translations lang="en">
         <translation>Guys, what are you doing tomorrow night?</translation>
      </translations>
      <translations lang="ar">
         <translation>يا رفاق، ماذا ستفعلون مساء الغد؟</translation>
      </translations>
      <elements>
         <keywords>
            <keyword>domani</keyword>
            <keyword>sera</keyword>
         </keywords>
      </elements>
   </entry>
   <entry section_id="314158365245" section_title="Verbi irregolari" section_index="1">
      <sentence vocab_in_use="True" grammar_in_use="True" grammar_point="Verbi irregolari">Noi veniamo in Italia domani.</sentence>
      <translations lang="en">
         <translation>We come to Italy tomorrow.</translation>
      </translations>
      <translations lang="ar">
         <translation>نحن سنذهب إلى إيطاليا غدًا.</translation>
      </translations>
      <elements>
         <main_verb>veniamo</main_verb>
         <main_verb_base>venire</main_verb_base>
         <keywords>
            <keyword>domani</keyword>
         </keywords>
      </elements>
   </entry>
   <entry section_id="314158365245" section_title="Verbi irregolari" section_index="1">
      <sentence vocab_in_use="True" grammar_in_use="True" grammar_point="Verbi irregolari">Io e Mario usciamo spesso insieme.</sentence>
      <translations lang="en">
         <translation>Mario and I often get out together.</translation>
      </translations>
      <translations lang="ar">
         <translation>أنا وMario نخرج معًا غالبًا.</translation>
      </translations>
      <elements>
         <main_verb>usciamo</main_verb>
         <main_verb_base>uscire</main_verb_base>
         <keywords>
            <keyword>insieme</keyword>
            <keyword>spesso</keyword>
         </keywords>
      </elements>
   </entry>
   <entry section_id="314158365245" section_title="Verbi irregolari" section_index="1">
      <sentence vocab_in_use="False" grammar_in_use="True" grammar_point="Verbi irregolari">Paolo non esce con noi di solito.</sentence>
      <translations lang="en">
         <translation>Paolo does not usually go out with us.</translation>
      </translations>
      <translations lang="ar">
         <translation>Paolo لا يخرج معنا عادةً.</translation>
      </translations>
      <elements>
         <main_verb>esce</main_verb>
         <main_verb_base>uscire</main_verb_base>
      </elements>
   </entry>
   <entry section_id="314158365245" section_title="Verbi irregolari" section_index="1">
      <sentence vocab_in_use="True" grammar_in_use="True" grammar_point="Verbi irregolari">Nada, cosa fai il sabato di solito?</sentence>
      <translations lang="en">
         <translation>Nada, what do you usually do on Saturday?</translation>
      </translations>
      <translations lang="ar">
         <translation>Nada، ماذا تفعلين يوم السبت عادةً؟</translation>
      </translations>
      <elements>
         <keywords>
            <keyword>sabato</keyword>
         </keywords>
      </elements>
   </entry>
   <entry section_id="314158365245" section_title="Verbi irregolari" section_index="1">
      <sentence vocab_in_use="True" grammar_in_use="True" grammar_point="Verbi irregolari">Ragazze, andate al cinema domani?</sentence>
      <translations lang="en">
         <translation>Girls, do you go to the cinema tomorrow?</translation>
      </translations>
      <translations lang="ar">
         <translation>يا فتيات، هل ستذهبنَ إلى السينما غدًا؟</translation>
      </translations>
      <elements>
         <keywords>
            <keyword>cinema</keyword>
            <keyword>domani</keyword>
         </keywords>
      </elements>
   </entry>
   <entry section_id="314158365245" section_title="Verbi irregolari" section_index="1">
      <sentence vocab_in_use="True" grammar_in_use="True" grammar_point="Verbi irregolari">Noi facciamo sport il lunedì e il mercoledì.</sentence>
      <translations lang="en">
         <translation>We do sports on Monday and Wednesday.</translation>
      </translations>
      <translations lang="ar">
         <translation>نحن نُمارِس الرياضة يومَي الإثنين والأربعاء.</translation>
      </translations>
      <elements>
         <main_verb>facciamo</main_verb>
         <main_verb_base>fare</main_verb_base>
         <keywords>
            <keyword>lunedì</keyword>
            <keyword>mercoledì</keyword>
         </keywords>
      </elements>
   </entry>
   <entry section_id="314158365245" section_title="Verbi irregolari" section_index="1">
      <sentence vocab_in_use="False" grammar_in_use="True" grammar_point="Verbi irregolari">Ragazzi, venite a giocare a calcio?</sentence>
      <translations lang="en">
         <translation>Guys, are you coming to play football?</translation>
      </translations>
      <translations lang="ar">
         <translation>يا رفاق، هل تأتون لِلَعب كرة القدم؟</translation>
      </translations>
   </entry>
   <entry section_id="314158365245" section_title="Verbi irregolari" section_index="1">
      <sentence vocab_in_use="True" grammar_in_use="True" grammar_point="Verbi irregolari">Noi non andiamo a scuola domani.</sentence>
      <translations lang="en">
         <translation>We don’t go to school tomorrow.</translation>
      </translations>
      <translations lang="ar">
         <translation>نحن لن نذهب إلى المدرسة غدًا.</translation>
      </translations>
      <elements>
         <main_verb>andiamo</main_verb>
         <main_verb_base>andare</main_verb_base>
         <keywords>
            <keyword>domani</keyword>
         </keywords>
      </elements>
   </entry>
   <entry section_id="314158365245" section_title="Verbi irregolari" section_index="1">
      <sentence vocab_in_use="True" grammar_in_use="True" grammar_point="Verbi irregolari">Voi fate spese il fine settimana di solito?</sentence>
      <translations lang="en">
         <translation>Do you usually go shopping on the weekend?</translation>
      </translations>
      <translations lang="ar">
         <translation>هل تذهبون للتسوُّق في عطلة نهاية الأسبوع عادةً.</translation>
      </translations>
      <elements>
         <main_verb>fate</main_verb>
         <main_verb_base>fare</main_verb_base>
         <keywords>
            <keyword>fine settimana</keyword>
            <keyword>settimana</keyword>
         </keywords>
      </elements>
   </entry>
   <entry section_id="314158365245" section_title="Verbi irregolari" section_index="1">
      <sentence vocab_in_use="True" grammar_in_use="True" grammar_point="Verbi irregolari">Lei fa colazione la mattina.</sentence>
      <translations lang="en">
         <translation>She has breakfast in the morning.</translation>
      </translations>
      <translations lang="ar">
         <translation>هي تتناول الإفطار في الصباح.</translation>
      </translations>
      <elements>
         <main_verb>fa</main_verb>
         <main_verb_base>fare</main_verb_base>
         <keywords>
            <keyword>colazione</keyword>
         </keywords>
      </elements>
   </entry>
   <entry section_id="314158365245" section_title="Verbi irregolari" section_index="1">
      <sentence vocab_in_use="True" grammar_in_use="True" grammar_point="Verbi irregolari">Io e Anna veniamo a teatro.</sentence>
      <translations lang="en">
         <translation>Anna and I come to the theatre.</translation>
      </translations>
      <translations lang="ar">
         <translation>أنا وAnna سنأتي إلى المسرح.</translation>
      </translations>
      <elements>
         <main_verb>veniamo</main_verb>
         <main_verb_base>venire</main_verb_base>
         <keywords>
            <keyword>teatro</keyword>
         </keywords>
      </elements>
   </entry>
   <entry section_id="314158365245" section_title="Verbi irregolari" section_index="1">
      <sentence vocab_in_use="True" grammar_in_use="True" grammar_point="Verbi irregolari" max_chunks="7">Noi andiamo al cinema la domenica di solito.</sentence>
      <translations lang="en">
         <translation>We usually go to the cinema on Sundays.</translation>
      </translations>
      <translations lang="ar">
         <translation>نحن نذهب إلى السينما يوم الأحد عادةً.</translation>
      </translations>
      <elements>
         <main_verb>andiamo</main_verb>
         <main_verb_base>andare</main_verb_base>
         <keywords>
            <keyword>cinema</keyword>
            <keyword>domenica</keyword>
         </keywords>
      </elements>
   </entry>
   <entry section_id="314158365245" section_title="Verbi irregolari" section_index="1">
      <sentence vocab_in_use="False" grammar_in_use="True" grammar_point="Verbi irregolari">Io vado in centro con Anna.</sentence>
      <translations lang="en">
         <translation>I go to the city centre with Anna.</translation>
      </translations>
      <translations lang="ar">
         <translation>أنا أذهب إلى مركز المدينة مع Anna.</translation>
      </translations>
      <elements>
         <main_verb>vado</main_verb>
         <main_verb_base>andare</main_verb_base>
      </elements>
   </entry>
   <entry section_id="314158365245" section_title="Verbi irregolari" section_index="1">
      <sentence vocab_in_use="True" grammar_in_use="True" grammar_point="Verbi irregolari">Tu fai sport la domenica?</sentence>
      <translations lang="en">
         <translation>Do you play sports on Sundays?</translation>
      </translations>
      <translations lang="ar">
         <translation>هل تُمارِس الرياضة يوم الأحد؟</translation>
      </translations>
      <elements>
         <main_verb>fai</main_verb>
         <main_verb_base>fare</main_verb_base>
         <keywords>
            <keyword>domenica</keyword>
         </keywords>
      </elements>
   </entry>
   <entry section_id="314158365245" section_title="Verbi irregolari" section_index="1">
      <sentence vocab_in_use="True" grammar_in_use="True" grammar_point="Verbi irregolari">Vieni a un concerto con me?</sentence>
      <translations lang="en">
         <translation>Are you coming to a concert with me?</translation>
      </translations>
      <translations lang="ar">
         <translation>هل تأتي إلى حفلة موسيقيَّة معي؟</translation>
      </translations>
      <elements>
         <main_verb>Vieni</main_verb>
         <main_verb_base>venire</main_verb_base>
         <keywords>
            <keyword>concerto</keyword>
         </keywords>
      </elements>
   </entry>
   <entry section_id="314158365245" section_title="Verbi irregolari" section_index="1">
      <sentence vocab_in_use="True" grammar_in_use="True" grammar_point="Verbi irregolari">Io vado a scuola il sabato.</sentence>
      <translations lang="en">
         <translation>I go to school on Saturdays.</translation>
      </translations>
      <translations lang="ar">
         <translation>أنا أذهب إلى المدرسة يوم السبت.</translation>
      </translations>
      <elements>
         <main_verb>vado</main_verb>
         <main_verb_base>andare</main_verb_base>
         <keywords>
            <keyword>sabato</keyword>
         </keywords>
      </elements>
   </entry>
   <entry section_id="314158365245" section_title="Verbi irregolari" section_index="1">
      <sentence vocab_in_use="True" grammar_in_use="True" grammar_point="Verbi irregolari" max_chunks="7">Lei pulisce casa tutti i giorni.</sentence>
      <translations lang="en">
         <translation>She cleans the house every day.</translation>
      </translations>
      <translations lang="ar">
         <translation>إنها تُنظِّف المنزل كلَّ يوم.</translation>
      </translations>
      <elements>
         <main_verb>pulisce</main_verb>
         <main_verb_base>pulire</main_verb_base>
         <keywords>
            <keyword>giorni</keyword>
         </keywords>
      </elements>
   </entry>
   <entry section_id="314158365245" section_title="Verbi irregolari" section_index="1">
      <sentence vocab_in_use="True" grammar_in_use="True" grammar_point="Verbi irregolari">Alessia esce spesso con le amiche.</sentence>
      <translations lang="en">
         <translation>Alessia often goes out with friends (female).</translation>
      </translations>
      <translations lang="ar">
         <translation>Alessia تخرج كثيرًا مع الصديقات.</translation>
      </translations>
      <elements>
         <main_verb>esce</main_verb>
         <main_verb_base>uscire</main_verb_base>
         <keywords>
            <keyword>spesso</keyword>
         </keywords>
      </elements>
   </entry>
</sentences>
