<?xml version="1.0" ?>
<activity id="258125017617" type="conjugation" l2="it" l1="ar" version="1">
   <course_name>italian</course_name>
   <title_prefix>تصريف الأفعال</title_prefix>
   <title>Verbi irregolari</title>
   <theme>Verbi irregolari</theme>
   <description>اختر الصيغة الصحيحة للفعل.</description>
   <sentences>
      <entry id="cc5371fb7c784cb0cd0ce5571e043cc2">
         <sentence>Alessia esce spesso con le amiche.</sentence>
         <verb>esce</verb>
         <forms>
            <form>uscire</form>
            <form>esco</form>
            <form>esci</form>
            <form>usciamo</form>
            <form>uscite</form>
            <form>escono</form>
         </forms>
      </entry>
      <entry id="41f153fdadef6b90e64ca90cf1a7364e">
         <sentence>Anna fa sempre i compiti.</sentence>
         <verb>fa</verb>
         <forms>
            <form>fare</form>
            <form>faccio</form>
            <form>fai</form>
            <form>facciamo</form>
            <form>fate</form>
            <form>fanno</form>
         </forms>
      </entry>
      <entry id="4e50bb4e1f33235a40c91f4582be0f42">
         <sentence>Anna, tu fai sport il fine settimana?</sentence>
         <verb>fai</verb>
         <forms>
            <form>fare</form>
            <form>faccio</form>
            <form>fa</form>
            <form>facciamo</form>
            <form>fate</form>
            <form>fanno</form>
         </forms>
      </entry>
      <entry id="40b507c21e9670c0967710d8150ee3b0">
         <sentence>Anna, tu vieni da Roma?</sentence>
         <verb>vieni</verb>
         <forms>
            <form>venire</form>
            <form>vengo</form>
            <form>viene</form>
            <form>veniamo</form>
            <form>venite</form>
            <form>vengono</form>
         </forms>
      </entry>
      <entry id="0d3712f0df3686e726672b928e0ce40a">
         <sentence>Chiara esce con la mamma.</sentence>
         <verb>esce</verb>
         <forms>
            <form>uscire</form>
            <form>esco</form>
            <form>esci</form>
            <form>usciamo</form>
            <form>uscite</form>
            <form>escono</form>
         </forms>
      </entry>
      <entry id="eb0d6a25de460b44d03309e9065de0b1">
         <sentence>Chiara, tu vieni al cinema stasera?</sentence>
         <verb>vieni</verb>
         <forms>
            <form>venire</form>
            <form>vengo</form>
            <form>viene</form>
            <form>veniamo</form>
            <form>venite</form>
            <form>vengono</form>
         </forms>
      </entry>
      <entry id="a5db393a1c18134766ab4599f181c2bc">
         <sentence>Dino, esci con noi stasera?</sentence>
         <verb>esci</verb>
         <forms>
            <form>uscire</form>
            <form>esco</form>
            <form>esce</form>
            <form>usciamo</form>
            <form>uscite</form>
            <form>escono</form>
         </forms>
      </entry>
      <entry id="4e3b080cfbc3eb7e11e533ba3bdb07a5">
         <sentence>Gli studenti escono a mangiare una pizza insieme.</sentence>
         <verb>escono</verb>
         <forms>
            <form>uscire</form>
            <form>esco</form>
            <form>esci</form>
            <form>esce</form>
            <form>usciamo</form>
            <form>uscite</form>
         </forms>
      </entry>
      <entry id="0164c0a3ca3dd40affa82bbc86e93f18">
         <sentence>Gli studenti fanno sport tutti i giorni.</sentence>
         <verb>fanno</verb>
         <forms>
            <form>fare</form>
            <form>faccio</form>
            <form>fai</form>
            <form>fa</form>
            <form>facciamo</form>
            <form>fate</form>
         </forms>
      </entry>
      <entry id="dd4b744ac9752bf61911c06416afb9ee">
         <sentence>Heba non viene a scuola oggi.</sentence>
         <verb>viene</verb>
         <forms>
            <form>venire</form>
            <form>vengo</form>
            <form>vieni</form>
            <form>veniamo</form>
            <form>venite</form>
            <form>vengono</form>
         </forms>
      </entry>
      <entry id="7753cec36d48446ea0e22b5646672676">
         <sentence>I ragazzi vanno a scuola a piedi.</sentence>
         <verb>vanno</verb>
         <forms>
            <form>andare</form>
            <form>vado</form>
            <form>vai</form>
            <form>va</form>
            <form>andiamo</form>
            <form>andate</form>
         </forms>
      </entry>
      <entry id="c935d87ac1919b4cb414b0a5b1aebcb8">
         <sentence>I ragazzi vanno a teatro mercoledì.</sentence>
         <verb>vanno</verb>
         <forms>
            <form>andare</form>
            <form>vado</form>
            <form>vai</form>
            <form>va</form>
            <form>andiamo</form>
            <form>andate</form>
         </forms>
      </entry>
      <entry id="5f0eb50ae1a6c5ce227f0aff899e17df">
         <sentence>I ragazzi vanno a una festa.</sentence>
         <verb>vanno</verb>
         <forms>
            <form>andare</form>
            <form>vado</form>
            <form>vai</form>
            <form>va</form>
            <form>andiamo</form>
            <form>andate</form>
         </forms>
      </entry>
      <entry id="242c7ab2fc56307291855835892ef633">
         <sentence>Io domani vado a un concerto con Chiara.</sentence>
         <verb>vado</verb>
         <forms>
            <form>andare</form>
            <form>vai</form>
            <form>va</form>
            <form>andiamo</form>
            <form>andate</form>
            <form>vanno</form>
         </forms>
      </entry>
      <entry id="687db4aac86412160554274c556e11c5">
         <sentence>Io e Anna veniamo a teatro.</sentence>
         <verb>veniamo</verb>
         <forms>
            <form>venire</form>
            <form>vengo</form>
            <form>vieni</form>
            <form>viene</form>
            <form>venite</form>
            <form>vengono</form>
         </forms>
      </entry>
      <entry id="133e79c7e25e75d5cd0e9737101cc2fd">
         <sentence>Io e Marco veniamo alla festa di Anna sabato.</sentence>
         <verb>veniamo</verb>
         <forms>
            <form>venire</form>
            <form>vengo</form>
            <form>vieni</form>
            <form>viene</form>
            <form>venite</form>
            <form>vengono</form>
         </forms>
      </entry>
      <entry id="b6913b8ae1d3cd19210ec66e47796c07">
         <sentence>Io e Mario usciamo spesso insieme.</sentence>
         <verb>usciamo</verb>
         <forms>
            <form>uscire</form>
            <form>esco</form>
            <form>esci</form>
            <form>esce</form>
            <form>uscite</form>
            <form>escono</form>
         </forms>
      </entry>
      <entry id="96ddf495d7a488e60959d30133a187ee">
         <sentence>Io e Paolo usciamo spesso insieme.</sentence>
         <verb>usciamo</verb>
         <forms>
            <form>uscire</form>
            <form>esco</form>
            <form>esci</form>
            <form>esce</form>
            <form>uscite</form>
            <form>escono</form>
         </forms>
      </entry>
      <entry id="35c081304c8e4c710d079d2d6f93c808">
         <sentence>Io e Sara andiamo al cinema il venerdì.</sentence>
         <verb>andiamo</verb>
         <forms>
            <form>andare</form>
            <form>vado</form>
            <form>vai</form>
            <form>va</form>
            <form>andate</form>
            <form>vanno</form>
         </forms>
      </entry>
      <entry id="84349f073ad9b7801b9cf3941ed86588">
         <sentence>Io esco con Ahmed giovedì sera.</sentence>
         <verb>esco</verb>
         <forms>
            <form>uscire</form>
            <form>esci</form>
            <form>esce</form>
            <form>usciamo</form>
            <form>uscite</form>
            <form>escono</form>
         </forms>
      </entry>
      <entry id="0bb2b07b8b90953359c897c7f88e5ed9">
         <sentence>Io esco con Anna oggi. Noi andiamo al cinema.</sentence>
         <verb>esco</verb>
         <forms>
            <form>uscire</form>
            <form>esci</form>
            <form>esce</form>
            <form>usciamo</form>
            <form>uscite</form>
            <form>escono</form>
         </forms>
      </entry>
      <entry id="79ad272fe915f49e7b61fa96d4855a2f">
         <sentence>Io esco con gli amici stasera.</sentence>
         <verb>esco</verb>
         <forms>
            <form>uscire</form>
            <form>esci</form>
            <form>esce</form>
            <form>usciamo</form>
            <form>uscite</form>
            <form>escono</form>
         </forms>
      </entry>
      <entry id="c60837ba55ddd350a5edeacc806cdbe5">
         <sentence>Io faccio colazione tutti i giorni.</sentence>
         <verb>faccio</verb>
         <forms>
            <form>fare</form>
            <form>fai</form>
            <form>fa</form>
            <form>facciamo</form>
            <form>fate</form>
            <form>fanno</form>
         </forms>
      </entry>
      <entry id="83c59ac21bc96f11c1e22e51f30829c0">
         <sentence>Io faccio i compiti il fine settimana di solito.</sentence>
         <verb>faccio</verb>
         <forms>
            <form>fare</form>
            <form>fai</form>
            <form>fa</form>
            <form>facciamo</form>
            <form>fate</form>
            <form>fanno</form>
         </forms>
      </entry>
      <entry id="4dbe4816704d5d8bbcf414fac7260977">
         <sentence>Io faccio la prima media.</sentence>
         <verb>faccio</verb>
         <forms>
            <form>fare</form>
            <form>fai</form>
            <form>fa</form>
            <form>facciamo</form>
            <form>fate</form>
            <form>fanno</form>
         </forms>
      </entry>
      <entry id="6fe1f72722a13126904bd45df02768a3">
         <sentence>Io faccio sport il mercoledì e il venerdì.</sentence>
         <verb>faccio</verb>
         <forms>
            <form>fare</form>
            <form>fai</form>
            <form>fa</form>
            <form>facciamo</form>
            <form>fate</form>
            <form>fanno</form>
         </forms>
      </entry>
      <entry id="3269c70dabf4c41f61da58c8d55f0839">
         <sentence>Io faccio sport tutti i giorni.</sentence>
         <verb>faccio</verb>
         <forms>
            <form>fare</form>
            <form>fai</form>
            <form>fa</form>
            <form>facciamo</form>
            <form>fate</form>
            <form>fanno</form>
         </forms>
      </entry>
      <entry id="13484f7126f8ed0ab799f967eaa49a5e">
         <sentence>Io non esco stasera.</sentence>
         <verb>esco</verb>
         <forms>
            <form>uscire</form>
            <form>esci</form>
            <form>esce</form>
            <form>usciamo</form>
            <form>uscite</form>
            <form>escono</form>
         </forms>
      </entry>
      <entry id="c386c366f2028771d7d186e4c1dba0d9">
         <sentence>Io vado a scuola il sabato.</sentence>
         <verb>vado</verb>
         <forms>
            <form>andare</form>
            <form>vai</form>
            <form>va</form>
            <form>andiamo</form>
            <form>andate</form>
            <form>vanno</form>
         </forms>
      </entry>
      <entry id="daa542e5057a3ee7514ffd4674bac88c">
         <sentence>Io vado a teatro domani.</sentence>
         <verb>vado</verb>
         <forms>
            <form>andare</form>
            <form>vai</form>
            <form>va</form>
            <form>andiamo</form>
            <form>andate</form>
            <form>vanno</form>
         </forms>
      </entry>
      <entry id="7a6eccb0c4c16be005b67e65c43c9735">
         <sentence>Io vado in centro con Anna.</sentence>
         <verb>vado</verb>
         <forms>
            <form>andare</form>
            <form>vai</form>
            <form>va</form>
            <form>andiamo</form>
            <form>andate</form>
            <form>vanno</form>
         </forms>
      </entry>
      <entry id="6d6fae78b553c4648c8e6438bfa9531a">
         <sentence>Io vado sempre al cinema il sabato.</sentence>
         <verb>vado</verb>
         <forms>
            <form>andare</form>
            <form>vai</form>
            <form>va</form>
            <form>andiamo</form>
            <form>andate</form>
            <form>vanno</form>
         </forms>
      </entry>
      <entry id="381fae3526457ea3d8b381ab52852a4d">
         <sentence>Io vado spesso al cinema il sabato sera.</sentence>
         <verb>vado</verb>
         <forms>
            <form>andare</form>
            <form>vai</form>
            <form>va</form>
            <form>andiamo</form>
            <form>andate</form>
            <form>vanno</form>
         </forms>
      </entry>
      <entry id="a5c32f1b85fe436f5f495a45783d13f5">
         <sentence>Io vengo a mangiare una pizza con voi stasera.</sentence>
         <verb>vengo</verb>
         <forms>
            <form>venire</form>
            <form>vieni</form>
            <form>viene</form>
            <form>veniamo</form>
            <form>venite</form>
            <form>vengono</form>
         </forms>
      </entry>
      <entry id="316f98aabd51f3af91e981c5ffb8d584">
         <sentence>Io vengo da Milano.</sentence>
         <verb>vengo</verb>
         <forms>
            <form>venire</form>
            <form>vieni</form>
            <form>viene</form>
            <form>veniamo</form>
            <form>venite</form>
            <form>vengono</form>
         </forms>
      </entry>
      <entry id="55524c4ad1eabe0ec9705a1c9331880a">
         <sentence>La mamma va a fare spese il fine settimana.</sentence>
         <verb>va</verb>
         <forms>
            <form>andare</form>
            <form>vado</form>
            <form>vai</form>
            <form>andiamo</form>
            <form>andate</form>
            <form>vanno</form>
         </forms>
      </entry>
      <entry id="9dc6b673e2b863a309ea7996e2d95290">
         <sentence>Le ragazze vanno a mangiare un panino.</sentence>
         <verb>vanno</verb>
         <forms>
            <form>andare</form>
            <form>vado</form>
            <form>vai</form>
            <form>va</form>
            <form>andiamo</form>
            <form>andate</form>
         </forms>
      </entry>
      <entry id="06e1787c4a36c2ac62ee79e7b2b84c89">
         <sentence>Lei fa colazione la mattina.</sentence>
         <verb>fa</verb>
         <forms>
            <form>fare</form>
            <form>faccio</form>
            <form>fai</form>
            <form>facciamo</form>
            <form>fate</form>
            <form>fanno</form>
         </forms>
      </entry>
      <entry id="666284b539e5c10dbd84d2e0db6c4c0d">
         <sentence>Lei fa sport tutti i giorni.</sentence>
         <verb>fa</verb>
         <forms>
            <form>fare</form>
            <form>faccio</form>
            <form>fai</form>
            <form>facciamo</form>
            <form>fate</form>
            <form>fanno</form>
         </forms>
      </entry>
      <entry id="cac4c478b4a236160a171fb83a42bdd7">
         <sentence>Lei non va a scuola domani.</sentence>
         <verb>va</verb>
         <forms>
            <form>andare</form>
            <form>vado</form>
            <form>vai</form>
            <form>andiamo</form>
            <form>andate</form>
            <form>vanno</form>
         </forms>
      </entry>
      <entry id="f0a5d1de10e48f9cfcc126a4fead9f02">
         <sentence>Lei pulisce casa tutti i giorni.</sentence>
         <verb>pulisce</verb>
         <forms>
            <form>pulire</form>
            <form>pulisco</form>
            <form>pulisci</form>
            <form>puliamo</form>
            <form>pulite</form>
            <form>puliscono</form>
         </forms>
      </entry>
      <entry id="57ab63fb0b213113a6acc785f9c422d4">
         <sentence>Loro fanno i compiti insieme.</sentence>
         <verb>fanno</verb>
         <forms>
            <form>fare</form>
            <form>faccio</form>
            <form>fai</form>
            <form>fa</form>
            <form>facciamo</form>
            <form>fate</form>
         </forms>
      </entry>
      <entry id="2c7b2d9b67ba26e1717423d455e00710">
         <sentence>Loro fanno sport il fine settimana.</sentence>
         <verb>fanno</verb>
         <forms>
            <form>fare</form>
            <form>faccio</form>
            <form>fai</form>
            <form>fa</form>
            <form>facciamo</form>
            <form>fate</form>
         </forms>
      </entry>
      <entry id="5b0b66f347e1af1fd0a22b74134edca2">
         <sentence>Loro non vengono alla festa domani sera.</sentence>
         <verb>vengono</verb>
         <forms>
            <form>venire</form>
            <form>vengo</form>
            <form>vieni</form>
            <form>viene</form>
            <form>veniamo</form>
            <form>venite</form>
         </forms>
      </entry>
      <entry id="12158ef77625e12972049a43ca65d80e">
         <sentence>Loro vanno a un concerto domani sera.</sentence>
         <verb>vanno</verb>
         <forms>
            <form>andare</form>
            <form>vado</form>
            <form>vai</form>
            <form>va</form>
            <form>andiamo</form>
            <form>andate</form>
         </forms>
      </entry>
      <entry id="53cae97cfbd9cc9412a390ce58244cfe">
         <sentence>Loro vanno spesso a fare spese insieme.</sentence>
         <verb>vanno</verb>
         <forms>
            <form>andare</form>
            <form>vado</form>
            <form>vai</form>
            <form>va</form>
            <form>andiamo</form>
            <form>andate</form>
         </forms>
      </entry>
      <entry id="ecf7d4587e92402c40be8fa2e4a18d2e">
         <sentence>Loro vengono da Milano.</sentence>
         <verb>vengono</verb>
         <forms>
            <form>venire</form>
            <form>vengo</form>
            <form>vieni</form>
            <form>viene</form>
            <form>veniamo</form>
            <form>venite</form>
         </forms>
      </entry>
      <entry id="72f1fb4b9b7886c59788141eba17851f">
         <sentence>Lui fa colazione la mattina.</sentence>
         <verb>fa</verb>
         <forms>
            <form>fare</form>
            <form>faccio</form>
            <form>fai</form>
            <form>facciamo</form>
            <form>fate</form>
            <form>fanno</form>
         </forms>
      </entry>
      <entry id="65154d66eaeb1954e7c988759e69fa89">
         <sentence>Lui non va spesso al cinema, preferisce giocare ai videogiochi.</sentence>
         <verb>va</verb>
         <forms>
            <form>andare</form>
            <form>vado</form>
            <form>vai</form>
            <form>andiamo</form>
            <form>andate</form>
            <form>vanno</form>
         </forms>
      </entry>
      <entry id="5ad41073a613e8e68a84d7b4a2c23878">
         <sentence>Luigi, tu esci con i ragazzi stasera?</sentence>
         <verb>esci</verb>
         <forms>
            <form>uscire</form>
            <form>esco</form>
            <form>esce</form>
            <form>usciamo</form>
            <form>uscite</form>
            <form>escono</form>
         </forms>
      </entry>
      <entry id="b3d76229cdc3138c624ff197f2952b3d">
         <sentence>Marco, tu vieni a giocare a calcio?</sentence>
         <verb>vieni</verb>
         <forms>
            <form>venire</form>
            <form>vengo</form>
            <form>viene</form>
            <form>veniamo</form>
            <form>venite</form>
            <form>vengono</form>
         </forms>
      </entry>
      <entry id="2cf781419b15310c05bb520dcd5c7ecf">
         <sentence>Maria esce spesso con Anna.</sentence>
         <verb>esce</verb>
         <forms>
            <form>uscire</form>
            <form>esco</form>
            <form>esci</form>
            <form>usciamo</form>
            <form>uscite</form>
            <form>escono</form>
         </forms>
      </entry>
      <entry id="3f8b1f28b3bfe2391ad48d7cfdcb47db">
         <sentence>Maria va a prendere un gelato con Sara.</sentence>
         <verb>va</verb>
         <forms>
            <form>andare</form>
            <form>vado</form>
            <form>vai</form>
            <form>andiamo</form>
            <form>andate</form>
            <form>vanno</form>
         </forms>
      </entry>
      <entry id="b9185425ea91c5bad4f5107545c22269">
         <sentence>Mario gioca sempre al computer.</sentence>
         <verb>gioca</verb>
         <forms>
            <form>giocare</form>
            <form>gioco</form>
            <form>giochi</form>
            <form>giochiamo</form>
            <form>giocate</form>
            <form>giocano</form>
         </forms>
      </entry>
      <entry id="fa8d74a40bb84261563162fcf01820af">
         <sentence>Mario viene al concerto domani.</sentence>
         <verb>viene</verb>
         <forms>
            <form>venire</form>
            <form>vengo</form>
            <form>vieni</form>
            <form>veniamo</form>
            <form>venite</form>
            <form>vengono</form>
         </forms>
      </entry>
      <entry id="19152007fc33b8c76e8d8ce375225d8d">
         <sentence>Nada fa i compiti la sera.</sentence>
         <verb>fa</verb>
         <forms>
            <form>fare</form>
            <form>faccio</form>
            <form>fai</form>
            <form>facciamo</form>
            <form>fate</form>
            <form>fanno</form>
         </forms>
      </entry>
      <entry id="90470ed66efef1c1a4926893a89212da">
         <sentence>No, loro non vengono a teatro oggi.</sentence>
         <verb>vengono</verb>
         <forms>
            <form>venire</form>
            <form>vengo</form>
            <form>vieni</form>
            <form>viene</form>
            <form>veniamo</form>
            <form>venite</form>
         </forms>
      </entry>
      <entry id="938ffd277333e11c49422c7a89deb934">
         <sentence>Noi andiamo a Firenze oggi.</sentence>
         <verb>andiamo</verb>
         <forms>
            <form>andare</form>
            <form>vado</form>
            <form>vai</form>
            <form>va</form>
            <form>andate</form>
            <form>vanno</form>
         </forms>
      </entry>
      <entry id="9661d8818f829d1312d5ffbbc5aa6ce7">
         <sentence>Noi andiamo a Milano domani.</sentence>
         <verb>andiamo</verb>
         <forms>
            <form>andare</form>
            <form>vado</form>
            <form>vai</form>
            <form>va</form>
            <form>andate</form>
            <form>vanno</form>
         </forms>
      </entry>
      <entry id="485cb612d923c17a2de62d0c92aab4b6">
         <sentence>Noi andiamo a un concerto domenica.</sentence>
         <verb>andiamo</verb>
         <forms>
            <form>andare</form>
            <form>vado</form>
            <form>vai</form>
            <form>va</form>
            <form>andate</form>
            <form>vanno</form>
         </forms>
      </entry>
      <entry id="4f5603af3c3ddd4e8b0dc3bfc15a6385">
         <sentence>Noi andiamo al cinema la domenica di solito.</sentence>
         <verb>andiamo</verb>
         <forms>
            <form>andare</form>
            <form>vado</form>
            <form>vai</form>
            <form>va</form>
            <form>andate</form>
            <form>vanno</form>
         </forms>
      </entry>
      <entry id="8b07f2ea8eb48a26de6eb41aeb24b785">
         <sentence>Noi andiamo in centro a fare spese.</sentence>
         <verb>andiamo</verb>
         <forms>
            <form>andare</form>
            <form>vado</form>
            <form>vai</form>
            <form>va</form>
            <form>andate</form>
            <form>vanno</form>
         </forms>
      </entry>
      <entry id="88fb49f3724db93526b12911ac0f628d">
         <sentence>Noi andiamo spesso a mangiare una pizza in centro.</sentence>
         <verb>andiamo</verb>
         <forms>
            <form>andare</form>
            <form>vado</form>
            <form>vai</form>
            <form>va</form>
            <form>andate</form>
            <form>vanno</form>
         </forms>
      </entry>
      <entry id="7b79d181ae0bc42ff7f7ab852c9d2084">
         <sentence>Noi andiamo spesso a teatro.</sentence>
         <verb>andiamo</verb>
         <forms>
            <form>andare</form>
            <form>vado</form>
            <form>vai</form>
            <form>va</form>
            <form>andate</form>
            <form>vanno</form>
         </forms>
      </entry>
      <entry id="d6af3b216d7c1c970566aec138e3e1a9">
         <sentence>Noi facciamo i compiti insieme.</sentence>
         <verb>facciamo</verb>
         <forms>
            <form>fare</form>
            <form>faccio</form>
            <form>fai</form>
            <form>fa</form>
            <form>fate</form>
            <form>fanno</form>
         </forms>
      </entry>
      <entry id="f70d575d037ad8f1c59ae60217794583">
         <sentence>Noi facciamo spese la domenica di solito.</sentence>
         <verb>facciamo</verb>
         <forms>
            <form>fare</form>
            <form>faccio</form>
            <form>fai</form>
            <form>fa</form>
            <form>fate</form>
            <form>fanno</form>
         </forms>
      </entry>
      <entry id="1f3fb030f3adce4670bf2af4cb417bfc">
         <sentence>Noi facciamo sport il lunedì e il mercoledì.</sentence>
         <verb>facciamo</verb>
         <forms>
            <form>fare</form>
            <form>faccio</form>
            <form>fai</form>
            <form>fa</form>
            <form>fate</form>
            <form>fanno</form>
         </forms>
      </entry>
      <entry id="7bec239393f5247790f508dd26a44a80">
         <sentence>Noi non andiamo a scuola domani.</sentence>
         <verb>andiamo</verb>
         <forms>
            <form>andare</form>
            <form>vado</form>
            <form>vai</form>
            <form>va</form>
            <form>andate</form>
            <form>vanno</form>
         </forms>
      </entry>
      <entry id="6e90136ddee4b50ff026246f7b709e97">
         <sentence>Noi non facciamo colazione di solito.</sentence>
         <verb>facciamo</verb>
         <forms>
            <form>fare</form>
            <form>faccio</form>
            <form>fai</form>
            <form>fa</form>
            <form>fate</form>
            <form>fanno</form>
         </forms>
      </entry>
      <entry id="aa2a23befdb7ffe01adb9ba2afc46391">
         <sentence>Noi siamo italiani, veniamo da Roma.</sentence>
         <verb>veniamo</verb>
         <forms>
            <form>venire</form>
            <form>vengo</form>
            <form>vieni</form>
            <form>viene</form>
            <form>venite</form>
            <form>vengono</form>
         </forms>
      </entry>
      <entry id="4ee2e805c6a19bce961694486b2c9849">
         <sentence>Noi usciamo con gli amici il fine settimana.</sentence>
         <verb>usciamo</verb>
         <forms>
            <form>uscire</form>
            <form>esco</form>
            <form>esci</form>
            <form>esce</form>
            <form>uscite</form>
            <form>escono</form>
         </forms>
      </entry>
      <entry id="60b8cd891bded28a0b056a925b625cf6">
         <sentence>Noi veniamo in Italia domani.</sentence>
         <verb>veniamo</verb>
         <forms>
            <form>venire</form>
            <form>vengo</form>
            <form>vieni</form>
            <form>viene</form>
            <form>venite</form>
            <form>vengono</form>
         </forms>
      </entry>
      <entry id="6bb27db0a71d3eed0cde1f8dfa849f88">
         <sentence>Oggi noi andiamo a prendere un gelato insieme.</sentence>
         <verb>andiamo</verb>
         <forms>
            <form>andare</form>
            <form>vado</form>
            <form>vai</form>
            <form>va</form>
            <form>andate</form>
            <form>vanno</form>
         </forms>
      </entry>
      <entry id="8c37fc873451420c25b88deab7d078de">
         <sentence>Paolo e Dino vanno a scuola insieme.</sentence>
         <verb>vanno</verb>
         <forms>
            <form>andare</form>
            <form>vado</form>
            <form>vai</form>
            <form>va</form>
            <form>andiamo</form>
            <form>andate</form>
         </forms>
      </entry>
      <entry id="562c5a4ef4d07e777315bbbf00dd30b3">
         <sentence>Paolo e Luigi vengono da Milano.</sentence>
         <verb>vengono</verb>
         <forms>
            <form>venire</form>
            <form>vengo</form>
            <form>vieni</form>
            <form>viene</form>
            <form>veniamo</form>
            <form>venite</form>
         </forms>
      </entry>
      <entry id="bd734ffd980b617b110d322802183e4b">
         <sentence>Paolo non esce con noi di solito.</sentence>
         <verb>esce</verb>
         <forms>
            <form>uscire</form>
            <form>esco</form>
            <form>esci</form>
            <form>usciamo</form>
            <form>uscite</form>
            <form>escono</form>
         </forms>
      </entry>
      <entry id="84615edbc7ac2b032a46b136078c6653">
         <sentence>Paolo non viene al cinema oggi.</sentence>
         <verb>viene</verb>
         <forms>
            <form>venire</form>
            <form>vengo</form>
            <form>vieni</form>
            <form>veniamo</form>
            <form>venite</form>
            <form>vengono</form>
         </forms>
      </entry>
      <entry id="18aabad7baf74939e2a139a979c1ba9c">
         <sentence>Ragazze, perché non venite alla festa?</sentence>
         <verb>venite</verb>
         <forms>
            <form>venire</form>
            <form>vengo</form>
            <form>vieni</form>
            <form>viene</form>
            <form>veniamo</form>
            <form>vengono</form>
         </forms>
      </entry>
      <entry id="c12b3e33bf5bb8f40f74510a812f44c5">
         <sentence>Ragazze, voi venite a mangiare un panino con noi?</sentence>
         <verb>venite</verb>
         <forms>
            <form>venire</form>
            <form>vengo</form>
            <form>vieni</form>
            <form>viene</form>
            <form>veniamo</form>
            <form>vengono</form>
         </forms>
      </entry>
      <entry id="4bc5f17ebe8aedf336356fce4a3f3f20">
         <sentence>Ragazzi, voi uscite adesso?</sentence>
         <verb>uscite</verb>
         <forms>
            <form>uscire</form>
            <form>esco</form>
            <form>esci</form>
            <form>esce</form>
            <form>usciamo</form>
            <form>escono</form>
         </forms>
      </entry>
      <entry id="50e13f748a9b007c547a7ae35aeb2c8a">
         <sentence>Ragazzi, voi uscite stasera?</sentence>
         <verb>uscite</verb>
         <forms>
            <form>uscire</form>
            <form>esco</form>
            <form>esci</form>
            <form>esce</form>
            <form>usciamo</form>
            <form>escono</form>
         </forms>
      </entry>
      <entry id="e9557fbe36df4165260ce7e0f54eaddc">
         <sentence>Tu esci il sabato sera?</sentence>
         <verb>esci</verb>
         <forms>
            <form>uscire</form>
            <form>esco</form>
            <form>esce</form>
            <form>usciamo</form>
            <form>uscite</form>
            <form>escono</form>
         </forms>
      </entry>
      <entry id="6e01f23d3ddbcf4e4717b046f3990954">
         <sentence>Tu fai sport la domenica?</sentence>
         <verb>fai</verb>
         <forms>
            <form>fare</form>
            <form>faccio</form>
            <form>fa</form>
            <form>facciamo</form>
            <form>fate</form>
            <form>fanno</form>
         </forms>
      </entry>
      <entry id="bba4c1ce4a84768bf13e0af34aa649cc">
         <sentence>Tu perché non fai sport?</sentence>
         <verb>fai</verb>
         <forms>
            <form>fare</form>
            <form>faccio</form>
            <form>fa</form>
            <form>facciamo</form>
            <form>fate</form>
            <form>fanno</form>
         </forms>
      </entry>
      <entry id="b367dcb2b05cb9979c55b3eba2dac0d8">
         <sentence>Tu vai a teatro domani?</sentence>
         <verb>vai</verb>
         <forms>
            <form>andare</form>
            <form>vado</form>
            <form>va</form>
            <form>andiamo</form>
            <form>andate</form>
            <form>vanno</form>
         </forms>
      </entry>
      <entry id="13d99490029dbf7a4f953bd0fa31810f">
         <sentence>Vieni a un concerto con me?</sentence>
         <verb>Vieni</verb>
         <forms>
            <form>venire</form>
            <form>vengo</form>
            <form>vieni</form>
            <form>viene</form>
            <form>veniamo</form>
            <form>venite</form>
            <form>vengono</form>
         </forms>
      </entry>
      <entry id="3926aebe5b5b28cc5c3dac349cbc4c62">
         <sentence>Voi andate a Milano stasera?</sentence>
         <verb>andate</verb>
         <forms>
            <form>andare</form>
            <form>vado</form>
            <form>vai</form>
            <form>va</form>
            <form>andiamo</form>
            <form>vanno</form>
         </forms>
      </entry>
      <entry id="1f0f86638d58e1db3219d1c2ea6a16a9">
         <sentence>Voi andate al cinema domani sera?</sentence>
         <verb>andate</verb>
         <forms>
            <form>andare</form>
            <form>vado</form>
            <form>vai</form>
            <form>va</form>
            <form>andiamo</form>
            <form>vanno</form>
         </forms>
      </entry>
      <entry id="2745e0c394a29dedcaff1892c144847b">
         <sentence>Voi andate al cinema domani?</sentence>
         <verb>andate</verb>
         <forms>
            <form>andare</form>
            <form>vado</form>
            <form>vai</form>
            <form>va</form>
            <form>andiamo</form>
            <form>vanno</form>
         </forms>
      </entry>
      <entry id="b2c8dbf5872e21899f1985f4577fb670">
         <sentence>Voi cosa fate il fine settimana di solito?</sentence>
         <verb>fate</verb>
         <forms>
            <form>fare</form>
            <form>faccio</form>
            <form>fai</form>
            <form>fa</form>
            <form>facciamo</form>
            <form>fanno</form>
         </forms>
      </entry>
      <entry id="de08b8ea598b47d8578e2946d84336d1">
         <sentence>Voi fate i compiti il fine settimana?</sentence>
         <verb>fate</verb>
         <forms>
            <form>fare</form>
            <form>faccio</form>
            <form>fai</form>
            <form>fa</form>
            <form>facciamo</form>
            <form>fanno</form>
         </forms>
      </entry>
      <entry id="2a2e7ad217b1541c74ec442106156956">
         <sentence>Voi fate spese il fine settimana di solito?</sentence>
         <verb>fate</verb>
         <forms>
            <form>fare</form>
            <form>faccio</form>
            <form>fai</form>
            <form>fa</form>
            <form>facciamo</form>
            <form>fanno</form>
         </forms>
      </entry>
      <entry id="a9e68259df8a2ccab409aab17ef7146b">
         <sentence>Voi fate spese la domenica?</sentence>
         <verb>fate</verb>
         <forms>
            <form>fare</form>
            <form>faccio</form>
            <form>fai</form>
            <form>fa</form>
            <form>facciamo</form>
            <form>fanno</form>
         </forms>
      </entry>
      <entry id="9708f97286492b3722758774b4d06e06">
         <sentence>Voi fate sport spesso?</sentence>
         <verb>fate</verb>
         <forms>
            <form>fare</form>
            <form>faccio</form>
            <form>fai</form>
            <form>fa</form>
            <form>facciamo</form>
            <form>fanno</form>
         </forms>
      </entry>
      <entry id="ebd67a7a0d10e53c9ea392a7f17fcc4e">
         <sentence>Voi uscite il venerdì sera?</sentence>
         <verb>uscite</verb>
         <forms>
            <form>uscire</form>
            <form>esco</form>
            <form>esci</form>
            <form>esce</form>
            <form>usciamo</form>
            <form>escono</form>
         </forms>
      </entry>
   </sentences>
</activity>
