<?xml version="1.0" ?>
<activity id="372107904737" type="translation" l2="it" l1="ar" version="1" n_voices="4">
   <course_name>italian</course_name>
   <title_prefix>ترجمة</title_prefix>
   <title>Forma di cortesia</title>
   <theme>Forma di cortesia</theme>
   <description>أعد ترتيب الكلمات لتتناسَب مع الجملة.</description>
   <sentences>
      <entry id="980485c4568c24752a14c6491dc5ccda">
         <sentence lang="ar">سيِّدة Bianchi، حضرتك لطيفة جدًّا!</sentence>
         <translation lang="it">Signora Bianchi, Lei è molto gentile!</translation>
         <chunks lang="it">
            <chunk index="1" audio_id="489103048478">Signora</chunk>
            <chunk index="2" audio_id="209107019353">Bianchi,</chunk>
            <chunk index="3" audio_id="515124518342">Lei</chunk>
            <chunk index="4" audio_id="892152891781">è</chunk>
            <chunk index="5" audio_id="797185340876">molto</chunk>
            <chunk index="6" audio_id="385146980732">gentile!</chunk>
         </chunks>
      </entry>
      <entry id="fd8318996bdff262bb640d7073fb0b33">
         <sentence lang="ar">صباح الخير يا سيِّدتي، ما اسمكِ؟</sentence>
         <translation lang="it">Buongiorno signora, Lei come si chiama?</translation>
         <chunks lang="it">
            <chunk index="1" audio_id="267102563542">Buongiorno</chunk>
            <chunk index="2" audio_id="238171690760">signora,</chunk>
            <chunk index="3" audio_id="515124518342">Lei</chunk>
            <chunk index="4" audio_id="326173891812">come</chunk>
            <chunk index="5" audio_id="234159516178">si</chunk>
            <chunk index="6" audio_id="812135965453">chiama?</chunk>
         </chunks>
      </entry>
      <entry id="ea00d0097f33b928eab4f786ddc9c1d8">
         <sentence lang="ar">هل تُفضِّل ركوب القطار أم السيارة يا سيِّدي؟</sentence>
         <translation lang="it">Signore, Lei preferisce prendere il treno o la macchina?</translation>
         <chunks lang="it">
            <chunk index="1" audio_id="639140935410">Signore,</chunk>
            <chunk index="2" audio_id="515124518342">Lei</chunk>
            <chunk index="3" audio_id="625175216065">preferisce</chunk>
            <chunk index="4" audio_id="120189684531">prendere</chunk>
            <chunk index="5" audio_id="459128742414">il treno</chunk>
            <chunk index="6" audio_id="217176045403">o la</chunk>
            <chunk index="7" audio_id="297150929362">macchina?</chunk>
         </chunks>
      </entry>
      <entry id="243268eb75f8de431ed1c7fba156b9fe">
         <sentence lang="ar">هل حضرتكِ إيطاليَّة أم إنجليزيَّة يا أستاذة؟</sentence>
         <translation lang="it">Professoressa, Lei è italiana o inglese?</translation>
         <chunks lang="it">
            <chunk index="1" audio_id="698159796976">Professoressa,</chunk>
            <chunk index="2" audio_id="515124518342">Lei</chunk>
            <chunk index="3" audio_id="892152891781">è</chunk>
            <chunk index="4" audio_id="385160320963">italiana</chunk>
            <chunk index="5" audio_id="258171453709">o</chunk>
            <chunk index="6" audio_id="489159048146">inglese?</chunk>
         </chunks>
      </entry>
      <entry id="0b9b23134cf2f0c3e97a267f75c45d2a">
         <sentence lang="ar">هل لديك قلم أحمر يا أستاذ Rossi؟</sentence>
         <translation lang="it">Professor Rossi, Lei ha una penna rossa?</translation>
         <chunks lang="it">
            <chunk index="1" audio_id="467181650567">Professor</chunk>
            <chunk index="2" audio_id="693156151908">Rossi,</chunk>
            <chunk index="3" audio_id="515124518342">Lei</chunk>
            <chunk index="4" audio_id="343104102015">ha</chunk>
            <chunk index="5" audio_id="203107513852">una</chunk>
            <chunk index="6" audio_id="189105465613">penna</chunk>
            <chunk index="7" audio_id="969145951081">rossa?</chunk>
         </chunks>
      </entry>
   </sentences>
</activity>
