<?xml version="1.0" ?>
<activity id="398138285016" type="unscrambling" l2="it" l1="ar" version="1">
   <course_name>italian</course_name>
   <title_prefix>تركيب الجُمَل</title_prefix>
   <title>Verbi modali</title>
   <theme>Verbi modali</theme>
   <description>أعد ترتيب الكلمات لتركيب الجملة.</description>
   <sentences>
      <sentence id="24764bc49a686d4aa147d316e1190e3b">
         <s>Gli studenti possono andare in biblioteca a studiare.</s>
         <chunks>
            <chunk index="1">Gli</chunk>
            <chunk index="2">studenti</chunk>
            <chunk index="3">possono</chunk>
            <chunk index="4">andare in</chunk>
            <chunk index="5">biblioteca</chunk>
            <chunk index="6">a</chunk>
            <chunk index="7">studiare.</chunk>
         </chunks>
      </sentence>
      <sentence id="96e877fec0882e63c1e916b684383368">
         <s>Io devo tornare a casa adesso.</s>
         <chunks>
            <chunk index="1">Io</chunk>
            <chunk index="2">devo</chunk>
            <chunk index="3">tornare</chunk>
            <chunk index="4">a</chunk>
            <chunk index="5">casa</chunk>
            <chunk index="6">adesso.</chunk>
         </chunks>
      </sentence>
      <sentence id="ce9eb46880cbc348ff0487a5ab5896e5">
         <s>Io e Chiara vogliamo andare al teatro domenica.</s>
         <chunks>
            <chunk index="1">Io e</chunk>
            <chunk index="2">Chiara</chunk>
            <chunk index="3">vogliamo</chunk>
            <chunk index="4">andare</chunk>
            <chunk index="5">al</chunk>
            <chunk index="6">teatro</chunk>
            <chunk index="7">domenica.</chunk>
         </chunks>
      </sentence>
      <sentence id="f5577a6dc766fe199cc9791bbe7bc770">
         <s>Io non posso uscire stasera.</s>
         <chunks>
            <chunk index="1">Io</chunk>
            <chunk index="2">non</chunk>
            <chunk index="3">posso</chunk>
            <chunk index="4">uscire</chunk>
            <chunk index="5">stasera.</chunk>
         </chunks>
      </sentence>
      <sentence id="3bfa070a6e47d0bc38b23571255b6105">
         <s>Noi dobbiamo andare alla stazione del treno.</s>
         <chunks>
            <chunk index="1">Noi</chunk>
            <chunk index="2">dobbiamo</chunk>
            <chunk index="3">andare</chunk>
            <chunk index="4">alla</chunk>
            <chunk index="5">stazione</chunk>
            <chunk index="6">del</chunk>
            <chunk index="7">treno.</chunk>
         </chunks>
      </sentence>
      <sentence id="abc17909f78d34f2706af3b3129dd9ca">
         <s>Sara, vuoi venire al teatro con me domani?</s>
         <chunks>
            <chunk index="1">Sara,</chunk>
            <chunk index="2">vuoi</chunk>
            <chunk index="3">venire</chunk>
            <chunk index="4">al</chunk>
            <chunk index="5">teatro</chunk>
            <chunk index="6">con me</chunk>
            <chunk index="7">domani?</chunk>
         </chunks>
      </sentence>
      <sentence id="9c106d26043cb082f8f4aa5f8826555b">
         <s>Tu e Heba dovete studiare domani?</s>
         <chunks>
            <chunk index="1">Tu</chunk>
            <chunk index="2">e</chunk>
            <chunk index="3">Heba</chunk>
            <chunk index="4">dovete</chunk>
            <chunk index="5">studiare</chunk>
            <chunk index="6">domani?</chunk>
         </chunks>
      </sentence>
      <sentence id="afee5f79aabc0a548c7e9672c788eb64">
         <s>Voi volete giocare a calcio o preferite giocare a pallacanestro?</s>
         <chunks>
            <chunk index="1">Voi volete</chunk>
            <chunk index="2">giocare</chunk>
            <chunk index="3">a calcio</chunk>
            <chunk index="4">o</chunk>
            <chunk index="5">preferite</chunk>
            <chunk index="6">giocare a</chunk>
            <chunk index="7">pallacanestro?</chunk>
         </chunks>
      </sentence>
   </sentences>
</activity>
