<?xml version="1.0" ?>
<activity id="340141965891" type="missing_words" l2="it" l1="ar" version="1" n_voices="4">
   <course_name>italian</course_name>
   <title_prefix>كلمات ناقصة</title_prefix>
   <title>Verbi irregolari</title>
   <theme>Verbi irregolari</theme>
   <description>استمع ثم اكتب الكلمات الناقصة.</description>
   <sentences>
      <sentence id="29ffc863cf551688fa6598f537b45311" audio_id="297172391974">
         <s>Alessia esce spesso con le amiche.</s>
         <keywords>
            <keyword>spesso</keyword>
         </keywords>
      </sentence>
      <sentence id="98db7960fc56cfd6dc11e6327f39d585" audio_id="372147697267">
         <s>Alessia, cosa fai martedì sera?</s>
         <keywords>
            <keyword>martedì</keyword>
            <keyword>sera</keyword>
         </keywords>
      </sentence>
      <sentence id="b1ec7d0543520c41a9cd197d4450ec7a" audio_id="249164305752">
         <s>Andiamo a giocare a pallacanestro domani?</s>
         <keywords>
            <keyword>giocare a pallacanestro</keyword>
            <keyword>domani</keyword>
         </keywords>
      </sentence>
      <sentence id="981f8d9baa3f156570aabfc3164c8a1e" audio_id="728103598187">
         <s>Andiamo a giocare a pallacanestro?</s>
         <keywords>
            <keyword>giocare a pallacanestro</keyword>
         </keywords>
      </sentence>
      <sentence id="45d1c0121241a5d503ed483df3c6867e" audio_id="164132727387">
         <s>Andiamo a vedere il nuovo film di Orlando Bloom?</s>
         <keywords>
            <keyword>film</keyword>
         </keywords>
      </sentence>
      <sentence id="655c1ca42c95b5c6086e4a8042f75f5d" audio_id="604103825280">
         <s>Anna fa sempre i compiti.</s>
         <keywords>
            <keyword>compiti</keyword>
            <keyword>sempre</keyword>
         </keywords>
      </sentence>
      <sentence id="06c8829c41ef044322b74785f2986663" audio_id="293147417504">
         <s>Anna, perché non vai a scuola oggi?</s>
         <keywords>
            <keyword>oggi</keyword>
         </keywords>
      </sentence>
      <sentence id="a4611c742fc0a13c2e113497ba35d922" audio_id="610138586064">
         <s>Anna, tu fai sport il fine settimana?</s>
         <keywords>
            <keyword>fine settimana</keyword>
            <keyword>settimana</keyword>
         </keywords>
      </sentence>
      <sentence id="5210a32ed6b170a617915b8ef99f5aeb" audio_id="565149042957">
         <s>Anna, vieni al cinema con me?</s>
         <keywords>
            <keyword>cinema</keyword>
         </keywords>
      </sentence>
      <sentence id="790a95491b0990211eb554e137223210" audio_id="972131838978">
         <s>Chiara esce con la mamma.</s>
         <keywords>
            <keyword>mamma</keyword>
         </keywords>
      </sentence>
      <sentence id="c2e3c2b17a3253bd9cd488569632ac9f" audio_id="287158157036">
         <s>Chiara, tu vieni al cinema stasera?</s>
         <keywords>
            <keyword>cinema</keyword>
            <keyword>stasera</keyword>
         </keywords>
      </sentence>
      <sentence id="e89ec576b9af802976c53445a50518d7" audio_id="215124089672">
         <s>Dino, esci con noi stasera?</s>
         <keywords>
            <keyword>stasera</keyword>
         </keywords>
      </sentence>
      <sentence id="7bd3e2389c874dff3b77f96393e0a729" audio_id="137132450876">
         <s>Giulia, vieni a prendere un gelato con me?</s>
         <keywords>
            <keyword>prendere un gelato</keyword>
         </keywords>
      </sentence>
      <sentence id="e2b09c2869df8d3309b5ed4c6724aecc" audio_id="708146708369">
         <s>Gli studenti escono a mangiare una pizza insieme.</s>
         <keywords>
            <keyword>insieme</keyword>
         </keywords>
      </sentence>
      <sentence id="0e508cdcbafb6b84f508fa3f934a77ea" audio_id="714147038914">
         <s>Gli studenti fanno sport tutti i giorni.</s>
         <keywords>
            <keyword>giorni</keyword>
         </keywords>
      </sentence>
      <sentence id="767505552d06cf344d6a6f85e067cd2a" audio_id="947167574967">
         <s>Heba non viene a scuola oggi.</s>
         <keywords>
            <keyword>oggi</keyword>
         </keywords>
      </sentence>
      <sentence id="074b06fee8d928300c70c9683fc15557" audio_id="214164836292">
         <s>I ragazzi vanno a teatro mercoledì.</s>
         <keywords>
            <keyword>teatro</keyword>
            <keyword>mercoledì</keyword>
         </keywords>
      </sentence>
      <sentence id="dcde040bf992584fbac738ddbf007bd4" audio_id="830140835159">
         <s>I ragazzi vanno a una festa.</s>
         <keywords>
            <keyword>festa</keyword>
         </keywords>
      </sentence>
      <sentence id="5425562512f6be4609942f90163e0860" audio_id="378124203085">
         <s>Io domani vado a un concerto con Chiara.</s>
         <keywords>
            <keyword>concerto</keyword>
            <keyword>domani</keyword>
         </keywords>
      </sentence>
      <sentence id="296a9d0e7421dca6a8f93aea4058d6c7" audio_id="414146238274">
         <s>Io e Anna veniamo a teatro.</s>
         <keywords>
            <keyword>teatro</keyword>
         </keywords>
      </sentence>
      <sentence id="929be71655f6c4d59d9fb030e6f147e6" audio_id="767192583786">
         <s>Io e Marco veniamo alla festa di Anna sabato.</s>
         <keywords>
            <keyword>festa</keyword>
            <keyword>sabato</keyword>
         </keywords>
      </sentence>
      <sentence id="b3c0bb552bdc2ff61662b5ea6674ea2b" audio_id="312131768321">
         <s>Io e Mario usciamo spesso insieme.</s>
         <keywords>
            <keyword>insieme</keyword>
            <keyword>spesso</keyword>
         </keywords>
      </sentence>
      <sentence id="163f2afb52203a6add156eeccec4fe5b" audio_id="898152414658">
         <s>Io e Paolo usciamo spesso insieme.</s>
         <keywords>
            <keyword>insieme</keyword>
            <keyword>spesso</keyword>
         </keywords>
      </sentence>
      <sentence id="7cc061ebdc2abea2d53a5a80e0de9f88" audio_id="734134207897">
         <s>Io e Sara andiamo al cinema il venerdì.</s>
         <keywords>
            <keyword>cinema</keyword>
            <keyword>venerdì</keyword>
         </keywords>
      </sentence>
      <sentence id="eb702d45b29787413ef785b7423fdf57" audio_id="596131238907">
         <s>Io esco con Ahmed giovedì sera.</s>
         <keywords>
            <keyword>giovedì</keyword>
            <keyword>sera</keyword>
         </keywords>
      </sentence>
      <sentence id="e9d1262c8e92a8539e1d537a50ff2439" audio_id="178158247653">
         <s>Io esco con Anna oggi. Noi andiamo al cinema.</s>
         <keywords>
            <keyword>cinema</keyword>
            <keyword>oggi</keyword>
         </keywords>
      </sentence>
      <sentence id="9cacbddbd07aaa4aae8b4182809333b5" audio_id="369168096298">
         <s>Io esco con gli amici stasera.</s>
         <keywords>
            <keyword>stasera</keyword>
         </keywords>
      </sentence>
      <sentence id="21b381c87826d14671616a585791807c" audio_id="264171737598">
         <s>Io faccio colazione tutti i giorni.</s>
         <keywords>
            <keyword>colazione</keyword>
            <keyword>giorni</keyword>
         </keywords>
      </sentence>
      <sentence id="2c0f4589c3ed96828d6c7435a5e09e15" audio_id="690136347206">
         <s>Io faccio i compiti il fine settimana di solito.</s>
         <keywords>
            <keyword>compiti</keyword>
            <keyword>fine settimana</keyword>
            <keyword>settimana</keyword>
         </keywords>
      </sentence>
      <sentence id="ea24309f84d6ff14814fc53af2b1fcd8" audio_id="410190467609">
         <s>Io faccio sport il mercoledì e il venerdì.</s>
         <keywords>
            <keyword>mercoledì</keyword>
            <keyword>venerdì</keyword>
         </keywords>
      </sentence>
      <sentence id="0a70f53860059abee5fac93ff7c004a5" audio_id="843162030967">
         <s>Io faccio sport tutti i giorni.</s>
         <keywords>
            <keyword>giorni</keyword>
         </keywords>
      </sentence>
      <sentence id="5abdf00e49d2a18aa0390f13a41651d4" audio_id="505174972460">
         <s>Io non esco stasera.</s>
         <keywords>
            <keyword>stasera</keyword>
         </keywords>
      </sentence>
      <sentence id="e2e67286135380ed4140086f94cce0fd" audio_id="732165891750">
         <s>Io vado a scuola il sabato.</s>
         <keywords>
            <keyword>sabato</keyword>
         </keywords>
      </sentence>
      <sentence id="b4e976d3fac907a98e6b8457548eec3f" audio_id="137101525862">
         <s>Io vado a teatro domani.</s>
         <keywords>
            <keyword>teatro</keyword>
            <keyword>domani</keyword>
         </keywords>
      </sentence>
      <sentence id="4038fbe224c07723886eccf8ac34c1b2" audio_id="170132689457">
         <s>Io vado sempre al cinema il sabato.</s>
         <keywords>
            <keyword>cinema</keyword>
            <keyword>sabato</keyword>
            <keyword>sempre</keyword>
         </keywords>
      </sentence>
      <sentence id="ae4b9e0f0c047bdd9f0b3fba6506cf78" audio_id="395142910363">
         <s>Io vado spesso al cinema il sabato sera.</s>
         <keywords>
            <keyword>cinema</keyword>
            <keyword>sabato</keyword>
            <keyword>sera</keyword>
            <keyword>spesso</keyword>
         </keywords>
      </sentence>
      <sentence id="091ce568d3ea9be816428044be9ebb26" audio_id="246173969109">
         <s>Io vengo a mangiare una pizza con voi stasera.</s>
         <keywords>
            <keyword>stasera</keyword>
         </keywords>
      </sentence>
      <sentence id="cc1dc31839f88367011e1f50c239f457" audio_id="106173837290">
         <s>La mamma va a fare spese il fine settimana.</s>
         <keywords>
            <keyword>fare</keyword>
            <keyword>fare spese</keyword>
            <keyword>mamma</keyword>
            <keyword>fine settimana</keyword>
            <keyword>settimana</keyword>
         </keywords>
      </sentence>
      <sentence id="4d11cf3f732a2f6b738b0229ead2ebcc" audio_id="673105436207">
         <s>Le ragazze vanno a mangiare un panino.</s>
         <keywords>
            <keyword>panino</keyword>
         </keywords>
      </sentence>
      <sentence id="9d572da8448119ab9b7d0996acfa050b" audio_id="104174891604">
         <s>Lei fa colazione la mattina.</s>
         <keywords>
            <keyword>colazione</keyword>
         </keywords>
      </sentence>
      <sentence id="9c88d99dc25215545f688864bc7ab714" audio_id="650147859720">
         <s>Lei fa sport tutti i giorni.</s>
         <keywords>
            <keyword>giorni</keyword>
         </keywords>
      </sentence>
      <sentence id="ed17419bb45126984433f21eccf28e5f" audio_id="932137906156">
         <s>Lei non va a scuola domani.</s>
         <keywords>
            <keyword>domani</keyword>
         </keywords>
      </sentence>
      <sentence id="7288985a747c1b9131a26f08787d4ce7" audio_id="854152672153">
         <s>Lei pulisce casa tutti i giorni.</s>
         <keywords>
            <keyword>giorni</keyword>
         </keywords>
      </sentence>
      <sentence id="7adb72f3522442e6b6ac3acc063ae6bc" audio_id="315123456131">
         <s>Loro fanno i compiti insieme.</s>
         <keywords>
            <keyword>compiti</keyword>
            <keyword>insieme</keyword>
         </keywords>
      </sentence>
      <sentence id="3c04e64d8e2b71ca4dbfa043e26db935" audio_id="980169713282">
         <s>Loro fanno sport il fine settimana.</s>
         <keywords>
            <keyword>fine settimana</keyword>
            <keyword>settimana</keyword>
         </keywords>
      </sentence>
      <sentence id="cc6f3ecc34f74bbfbe9e662b2fd567f3" audio_id="217150106974">
         <s>Loro non vengono alla festa domani sera.</s>
         <keywords>
            <keyword>festa</keyword>
            <keyword>domani</keyword>
            <keyword>sera</keyword>
         </keywords>
      </sentence>
      <sentence id="628e4e65a041e6f7d7b0af950eab66ff" audio_id="196156917124">
         <s>Loro vanno a un concerto domani sera.</s>
         <keywords>
            <keyword>concerto</keyword>
            <keyword>domani</keyword>
            <keyword>sera</keyword>
         </keywords>
      </sentence>
      <sentence id="c116bae06ce4017aadc149b09a794484" audio_id="820128212091">
         <s>Loro vanno spesso a fare spese insieme.</s>
         <keywords>
            <keyword>fare</keyword>
            <keyword>fare spese</keyword>
            <keyword>insieme</keyword>
            <keyword>spesso</keyword>
         </keywords>
      </sentence>
      <sentence id="b5cd2d921a3e0df326eb02fc549f562b" audio_id="254163545869">
         <s>Lui fa colazione la mattina.</s>
         <keywords>
            <keyword>colazione</keyword>
         </keywords>
      </sentence>
      <sentence id="e53eadabc9607218a972ffe6f22ac57c" audio_id="239190149374">
         <s>Lui non va spesso al cinema, preferisce giocare ai videogiochi.</s>
         <keywords>
            <keyword>cinema</keyword>
            <keyword>giocare ai videogiochi</keyword>
            <keyword>videogiochi</keyword>
            <keyword>spesso</keyword>
         </keywords>
      </sentence>
      <sentence id="672d773c23e46f66385a8dd727883052" audio_id="789120897463">
         <s>Luigi, tu esci con i ragazzi stasera?</s>
         <keywords>
            <keyword>stasera</keyword>
         </keywords>
      </sentence>
      <sentence id="56233206f110adda041eebfd953ea38a" audio_id="307196293584">
         <s>Luigi, vieni a giocare ai videogiochi a casa mia?</s>
         <keywords>
            <keyword>giocare ai videogiochi</keyword>
            <keyword>videogiochi</keyword>
         </keywords>
      </sentence>
      <sentence id="4b39a66a59291f9db69f9c7bd4bfcdd1" audio_id="570127279586">
         <s>Maria esce spesso con Anna.</s>
         <keywords>
            <keyword>spesso</keyword>
         </keywords>
      </sentence>
      <sentence id="60eb1a4c464424b0b336fb11f7077646" audio_id="569198503491">
         <s>Maria va a prendere un gelato con Sara.</s>
         <keywords>
            <keyword>prendere un gelato</keyword>
         </keywords>
      </sentence>
      <sentence id="9d6508f9cc8fe650f83bf1aed5c262e0" audio_id="454109318468">
         <s>Mario gioca sempre al computer.</s>
         <keywords>
            <keyword>sempre</keyword>
         </keywords>
      </sentence>
      <sentence id="429a810557ba5975519977332d2d6242" audio_id="694123841841">
         <s>Mario viene al concerto domani.</s>
         <keywords>
            <keyword>concerto</keyword>
            <keyword>domani</keyword>
         </keywords>
      </sentence>
      <sentence id="909e6079265e4cefbec399787b53feeb" audio_id="375124584037">
         <s>Mi dispiace, non vengo alla festa stasera.</s>
         <keywords>
            <keyword>festa</keyword>
            <keyword>stasera</keyword>
            <keyword>mi dispiace</keyword>
         </keywords>
      </sentence>
      <sentence id="6e4980e2e26c9330a0ddba099559192e" audio_id="963102360752">
         <s>Nada fa i compiti la sera.</s>
         <keywords>
            <keyword>compiti</keyword>
            <keyword>sera</keyword>
         </keywords>
      </sentence>
      <sentence id="1fb8feb355b85ac0f6b2a7ff6347b5a9" audio_id="803140975828">
         <s>Nada, cosa fai il sabato di solito?</s>
         <keywords>
            <keyword>sabato</keyword>
         </keywords>
      </sentence>
      <sentence id="0b417c24aa45f6b6cc22146c6979816f" audio_id="163154751956">
         <s>No, loro non vengono a teatro oggi.</s>
         <keywords>
            <keyword>teatro</keyword>
            <keyword>oggi</keyword>
         </keywords>
      </sentence>
      <sentence id="bb45ab2215b056a4100aeb653c12b43f" audio_id="482171480481">
         <s>Noi andiamo a Firenze oggi.</s>
         <keywords>
            <keyword>oggi</keyword>
         </keywords>
      </sentence>
      <sentence id="3f522c0169a12129a1eca5770cce7c67" audio_id="437186581492">
         <s>Noi andiamo a Milano domani.</s>
         <keywords>
            <keyword>domani</keyword>
         </keywords>
      </sentence>
      <sentence id="846c47a6480fd62602498af11da953ea" audio_id="307171643212">
         <s>Noi andiamo a un concerto domenica.</s>
         <keywords>
            <keyword>concerto</keyword>
            <keyword>domenica</keyword>
         </keywords>
      </sentence>
      <sentence id="1d5d821ccf56515ea16b6efd21ef248c" audio_id="785146093603">
         <s>Noi andiamo al cinema la domenica di solito.</s>
         <keywords>
            <keyword>cinema</keyword>
            <keyword>domenica</keyword>
         </keywords>
      </sentence>
      <sentence id="ec6d40bd165e389de13b4e1b0b695c78" audio_id="492109018323">
         <s>Noi andiamo in centro a fare spese.</s>
         <keywords>
            <keyword>fare</keyword>
            <keyword>fare spese</keyword>
         </keywords>
      </sentence>
      <sentence id="5050d1f3d6bc575dccbf8d763db6ed2f" audio_id="479120817321">
         <s>Noi andiamo spesso a mangiare una pizza in centro.</s>
         <keywords>
            <keyword>spesso</keyword>
         </keywords>
      </sentence>
      <sentence id="f96cbb314337b16d08bbf42d1f9e0e1e" audio_id="465134270143">
         <s>Noi andiamo spesso a teatro.</s>
         <keywords>
            <keyword>teatro</keyword>
            <keyword>spesso</keyword>
         </keywords>
      </sentence>
      <sentence id="1425ccae38af60cf0c13100dca9fd8fa" audio_id="685196169657">
         <s>Noi facciamo i compiti insieme.</s>
         <keywords>
            <keyword>compiti</keyword>
            <keyword>insieme</keyword>
         </keywords>
      </sentence>
      <sentence id="07cd46d0912a2c559df0a21e9ca3d5ed" audio_id="675194746264">
         <s>Noi facciamo spese la domenica di solito.</s>
         <keywords>
            <keyword>domenica</keyword>
         </keywords>
      </sentence>
      <sentence id="df5a3a539e97ba403aa261e4ed6e80b6" audio_id="837102148163">
         <s>Noi facciamo sport il lunedì e il mercoledì.</s>
         <keywords>
            <keyword>lunedì</keyword>
            <keyword>mercoledì</keyword>
         </keywords>
      </sentence>
      <sentence id="b99b86afa95e2b639893104462622167" audio_id="309158510370">
         <s>Noi non andiamo a scuola domani.</s>
         <keywords>
            <keyword>domani</keyword>
         </keywords>
      </sentence>
      <sentence id="c7cc5f64676e09253dea83ca883968e1" audio_id="964182151413">
         <s>Noi non facciamo colazione di solito.</s>
         <keywords>
            <keyword>colazione</keyword>
         </keywords>
      </sentence>
      <sentence id="1e9cb5d9b8ed5c49a98e732342287c20" audio_id="250143892435">
         <s>Noi usciamo con gli amici il fine settimana.</s>
         <keywords>
            <keyword>fine settimana</keyword>
            <keyword>settimana</keyword>
         </keywords>
      </sentence>
      <sentence id="86f52966ba7e6f130967240869f59dc2" audio_id="425135964045">
         <s>Noi veniamo in Italia domani.</s>
         <keywords>
            <keyword>domani</keyword>
         </keywords>
      </sentence>
      <sentence id="934aafa39a076ca19d21d3490296e8bf" audio_id="958185947140">
         <s>Oggi noi andiamo a prendere un gelato insieme.</s>
         <keywords>
            <keyword>prendere un gelato</keyword>
            <keyword>oggi</keyword>
            <keyword>insieme</keyword>
         </keywords>
      </sentence>
      <sentence id="417cd6ec8fc488e4ee0eb749f2779706" audio_id="343183942380">
         <s>Paolo e Dino vanno a scuola insieme.</s>
         <keywords>
            <keyword>insieme</keyword>
         </keywords>
      </sentence>
      <sentence id="daddbd37925b98c64746f06fb476ba6d" audio_id="249154151567">
         <s>Paolo non viene al cinema oggi.</s>
         <keywords>
            <keyword>cinema</keyword>
            <keyword>oggi</keyword>
         </keywords>
      </sentence>
      <sentence id="81572ce7404f80373759bddb3fa3fd4e" audio_id="683196294137">
         <s>Purtroppo non vado al concerto domani.</s>
         <keywords>
            <keyword>concerto</keyword>
            <keyword>domani</keyword>
            <keyword>purtroppo</keyword>
         </keywords>
      </sentence>
      <sentence id="4c5c3257f5f78d7d1634ffc853bd91da" audio_id="898153465984">
         <s>Ragazze, andate al cinema domani?</s>
         <keywords>
            <keyword>cinema</keyword>
            <keyword>domani</keyword>
         </keywords>
      </sentence>
      <sentence id="96037895c30b38423e759c0945d8f4d0" audio_id="832141251074">
         <s>Ragazze, perché non venite alla festa?</s>
         <keywords>
            <keyword>festa</keyword>
         </keywords>
      </sentence>
      <sentence id="3a9cd13b239dfb3a832b5da58d887d8a" audio_id="615167423063">
         <s>Ragazze, voi venite a mangiare un panino con noi?</s>
         <keywords>
            <keyword>panino</keyword>
         </keywords>
      </sentence>
      <sentence id="25110a64cc9aeafa195a85de22c02792" audio_id="529182067878">
         <s>Ragazzi, cosa fate domani sera?</s>
         <keywords>
            <keyword>domani</keyword>
            <keyword>sera</keyword>
         </keywords>
      </sentence>
      <sentence id="31e142c91d3c8a3c2abc0ad817eda630" audio_id="198151018947">
         <s>Ragazzi, venite al cinema stasera?</s>
         <keywords>
            <keyword>cinema</keyword>
            <keyword>stasera</keyword>
         </keywords>
      </sentence>
      <sentence id="954c893c9c18afbdf58fd131c913f464" audio_id="649143163534">
         <s>Ragazzi, voi uscite stasera?</s>
         <keywords>
            <keyword>stasera</keyword>
         </keywords>
      </sentence>
      <sentence id="90698ccd6f9168cb94b43c8f76363c92" audio_id="932190394963">
         <s>Sara, vieni alla festa di Giulia stasera?</s>
         <keywords>
            <keyword>festa</keyword>
            <keyword>stasera</keyword>
         </keywords>
      </sentence>
      <sentence id="b1356422da42ef5fa545c4471f136b07" audio_id="423128302084">
         <s>Tu esci il sabato sera?</s>
         <keywords>
            <keyword>sabato</keyword>
            <keyword>sera</keyword>
         </keywords>
      </sentence>
      <sentence id="36736805f1dae8af89a03fe55850f888" audio_id="829172634837">
         <s>Tu fai sport la domenica?</s>
         <keywords>
            <keyword>domenica</keyword>
         </keywords>
      </sentence>
      <sentence id="365a9472bdb376749f0f1e28e31d83e8" audio_id="563131498303">
         <s>Tu vai a teatro domani?</s>
         <keywords>
            <keyword>teatro</keyword>
            <keyword>domani</keyword>
         </keywords>
      </sentence>
      <sentence id="e5cc8ab0a89c7ee7173aa5cfce070f0b" audio_id="173123050269">
         <s>Va bene, andiamo a prendere un gelato!</s>
         <keywords>
            <keyword>prendere un gelato</keyword>
            <keyword>va bene</keyword>
         </keywords>
      </sentence>
      <sentence id="498892276055a1483366ad4cfc70bab5" audio_id="670172029025">
         <s>Vai a un concerto di musica rock?</s>
         <keywords>
            <keyword>concerto</keyword>
         </keywords>
      </sentence>
      <sentence id="b8c85b1fb98a55b857a004f8fec5fa1c" audio_id="814170790143">
         <s>Vieni a un concerto con me?</s>
         <keywords>
            <keyword>concerto</keyword>
         </keywords>
      </sentence>
      <sentence id="a0c03e786a40446e970be2afdf54f26e" audio_id="587108462467">
         <s>Voi andate a Milano stasera?</s>
         <keywords>
            <keyword>stasera</keyword>
         </keywords>
      </sentence>
      <sentence id="a4c0e9a5889f3738f9597685eda5f60e" audio_id="984163816896">
         <s>Voi andate al cinema domani sera?</s>
         <keywords>
            <keyword>cinema</keyword>
            <keyword>domani</keyword>
            <keyword>sera</keyword>
         </keywords>
      </sentence>
      <sentence id="335c14267e80b979230ad506b5dd7002" audio_id="174151790382">
         <s>Voi andate al cinema domani?</s>
         <keywords>
            <keyword>cinema</keyword>
            <keyword>domani</keyword>
         </keywords>
      </sentence>
      <sentence id="5a65cd0149160a3b44f4687f31f98c4a" audio_id="653105865258">
         <s>Voi cosa fate il fine settimana di solito?</s>
         <keywords>
            <keyword>fine settimana</keyword>
            <keyword>settimana</keyword>
         </keywords>
      </sentence>
      <sentence id="64ec024e2dd4a4d5de940716cf5c8215" audio_id="353190782890">
         <s>Voi fate i compiti il fine settimana?</s>
         <keywords>
            <keyword>compiti</keyword>
            <keyword>fine settimana</keyword>
            <keyword>settimana</keyword>
         </keywords>
      </sentence>
      <sentence id="115e17def5d03bbe012b57d385fa872a" audio_id="904121696521">
         <s>Voi fate spese il fine settimana di solito?</s>
         <keywords>
            <keyword>fine settimana</keyword>
            <keyword>settimana</keyword>
         </keywords>
      </sentence>
      <sentence id="2685cfdc5c08f9a40a6e6c1ad533d175" audio_id="858162369821">
         <s>Voi fate spese la domenica?</s>
         <keywords>
            <keyword>domenica</keyword>
         </keywords>
      </sentence>
      <sentence id="00f6d3218eb52d8ad738e31e6691107b" audio_id="972193486361">
         <s>Voi fate sport spesso?</s>
         <keywords>
            <keyword>spesso</keyword>
         </keywords>
      </sentence>
      <sentence id="619698a5067ac2f6cfe730d5ffcc61d9" audio_id="649101481031">
         <s>Voi uscite il venerdì sera?</s>
         <keywords>
            <keyword>venerdì</keyword>
            <keyword>sera</keyword>
         </keywords>
      </sentence>
   </sentences>
</activity>
