<?xml version="1.0" ?>
<activity id="408169018072" type="translation" l2="it" l1="ar" version="1" n_voices="4">
   <course_name>italian</course_name>
   <title_prefix>ترجمة</title_prefix>
   <title>Verbi in -ire che prendono -isc</title>
   <theme>Verbi in -ire che prendono -isc</theme>
   <description>أعد ترتيب الكلمات لتتناسَب مع الجملة.</description>
   <sentences>
      <entry id="da25ffe6620aae4e9d794241d9eaadf2">
         <sentence lang="it" audio_id="305126734709">Io non capisco la lezione di matematica.</sentence>
         <translation lang="ar">أنا لا أفهم درس الرياضيات.</translation>
         <chunks lang="ar">
            <chunk index="1">أنا</chunk>
            <chunk index="2">لا</chunk>
            <chunk index="3">أفهم</chunk>
            <chunk index="4">درس</chunk>
            <chunk index="5">الرياضيات.</chunk>
         </chunks>
      </entry>
      <entry id="98f0fa7df6e9606d783e54559509bd3b">
         <sentence lang="it" audio_id="795180643854">Io pulisco casa di solito.</sentence>
         <translation lang="ar">أنا أُنظِّف المنزل عادةً.</translation>
         <chunks lang="ar">
            <chunk index="1">أنا</chunk>
            <chunk index="2">أُنظِّف</chunk>
            <chunk index="3">المنزل</chunk>
            <chunk index="4">عادةً.</chunk>
         </chunks>
      </entry>
      <entry id="3a94028c4ccdbe630f4a9a420e78d128">
         <sentence lang="it" audio_id="623171602624">Loro preferiscono giocare a calcio.</sentence>
         <translation lang="ar">هُمْ يُفضِّلون لعب كرة القدم.</translation>
         <chunks lang="ar">
            <chunk index="1">هُمْ</chunk>
            <chunk index="2">يُفضِّلون</chunk>
            <chunk index="3">لعب</chunk>
            <chunk index="4">كرة</chunk>
            <chunk index="5">القدم.</chunk>
         </chunks>
      </entry>
      <entry id="5299dc70c1bd319002f6e7872abc97fb">
         <sentence lang="it" audio_id="984147075629">Noi finiamo di lavorare adesso.</sentence>
         <translation lang="ar">نحن ننتهي من العمل الآن.</translation>
         <chunks lang="ar">
            <chunk index="1">نحن</chunk>
            <chunk index="2">ننتهي</chunk>
            <chunk index="3">من</chunk>
            <chunk index="4">العمل</chunk>
            <chunk index="5">الآن.</chunk>
         </chunks>
      </entry>
      <entry id="e830ace01e82fac8256df073718a381a">
         <sentence lang="it" audio_id="524193751519">Voi capite la lezione di matematica?</sentence>
         <translation lang="ar">هل تفهمون درس الرياضيات؟</translation>
         <chunks lang="ar">
            <chunk index="1">هل</chunk>
            <chunk index="2">تفهمون</chunk>
            <chunk index="3">درس</chunk>
            <chunk index="4">الرياضيات؟</chunk>
         </chunks>
      </entry>
      <entry id="85919f3abde764500e548f6c997c066e">
         <sentence lang="it" audio_id="834164308397">Voi pulite casa di solito?</sentence>
         <translation lang="ar">هل تُنظِّفون المنزل عادةً؟</translation>
         <chunks lang="ar">
            <chunk index="1">هل</chunk>
            <chunk index="2">تُنظِّفون</chunk>
            <chunk index="3">المنزل</chunk>
            <chunk index="4">عادةً؟</chunk>
         </chunks>
      </entry>
      <entry id="e8fa83b5658705b06f6d63a4866d000d">
         <sentence lang="ar">أنا أُنظِّف المنزل عادةً.</sentence>
         <translation lang="it">Io pulisco casa di solito.</translation>
         <chunks lang="it">
            <chunk index="1" audio_id="245176495397">Io</chunk>
            <chunk index="2" audio_id="507174159168">pulisco</chunk>
            <chunk index="3" audio_id="129163618578">casa</chunk>
            <chunk index="4" audio_id="196190491453">di</chunk>
            <chunk index="5" audio_id="215198376158">solito.</chunk>
         </chunks>
      </entry>
      <entry id="43f435a88a916abdfa05d452486f78bf">
         <sentence lang="ar">أنا لا أفهم درس الرياضيات.</sentence>
         <translation lang="it">Io non capisco la lezione di matematica.</translation>
         <chunks lang="it">
            <chunk index="1" audio_id="245176495397">Io</chunk>
            <chunk index="2" audio_id="178104164202">non</chunk>
            <chunk index="3" audio_id="715190678308">capisco</chunk>
            <chunk index="4" audio_id="139182016747">la</chunk>
            <chunk index="5" audio_id="452140753106">lezione</chunk>
            <chunk index="6" audio_id="196190491453">di</chunk>
            <chunk index="7" audio_id="273140316267">matematica.</chunk>
         </chunks>
      </entry>
      <entry id="8c4dff8052c426c44a423c7bab136e82">
         <sentence lang="ar">الأستاذ يُرسِل بريدًا إلكترونيًّا.</sentence>
         <translation lang="it">Il professore spedisce un’email.</translation>
         <chunks lang="it">
            <chunk index="1" audio_id="262108452706">Il</chunk>
            <chunk index="2" audio_id="282190382689">professore</chunk>
            <chunk index="3" audio_id="959140241720">spedisce</chunk>
            <chunk index="4" audio_id="637125041789">un’email.</chunk>
         </chunks>
      </entry>
      <entry id="d3d2c8f212cdd4483084505a12318392">
         <sentence lang="ar">الأستاذ يُوضِّح شكًّا.</sentence>
         <translation lang="it">Il professore chiarisce un dubbio.</translation>
         <chunks lang="it">
            <chunk index="1" audio_id="262108452706">Il</chunk>
            <chunk index="2" audio_id="282190382689">professore</chunk>
            <chunk index="3" audio_id="265148797302">chiarisce</chunk>
            <chunk index="4" audio_id="253191472013">un</chunk>
            <chunk index="5" audio_id="567167505819">dubbio.</chunk>
         </chunks>
      </entry>
      <entry id="53f0694d96b5caafe2f8a47a141d9e42">
         <sentence lang="ar">متى ستُنهِي المدرسة الإعداديَّة؟</sentence>
         <translation lang="it">Tu quando finisci la scuola media?</translation>
         <chunks lang="it">
            <chunk index="1" audio_id="656136364306">Tu</chunk>
            <chunk index="2" audio_id="192121713472">quando</chunk>
            <chunk index="3" audio_id="425102039891">finisci</chunk>
            <chunk index="4" audio_id="139182016747">la</chunk>
            <chunk index="5" audio_id="129125395142">scuola</chunk>
            <chunk index="6" audio_id="872189495942">media?</chunk>
         </chunks>
      </entry>
      <entry id="7fd6da69bcabc5cbbe5b221ba9f96533">
         <sentence lang="ar">نحن ننتهي من العمل الآن.</sentence>
         <translation lang="it">Noi finiamo di lavorare adesso.</translation>
         <chunks lang="it">
            <chunk index="1" audio_id="497180219025">Noi</chunk>
            <chunk index="2" audio_id="613103129541">finiamo</chunk>
            <chunk index="3" audio_id="196190491453">di</chunk>
            <chunk index="4" audio_id="286151526568">lavorare</chunk>
            <chunk index="5" audio_id="370185842379">adesso.</chunk>
         </chunks>
      </entry>
      <entry id="48cd949d8451fe02435e854f8fe20968">
         <sentence lang="ar">هل تفهمون درس الرياضيات؟</sentence>
         <translation lang="it">Voi capite la lezione di matematica?</translation>
         <chunks lang="it">
            <chunk index="1" audio_id="256194763903">Voi</chunk>
            <chunk index="2" audio_id="578104136504">capite</chunk>
            <chunk index="3" audio_id="139182016747">la</chunk>
            <chunk index="4" audio_id="452140753106">lezione</chunk>
            <chunk index="5" audio_id="196190491453">di</chunk>
            <chunk index="6" audio_id="234160924632">matematica?</chunk>
         </chunks>
      </entry>
      <entry id="e80cae2727a51d3a3fee6ecab14c6b70">
         <sentence lang="ar">هل تُفضِّل التاريخ أم الجغرافيا يا Carlo؟</sentence>
         <translation lang="it">Carlo, tu preferisci la storia o la geografia?</translation>
         <chunks lang="it">
            <chunk index="1" audio_id="248189765367">Carlo,</chunk>
            <chunk index="2" audio_id="656136364306">tu</chunk>
            <chunk index="3" audio_id="239159048752">preferisci</chunk>
            <chunk index="4" audio_id="139182016747">la</chunk>
            <chunk index="5" audio_id="140168042675">storia</chunk>
            <chunk index="6" audio_id="217176045403">o la</chunk>
            <chunk index="7" audio_id="246167536701">geografia?</chunk>
         </chunks>
      </entry>
      <entry id="8c5e8d2df618d5f2208b07eb34aecf1e">
         <sentence lang="ar">هل تُنظِّفون المنزل عادةً؟</sentence>
         <translation lang="it">Voi pulite casa di solito?</translation>
         <chunks lang="it">
            <chunk index="1" audio_id="256194763903">Voi</chunk>
            <chunk index="2" audio_id="680192313675">pulite</chunk>
            <chunk index="3" audio_id="129163618578">casa</chunk>
            <chunk index="4" audio_id="196190491453">di</chunk>
            <chunk index="5" audio_id="623149395734">solito?</chunk>
         </chunks>
      </entry>
      <entry id="601425fd40781cc424ab602c36c1f2da">
         <sentence lang="ar">هي تفهم الإيطاليَّة فهمًا جيِّدًا جدًّا.</sentence>
         <translation lang="it">Lei capisce l’italiano molto bene.</translation>
         <chunks lang="it">
            <chunk index="1" audio_id="515124518342">Lei</chunk>
            <chunk index="2" audio_id="952120972832">capisce</chunk>
            <chunk index="3" audio_id="425167541492">l’italiano</chunk>
            <chunk index="4" audio_id="797185340876">molto</chunk>
            <chunk index="5" audio_id="816139825279">bene.</chunk>
         </chunks>
      </entry>
      <entry id="ceacbbdcf890a594ef0536ce772d3d01">
         <sentence lang="ar">هي تُفضِّل العيش في ميلانو.</sentence>
         <translation lang="it">Lei preferisce abitare a Milano.</translation>
         <chunks lang="it">
            <chunk index="1" audio_id="515124518342">Lei</chunk>
            <chunk index="2" audio_id="625175216065">preferisce</chunk>
            <chunk index="3" audio_id="145154290678">abitare</chunk>
            <chunk index="4" audio_id="308190754232">a</chunk>
            <chunk index="5" audio_id="402105072698">Milano.</chunk>
         </chunks>
      </entry>
      <entry id="aaf946726f888cd9f81803734cf01c13">
         <sentence lang="ar">هُمْ يُفضِّلون لعب كرة القدم.</sentence>
         <translation lang="it">Loro preferiscono giocare a calcio.</translation>
         <chunks lang="it">
            <chunk index="1" audio_id="137105948237">Loro</chunk>
            <chunk index="2" audio_id="157129891741">preferiscono</chunk>
            <chunk index="3" audio_id="162142872793">giocare</chunk>
            <chunk index="4" audio_id="308190754232">a</chunk>
            <chunk index="5" audio_id="470147619183">calcio.</chunk>
         </chunks>
      </entry>
   </sentences>
</activity>
