<?xml version="1.0" ?>
<activity id="580159854754" type="conjugation" l2="it" l1="ar" version="1">
   <course_name>italian</course_name>
   <title_prefix>تصريف الأفعال</title_prefix>
   <title>Preposizioni</title>
   <theme>Preposizioni</theme>
   <description>اختر الصيغة الصحيحة للفعل.</description>
   <sentences>
      <entry id="edabc50cfb2398dab2eecc0a22de5dc5">
         <sentence>Ahmed va al ristorante a mangiare una pizza.</sentence>
         <verb>va</verb>
         <forms>
            <form>andare</form>
            <form>vado</form>
            <form>vai</form>
            <form>andiamo</form>
            <form>andate</form>
            <form>vanno</form>
         </forms>
      </entry>
      <entry id="bd38b1ee72a73e3768535fb01c6eb3f1">
         <sentence>Anna e Maria vengono da Parigi.</sentence>
         <verb>vengono</verb>
         <forms>
            <form>venire</form>
            <form>vengo</form>
            <form>vieni</form>
            <form>viene</form>
            <form>veniamo</form>
            <form>venite</form>
         </forms>
      </entry>
      <entry id="d5e4e73494e6e9ca533d66c2b39671c4">
         <sentence>Anna parte per la Germania domani.</sentence>
         <verb>parte</verb>
         <forms>
            <form>partire</form>
            <form>parto</form>
            <form>parti</form>
            <form>partiamo</form>
            <form>partite</form>
            <form>partono</form>
         </forms>
      </entry>
      <entry id="aba95946dade604ceb2e0e7664214b4c">
         <sentence>Anna viene in Italia domani.</sentence>
         <verb>viene</verb>
         <forms>
            <form>venire</form>
            <form>vengo</form>
            <form>vieni</form>
            <form>veniamo</form>
            <form>venite</form>
            <form>vengono</form>
         </forms>
      </entry>
      <entry id="4ca441612451c22006ffb0aa687726e0">
         <sentence>Dino preferisce tornare a casa a piedi.</sentence>
         <verb>preferisce</verb>
         <forms>
            <form>preferire</form>
            <form>preferisco</form>
            <form>preferisci</form>
            <form>preferiamo</form>
            <form>preferite</form>
            <form>preferiscono</form>
         </forms>
      </entry>
      <entry id="cadfc5129c48d4892aad5f4381c8c3a7">
         <sentence>Dino va in vacanza in Spagna.</sentence>
         <verb>va</verb>
         <forms>
            <form>andare</form>
            <form>vado</form>
            <form>vai</form>
            <form>andiamo</form>
            <form>andate</form>
            <form>vanno</form>
         </forms>
      </entry>
      <entry id="112dbaddedfd47061eae7dc3aa627e35">
         <sentence>Gli studenti partono per gli Stati Uniti domani mattina.</sentence>
         <verb>partono</verb>
         <forms>
            <form>partire</form>
            <form>parto</form>
            <form>parti</form>
            <form>parte</form>
            <form>partiamo</form>
            <form>partite</form>
         </forms>
      </entry>
      <entry id="5a6f17697528b5691939744db09f6c45">
         <sentence>I ragazzi vanno a teatro sabato.</sentence>
         <verb>vanno</verb>
         <forms>
            <form>andare</form>
            <form>vado</form>
            <form>vai</form>
            <form>va</form>
            <form>andiamo</form>
            <form>andate</form>
         </forms>
      </entry>
      <entry id="81fec056841a6e0e8ee09e4a4943e267">
         <sentence>Il professore viene a scuola in macchina.</sentence>
         <verb>viene</verb>
         <forms>
            <form>venire</form>
            <form>vengo</form>
            <form>vieni</form>
            <form>veniamo</form>
            <form>venite</form>
            <form>vengono</form>
         </forms>
      </entry>
      <entry id="4755beb454a1316a25a43924c14778e8">
         <sentence>Io abito a Milano, ma lavoro a Torino.</sentence>
         <verb>abito</verb>
         <forms>
            <form>abitare</form>
            <form>abiti</form>
            <form>abita</form>
            <form>abitiamo</form>
            <form>abitate</form>
            <form>abitano</form>
         </forms>
      </entry>
      <entry id="3a860c50d48576f67623695ce09d80f6">
         <sentence>Io abito a Roma.</sentence>
         <verb>abito</verb>
         <forms>
            <form>abitare</form>
            <form>abiti</form>
            <form>abita</form>
            <form>abitiamo</form>
            <form>abitate</form>
            <form>abitano</form>
         </forms>
      </entry>
      <entry id="7e5746ae3fe65d809d438069360c963b">
         <sentence>Io abito al primo piano.</sentence>
         <verb>abito</verb>
         <forms>
            <form>abitare</form>
            <form>abiti</form>
            <form>abita</form>
            <form>abitiamo</form>
            <form>abitate</form>
            <form>abitano</form>
         </forms>
      </entry>
      <entry id="672438a2cfeafa508bb861495a67bbb2">
         <sentence>Io e Sara andiamo al cinema stasera.</sentence>
         <verb>andiamo</verb>
         <forms>
            <form>andare</form>
            <form>vado</form>
            <form>vai</form>
            <form>va</form>
            <form>andate</form>
            <form>vanno</form>
         </forms>
      </entry>
      <entry id="9592686a14a512d7763ee49852438ac3">
         <sentence>Io ho una casa in Francia.</sentence>
         <verb>ho</verb>
         <forms>
            <form>avere</form>
            <form>hai</form>
            <form>ha</form>
            <form>abbiamo</form>
            <form>avete</form>
            <form>hanno</form>
         </forms>
      </entry>
      <entry id="e1060c797cdef4ec3306671ce63eb9ce">
         <sentence>Io preferisco andare a scuola in bicicletta.</sentence>
         <verb>preferisco</verb>
         <forms>
            <form>preferire</form>
            <form>preferisci</form>
            <form>preferisce</form>
            <form>preferiamo</form>
            <form>preferite</form>
            <form>preferiscono</form>
         </forms>
      </entry>
      <entry id="9b851cc474a7f38aa7a9b2f488d8c381">
         <sentence>Io prendo il tram per arrivare in centro.</sentence>
         <verb>prendo</verb>
         <forms>
            <form>prendere</form>
            <form>prendi</form>
            <form>prende</form>
            <form>prendiamo</form>
            <form>prendete</form>
            <form>prendono</form>
         </forms>
      </entry>
      <entry id="c3424c1dfb166a466f45c84317b3bcda">
         <sentence>Io prendo l’aereo per andare a Parigi.</sentence>
         <verb>prendo</verb>
         <forms>
            <form>prendere</form>
            <form>prendi</form>
            <form>prende</form>
            <form>prendiamo</form>
            <form>prendete</form>
            <form>prendono</form>
         </forms>
      </entry>
      <entry id="51525c88f604313b8e9b3cd3e5287a36">
         <sentence>Io sono italiana, vengo da Roma.</sentence>
         <verb>vengo</verb>
         <forms>
            <form>venire</form>
            <form>vieni</form>
            <form>viene</form>
            <form>veniamo</form>
            <form>venite</form>
            <form>vengono</form>
         </forms>
      </entry>
      <entry id="7e3b9bc2ea2c78b4d071c79c431f0d3d">
         <sentence>Io studio spesso in biblioteca.</sentence>
         <verb>studio</verb>
         <forms>
            <form>studiare</form>
            <form>studi</form>
            <form>studia</form>
            <form>studiamo</form>
            <form>studiate</form>
            <form>studiano</form>
         </forms>
      </entry>
      <entry id="7b811707ca115a17649bf698f767a72a">
         <sentence>Io vado a Parigi da solo.</sentence>
         <verb>vado</verb>
         <forms>
            <form>andare</form>
            <form>vai</form>
            <form>va</form>
            <form>andiamo</form>
            <form>andate</form>
            <form>vanno</form>
         </forms>
      </entry>
      <entry id="f674d3ba052ab9f0d5cb57c2afc70cc1">
         <sentence>Io vado a scuola a piedi.</sentence>
         <verb>vado</verb>
         <forms>
            <form>andare</form>
            <form>vai</form>
            <form>va</form>
            <form>andiamo</form>
            <form>andate</form>
            <form>vanno</form>
         </forms>
      </entry>
      <entry id="2bbe2d10718a1cb9b19cfc4d88a74761">
         <sentence>Io vado a scuola in macchina la mattina.</sentence>
         <verb>vado</verb>
         <forms>
            <form>andare</form>
            <form>vai</form>
            <form>va</form>
            <form>andiamo</form>
            <form>andate</form>
            <form>vanno</form>
         </forms>
      </entry>
      <entry id="dfdebf359a3eaf6130f6153b5111d362">
         <sentence>La mamma va in farmacia.</sentence>
         <verb>va</verb>
         <forms>
            <form>andare</form>
            <form>vado</form>
            <form>vai</form>
            <form>andiamo</form>
            <form>andate</form>
            <form>vanno</form>
         </forms>
      </entry>
      <entry id="90ca02a83901a1897407c2ae92c228cf">
         <sentence>Le ragazze ballano in discoteca.</sentence>
         <verb>ballano</verb>
         <forms>
            <form>ballare</form>
            <form>ballo</form>
            <form>balli</form>
            <form>balla</form>
            <form>balliamo</form>
            <form>ballate</form>
         </forms>
      </entry>
      <entry id="d41658120ff9a3fc8295f33e5255547e">
         <sentence>Lei abita al terzo piano.</sentence>
         <verb>abita</verb>
         <forms>
            <form>abitare</form>
            <form>abito</form>
            <form>abiti</form>
            <form>abitiamo</form>
            <form>abitate</form>
            <form>abitano</form>
         </forms>
      </entry>
      <entry id="273546412e53d4f02649c0527163250a">
         <sentence>Lei abita in via Roma sedici.</sentence>
         <verb>abita</verb>
         <forms>
            <form>abitare</form>
            <form>abito</form>
            <form>abiti</form>
            <form>abitiamo</form>
            <form>abitate</form>
            <form>abitano</form>
         </forms>
      </entry>
      <entry id="b1938f8d0105a59d9aac555f8182275a">
         <sentence>Lei ama andare a teatro.</sentence>
         <verb>ama</verb>
         <forms>
            <form>amare</form>
            <form>amo</form>
            <form>ami</form>
            <form>amiamo</form>
            <form>amate</form>
            <form>amano</form>
         </forms>
      </entry>
      <entry id="0ec9704f9993ff2b0d1c73d9b5371b0f">
         <sentence>Loro abitano in via Garibaldi settantadue.</sentence>
         <verb>abitano</verb>
         <forms>
            <form>abitare</form>
            <form>abito</form>
            <form>abiti</form>
            <form>abita</form>
            <form>abitiamo</form>
            <form>abitate</form>
         </forms>
      </entry>
      <entry id="b3946039cf04699fab7a8c90aab72530">
         <sentence>Loro vanno a Parigi in vacanza.</sentence>
         <verb>vanno</verb>
         <forms>
            <form>andare</form>
            <form>vado</form>
            <form>vai</form>
            <form>va</form>
            <form>andiamo</form>
            <form>andate</form>
         </forms>
      </entry>
      <entry id="97682883bc3258c7b649783dca7208fa">
         <sentence>Loro vanno a scuola a piedi, non prendono l’autobus.</sentence>
         <verb>vanno</verb>
         <forms>
            <form>andare</form>
            <form>vado</form>
            <form>vai</form>
            <form>va</form>
            <form>andiamo</form>
            <form>andate</form>
         </forms>
      </entry>
      <entry id="c87617a86e65cede5599bf162780c51f">
         <sentence>Loro vengono da me a fare i compiti.</sentence>
         <verb>vengono</verb>
         <forms>
            <form>venire</form>
            <form>vengo</form>
            <form>vieni</form>
            <form>viene</form>
            <form>veniamo</form>
            <form>venite</form>
         </forms>
      </entry>
      <entry id="0e7a2b089db472d0e3a8d77e2120bfed">
         <sentence>Marco va a scuola in motorino.</sentence>
         <verb>va</verb>
         <forms>
            <form>andare</form>
            <form>vado</form>
            <form>vai</form>
            <form>andiamo</form>
            <form>andate</form>
            <form>vanno</form>
         </forms>
      </entry>
      <entry id="01ae55dc1237fab49f72b51e046ee457">
         <sentence>Noi abitiamo in via Petrarca settantatré.</sentence>
         <verb>abitiamo</verb>
         <forms>
            <form>abitare</form>
            <form>abito</form>
            <form>abiti</form>
            <form>abita</form>
            <form>abitate</form>
            <form>abitano</form>
         </forms>
      </entry>
      <entry id="d043d2e99ebbf05d341f81e9a78135d6">
         <sentence>Noi andiamo a scuola a piedi di solito.</sentence>
         <verb>andiamo</verb>
         <forms>
            <form>andare</form>
            <form>vado</form>
            <form>vai</form>
            <form>va</form>
            <form>andate</form>
            <form>vanno</form>
         </forms>
      </entry>
      <entry id="dc9f4ccfb1e1e68860ea97d70abd7442">
         <sentence>Noi andiamo al ristorante domani sera.</sentence>
         <verb>andiamo</verb>
         <forms>
            <form>andare</form>
            <form>vado</form>
            <form>vai</form>
            <form>va</form>
            <form>andate</form>
            <form>vanno</form>
         </forms>
      </entry>
      <entry id="2de1dbf9d7a2eb710b513832e7c036ae">
         <sentence>Noi partiamo per Firenze domani.</sentence>
         <verb>partiamo</verb>
         <forms>
            <form>partire</form>
            <form>parto</form>
            <form>parti</form>
            <form>parte</form>
            <form>partite</form>
            <form>partono</form>
         </forms>
      </entry>
      <entry id="9b6c5073c76915addeee0ca44be089ba">
         <sentence>Oggi noi andiamo da Marco a studiare.</sentence>
         <verb>andiamo</verb>
         <forms>
            <form>andare</form>
            <form>vado</form>
            <form>vai</form>
            <form>va</form>
            <form>andate</form>
            <form>vanno</form>
         </forms>
      </entry>
      <entry id="38393c6dbb2afb4b3bf1c518581da47e">
         <sentence>Sara ama ballare in discoteca.</sentence>
         <verb>ama</verb>
         <forms>
            <form>amare</form>
            <form>amo</form>
            <form>ami</form>
            <form>amiamo</form>
            <form>amate</form>
            <form>amano</form>
         </forms>
      </entry>
      <entry id="1b772975216966ad3bfd4084f9b425a6">
         <sentence>Sara va in pizzeria con gli amici.</sentence>
         <verb>va</verb>
         <forms>
            <form>andare</form>
            <form>vado</form>
            <form>vai</form>
            <form>andiamo</form>
            <form>andate</form>
            <form>vanno</form>
         </forms>
      </entry>
      <entry id="64e20f0424ac95a40f92438ca5e451f0">
         <sentence>Tu abiti al dodicesimo piano?</sentence>
         <verb>abiti</verb>
         <forms>
            <form>abitare</form>
            <form>abito</form>
            <form>abita</form>
            <form>abitiamo</form>
            <form>abitate</form>
            <form>abitano</form>
         </forms>
      </entry>
      <entry id="74ee2c289098620506a7261affa04d56">
         <sentence>Tu da dove vieni?</sentence>
         <verb>vieni</verb>
         <forms>
            <form>venire</form>
            <form>vengo</form>
            <form>viene</form>
            <form>veniamo</form>
            <form>venite</form>
            <form>vengono</form>
         </forms>
      </entry>
      <entry id="6c27bb7256d38d15d7b84ef545cc67f0">
         <sentence>Tu parti per la Spagna domenica?</sentence>
         <verb>parti</verb>
         <forms>
            <form>partire</form>
            <form>parto</form>
            <form>parte</form>
            <form>partiamo</form>
            <form>partite</form>
            <form>partono</form>
         </forms>
      </entry>
      <entry id="db4ca2907f0eebd06f47854d4b230d81">
         <sentence>Tu vai a una festa domani?</sentence>
         <verb>vai</verb>
         <forms>
            <form>andare</form>
            <form>vado</form>
            <form>va</form>
            <form>andiamo</form>
            <form>andate</form>
            <form>vanno</form>
         </forms>
      </entry>
      <entry id="ac9416889d889c6c48fc7de570b86e74">
         <sentence>Voi invitate i compagni di classe al cinema?</sentence>
         <verb>invitate</verb>
         <forms>
            <form>invitare</form>
            <form>invito</form>
            <form>inviti</form>
            <form>invita</form>
            <form>invitiamo</form>
            <form>invitano</form>
         </forms>
      </entry>
      <entry id="6b5a7a4861172eff18dbc682114fb813">
         <sentence>Voi prendete i mezzi di trasporto per andare in centro?</sentence>
         <verb>prendete</verb>
         <forms>
            <form>prendere</form>
            <form>prendo</form>
            <form>prendi</form>
            <form>prende</form>
            <form>prendiamo</form>
            <form>prendono</form>
         </forms>
      </entry>
      <entry id="29baa316e5a7a7fdde7c587919092f29">
         <sentence>Voi venite a scuola in autobus di solito?</sentence>
         <verb>venite</verb>
         <forms>
            <form>venire</form>
            <form>vengo</form>
            <form>vieni</form>
            <form>viene</form>
            <form>veniamo</form>
            <form>vengono</form>
         </forms>
      </entry>
   </sentences>
</activity>
