<?xml version="1.0" ?>
<activity id="428170602129" type="translation" l2="it" l1="ar" version="1" n_voices="4">
   <course_name>italian</course_name>
   <title_prefix>ترجمة</title_prefix>
   <title>Preposizioni</title>
   <theme>Preposizioni</theme>
   <description>أعد ترتيب الكلمات لتتناسَب مع الجملة.</description>
   <sentences>
      <entry id="f5c446251d32b277a960766ddb4ef3ab">
         <sentence lang="ar">أنا أذهب إلى المدرسة بالسيارة في الصباح.</sentence>
         <translation lang="it">Io vado a scuola in macchina la mattina.</translation>
         <chunks lang="it">
            <chunk index="1" audio_id="245176495397">Io</chunk>
            <chunk index="2" audio_id="269189264854">vado a</chunk>
            <chunk index="3" audio_id="129125395142">scuola</chunk>
            <chunk index="4" audio_id="274139271368">in</chunk>
            <chunk index="5" audio_id="197136078172">macchina</chunk>
            <chunk index="6" audio_id="139182016747">la</chunk>
            <chunk index="7" audio_id="820124573471">mattina.</chunk>
         </chunks>
      </entry>
      <entry id="257edf44958ac3e755cf9e3802442d32">
         <sentence lang="ar">أنا أذهب إلى باريس بمُفرَدي.</sentence>
         <translation lang="it">Io vado a Parigi da solo.</translation>
         <chunks lang="it">
            <chunk index="1" audio_id="245176495397">Io</chunk>
            <chunk index="2" audio_id="302162014050">vado</chunk>
            <chunk index="3" audio_id="308190754232">a</chunk>
            <chunk index="4" audio_id="262129703624">Parigi</chunk>
            <chunk index="5" audio_id="468132682391">da</chunk>
            <chunk index="6" audio_id="768167873468">solo.</chunk>
         </chunks>
      </entry>
      <entry id="d55cb615c98dc1be44076912c3347628">
         <sentence lang="ar">أنا أركب الترام للوصول إلى وسط المدينة.</sentence>
         <translation lang="it">Io prendo il tram per arrivare in centro.</translation>
         <chunks lang="it">
            <chunk index="1" audio_id="245176495397">Io</chunk>
            <chunk index="2" audio_id="789121257628">prendo</chunk>
            <chunk index="3" audio_id="375131528721">il tram</chunk>
            <chunk index="4" audio_id="709195189067">per</chunk>
            <chunk index="5" audio_id="705149539708">arrivare</chunk>
            <chunk index="6" audio_id="274139271368">in</chunk>
            <chunk index="7" audio_id="180138245953">centro.</chunk>
         </chunks>
      </entry>
      <entry id="6b26b5b34945140617ab8e23fcdb6131">
         <sentence lang="ar">أنا أسكن في الطابق الأول.</sentence>
         <translation lang="it">Io abito al primo piano.</translation>
         <chunks lang="it">
            <chunk index="1" audio_id="245176495397">Io</chunk>
            <chunk index="2" audio_id="569132302980">abito</chunk>
            <chunk index="3" audio_id="308186423047">al</chunk>
            <chunk index="4" audio_id="263194985428">primo</chunk>
            <chunk index="5" audio_id="593192569730">piano.</chunk>
         </chunks>
      </entry>
      <entry id="cbb45138e10368f12401201b022a3c01">
         <sentence lang="ar">إنهم يأتون عندي لأداء الواجبات المدرسيَّة.</sentence>
         <translation lang="it">Loro vengono da me a fare i compiti.</translation>
         <chunks lang="it">
            <chunk index="1" audio_id="137105948237">Loro</chunk>
            <chunk index="2" audio_id="395120812416">vengono</chunk>
            <chunk index="3" audio_id="468132682391">da</chunk>
            <chunk index="4" audio_id="494180103103">me a</chunk>
            <chunk index="5" audio_id="153130435456">fare</chunk>
            <chunk index="6" audio_id="126105646586">i</chunk>
            <chunk index="7" audio_id="210134717932">compiti.</chunk>
         </chunks>
      </entry>
      <entry id="84e50d411779bef0e800960d57acaed8">
         <sentence lang="ar">إنهم يذهبون إلى المدرسة سَيْرًا على الأقدام، ولا يركبون الحافلة.</sentence>
         <translation lang="it">Loro vanno a scuola a piedi, non prendono l’autobus.</translation>
         <chunks lang="it">
            <chunk index="1" audio_id="137105948237">Loro</chunk>
            <chunk index="2" audio_id="395128797073">vanno a</chunk>
            <chunk index="3" audio_id="716187525764">scuola a</chunk>
            <chunk index="4" audio_id="782120541689">piedi,</chunk>
            <chunk index="5" audio_id="178104164202">non</chunk>
            <chunk index="6" audio_id="175141986830">prendono</chunk>
            <chunk index="7" audio_id="786159484348">l’autobus.</chunk>
         </chunks>
      </entry>
      <entry id="03a8ab9e89dc36168d21a138b0865259">
         <sentence lang="ar">تذهب Sara إلى مطعم البيتزا مع الأصدقاء.</sentence>
         <translation lang="it">Sara va in pizzeria con gli amici.</translation>
         <chunks lang="it">
            <chunk index="1" audio_id="585190398987">Sara</chunk>
            <chunk index="2" audio_id="596159846758">va</chunk>
            <chunk index="3" audio_id="274139271368">in</chunk>
            <chunk index="4" audio_id="296151820838">pizzeria</chunk>
            <chunk index="5" audio_id="313160794364">con</chunk>
            <chunk index="6" audio_id="346146197210">gli</chunk>
            <chunk index="7" audio_id="938126424517">amici.</chunk>
         </chunks>
      </entry>
      <entry id="7232cbc3e2ee82d33296ea3d250c41d7">
         <sentence lang="ar">سنذهب أنا وSara إلى السينما الليلة.</sentence>
         <translation lang="it">Io e Sara andiamo al cinema stasera.</translation>
         <chunks lang="it">
            <chunk index="1" audio_id="245176495397">Io</chunk>
            <chunk index="2" audio_id="260143408439">e</chunk>
            <chunk index="3" audio_id="585190398987">Sara</chunk>
            <chunk index="4" audio_id="943154965787">andiamo</chunk>
            <chunk index="5" audio_id="308186423047">al</chunk>
            <chunk index="6" audio_id="438126026124">cinema</chunk>
            <chunk index="7" audio_id="816131680609">stasera.</chunk>
         </chunks>
      </entry>
      <entry id="9ec0c5e672254c1dae274aab1e692083">
         <sentence lang="ar">نحن نسكن في ثلاثة وسبعين، طريق بتراركا.</sentence>
         <translation lang="it">Noi abitiamo in via Petrarca settantatré.</translation>
         <chunks lang="it">
            <chunk index="1" audio_id="497180219025">Noi</chunk>
            <chunk index="2" audio_id="786109623126">abitiamo</chunk>
            <chunk index="3" audio_id="274139271368">in</chunk>
            <chunk index="4" audio_id="590182472561">via</chunk>
            <chunk index="5" audio_id="248193035706">Petrarca</chunk>
            <chunk index="6" audio_id="259125603790">settantatré.</chunk>
         </chunks>
      </entry>
      <entry id="578ee5c066d99d882188fb1c210afaec">
         <sentence lang="ar">هل ستذهبون إلى فلورنسا غدًا؟</sentence>
         <translation lang="it">Andate a Firenze domani?</translation>
         <chunks lang="it">
            <chunk index="1" audio_id="564172574025">Andate</chunk>
            <chunk index="2" audio_id="308190754232">a</chunk>
            <chunk index="3" audio_id="198102056816">Firenze</chunk>
            <chunk index="4" audio_id="868127384248">domani?</chunk>
         </chunks>
      </entry>
      <entry id="550f5a029f70b27ea448785b849cb253">
         <sentence lang="ar">يذهب Ahmed إلى المطعم ليأكل البيتزا.</sentence>
         <translation lang="it">Ahmed va al ristorante a mangiare una pizza.</translation>
         <chunks lang="it">
            <chunk index="1" audio_id="804180783596">Ahmed</chunk>
            <chunk index="2" audio_id="963179728698">va al</chunk>
            <chunk index="3" audio_id="512143701491">ristorante</chunk>
            <chunk index="4" audio_id="308190754232">a</chunk>
            <chunk index="5" audio_id="148173268206">mangiare</chunk>
            <chunk index="6" audio_id="203107513852">una</chunk>
            <chunk index="7" audio_id="207189531736">pizza.</chunk>
         </chunks>
      </entry>
      <entry id="7ddf3c01bd546e1caafc6c11d1975e94">
         <sentence lang="ar">يذهب Dino لقضاء إجازة في إسبانيا.</sentence>
         <translation lang="it">Dino va in vacanza in Spagna.</translation>
         <chunks lang="it">
            <chunk index="1" audio_id="915195924329">Dino</chunk>
            <chunk index="2" audio_id="596159846758">va</chunk>
            <chunk index="3" audio_id="274139271368">in</chunk>
            <chunk index="4" audio_id="156162157328">vacanza</chunk>
            <chunk index="5" audio_id="274139271368">in</chunk>
            <chunk index="6" audio_id="375170723683">Spagna.</chunk>
         </chunks>
      </entry>
   </sentences>
</activity>
