<?xml version="1.0" ?>
<activity id="218158320314" type="missing_words" l2="it" l1="ar" version="1" n_voices="4">
   <course_name>italian</course_name>
   <title_prefix>كلمات ناقصة</title_prefix>
   <title>Preposizioni</title>
   <theme>Preposizioni</theme>
   <description>استمع ثم اكتب الكلمات الناقصة.</description>
   <sentences>
      <sentence id="fbcb8eeb52a3bec361c3bf83dcae2321" audio_id="425191630161">
         <s>Ahmed va al ristorante a mangiare una pizza.</s>
         <keywords>
            <keyword>ristorante</keyword>
         </keywords>
      </sentence>
      <sentence id="5bb86b8128d1b39a363411e5abbcf030" audio_id="149182538174">
         <s>Andate a Firenze domani?</s>
         <keywords>
            <keyword>Firenze</keyword>
         </keywords>
      </sentence>
      <sentence id="e93be0e15ecb04ba5f39b50804dcc40d" audio_id="829179134719">
         <s>Andate a Milano in macchina?</s>
         <keywords>
            <keyword>macchina</keyword>
            <keyword>Milano</keyword>
         </keywords>
      </sentence>
      <sentence id="4634a84438a6d3bb74fcbc2e8d3f9251" audio_id="120184797654">
         <s>Anna e Maria vengono da Parigi.</s>
         <keywords>
            <keyword>Parigi</keyword>
         </keywords>
      </sentence>
      <sentence id="24ebc38fd745ba2640dfb14dc6422851" audio_id="298156383072">
         <s>Anna parte per la Germania domani.</s>
         <keywords>
            <keyword>Germania</keyword>
         </keywords>
      </sentence>
      <sentence id="7dd08073ae2f8713e9224f9960f8558c" audio_id="838123426265">
         <s>Dino preferisce tornare a casa a piedi.</s>
         <keywords>
            <keyword>casa</keyword>
            <keyword>a piedi</keyword>
            <keyword>tornare</keyword>
         </keywords>
      </sentence>
      <sentence id="a52fbcaa38572a3bb5a2ad2696214290" audio_id="920194570683">
         <s>Dino va in vacanza in Spagna.</s>
         <keywords>
            <keyword>vacanza</keyword>
            <keyword>Spagna</keyword>
         </keywords>
      </sentence>
      <sentence id="78bdb7546229e63db1e91f6e832f490f" audio_id="237184531851">
         <s>Gli studenti partono per gli Stati Uniti domani mattina.</s>
         <keywords>
            <keyword>mattina</keyword>
            <keyword>Stati Uniti</keyword>
         </keywords>
      </sentence>
      <sentence id="8f6f9148a1f16d6bcf1c191b9b16039d" audio_id="976176292986">
         <s>I ragazzi vanno a teatro sabato.</s>
         <keywords>
            <keyword>teatro</keyword>
         </keywords>
      </sentence>
      <sentence id="09377eb2ec58514282fb613419939ac3" audio_id="859120238671">
         <s>Il professore viene a scuola in macchina.</s>
         <keywords>
            <keyword>scuola</keyword>
            <keyword>macchina</keyword>
         </keywords>
      </sentence>
      <sentence id="eb50f925c587913d7bc82b4648e51289" audio_id="904165893704">
         <s>Io abito a Milano, ma lavoro a Torino.</s>
         <keywords>
            <keyword>Milano</keyword>
            <keyword>Torino</keyword>
         </keywords>
      </sentence>
      <sentence id="9c45dd3272d9b7583e355948cd161492" audio_id="238125241432">
         <s>Io abito a Roma.</s>
         <keywords>
            <keyword>Roma</keyword>
         </keywords>
      </sentence>
      <sentence id="1d0555e783c7824586dfb7d04bdb47de" audio_id="507195781015">
         <s>Io abito al primo piano.</s>
         <keywords>
            <keyword>piano</keyword>
            <keyword>primo</keyword>
         </keywords>
      </sentence>
      <sentence id="0a8518786079dc5bf34e94d47d5f61f7" audio_id="753146971202">
         <s>Io e Sara andiamo al cinema stasera.</s>
         <keywords>
            <keyword>cinema</keyword>
         </keywords>
      </sentence>
      <sentence id="b9d32c3a74636e97ae322dc5a4ae2b63" audio_id="948128945746">
         <s>Io ho una casa in Francia.</s>
         <keywords>
            <keyword>casa</keyword>
            <keyword>Francia</keyword>
         </keywords>
      </sentence>
      <sentence id="1d7867765378bd14a7c73ceabb2126fd" audio_id="635136868012">
         <s>Io preferisco andare a scuola in bicicletta.</s>
         <keywords>
            <keyword>scuola</keyword>
            <keyword>bicicletta</keyword>
         </keywords>
      </sentence>
      <sentence id="62fcc0ce0b2ec38fdcf469de5e468aa5" audio_id="573178547521">
         <s>Io prendo il tram per arrivare in centro.</s>
         <keywords>
            <keyword>centro</keyword>
            <keyword>tram</keyword>
         </keywords>
      </sentence>
      <sentence id="dbef3fc0abfeff2f7950ff1548c3d185" audio_id="685161243853">
         <s>Io prendo l’aereo per andare a Parigi.</s>
         <keywords>
            <keyword>aereo</keyword>
            <keyword>Parigi</keyword>
         </keywords>
      </sentence>
      <sentence id="fb98051fc1f4382112f2be6a76a1a064" audio_id="523154395869">
         <s>Io sono italiana, vengo da Roma.</s>
         <keywords>
            <keyword>Roma</keyword>
         </keywords>
      </sentence>
      <sentence id="2d8e018b91cca9a2f44f0c8c2c2f8ff6" audio_id="952153567686">
         <s>Io studio spesso in biblioteca.</s>
         <keywords>
            <keyword>studio</keyword>
            <keyword>biblioteca</keyword>
         </keywords>
      </sentence>
      <sentence id="104977d04322116fc247068944da7f97" audio_id="730184089276">
         <s>Io vado a Parigi da solo.</s>
         <keywords>
            <keyword>da solo</keyword>
            <keyword>Parigi</keyword>
         </keywords>
      </sentence>
      <sentence id="4756c5ca8a562d0bfdacc5756cffe56a" audio_id="619131014926">
         <s>Io vado a scuola a piedi.</s>
         <keywords>
            <keyword>scuola</keyword>
            <keyword>a piedi</keyword>
         </keywords>
      </sentence>
      <sentence id="dc9b93c7cf534dd244392a99348d39cb" audio_id="859135698451">
         <s>Io vado a scuola in macchina la mattina.</s>
         <keywords>
            <keyword>scuola</keyword>
            <keyword>macchina</keyword>
            <keyword>mattina</keyword>
         </keywords>
      </sentence>
      <sentence id="6f48a197390aa8895a2fdee145360003" audio_id="156167279382">
         <s>La mamma va in farmacia.</s>
         <keywords>
            <keyword>farmacia</keyword>
         </keywords>
      </sentence>
      <sentence id="5341728b65e714a553dcfef90b6a0b6e" audio_id="869149784231">
         <s>Le ragazze ballano in discoteca.</s>
         <keywords>
            <keyword>discoteca</keyword>
         </keywords>
      </sentence>
      <sentence id="fa3c4db0d66d62b9e87d46c32df20d6f" audio_id="260158050981">
         <s>Lei abita al terzo piano.</s>
         <keywords>
            <keyword>piano</keyword>
            <keyword>terzo</keyword>
         </keywords>
      </sentence>
      <sentence id="4de565f307c24d84509df8750f3c2996" audio_id="957195931506">
         <s>Lei abita in via Roma sedici.</s>
         <keywords>
            <keyword>Roma</keyword>
         </keywords>
      </sentence>
      <sentence id="bce6928348d93e984d2e18664a615835" audio_id="513168484582">
         <s>Lei ama andare a teatro.</s>
         <keywords>
            <keyword>teatro</keyword>
         </keywords>
      </sentence>
      <sentence id="51df02a91fac233bd217946e2e57c494" audio_id="852168103638">
         <s>Loro abitano in via Garibaldi settantadue.</s>
         <keywords>
            <keyword>settantadue</keyword>
         </keywords>
      </sentence>
      <sentence id="8da66004a7c6ecb81cec71ec9e986ab0" audio_id="146146406174">
         <s>Loro vanno a Parigi in vacanza.</s>
         <keywords>
            <keyword>vacanza</keyword>
            <keyword>Parigi</keyword>
         </keywords>
      </sentence>
      <sentence id="8b367b6e825f0cc95ea5fbee7c025b6b" audio_id="415173875926">
         <s>Loro vanno a scuola a piedi, non prendono l’autobus.</s>
         <keywords>
            <keyword>scuola</keyword>
            <keyword>a piedi</keyword>
            <keyword>autobus</keyword>
         </keywords>
      </sentence>
      <sentence id="921ab2479c94c5437373f6b5101bb6dd" audio_id="968172935396">
         <s>Marco va a scuola in motorino.</s>
         <keywords>
            <keyword>scuola</keyword>
            <keyword>motorino</keyword>
         </keywords>
      </sentence>
      <sentence id="fb1803433a1ea2668408849baa220a79" audio_id="624121460715">
         <s>Noi andiamo a scuola a piedi di solito.</s>
         <keywords>
            <keyword>scuola</keyword>
            <keyword>a piedi</keyword>
         </keywords>
      </sentence>
      <sentence id="b8840b0dcc170f4b323c5e9085b7fbb9" audio_id="163137259532">
         <s>Noi andiamo al ristorante domani sera.</s>
         <keywords>
            <keyword>ristorante</keyword>
         </keywords>
      </sentence>
      <sentence id="b94267f80ecf25c1a5759cf97942db29" audio_id="896102432719">
         <s>Noi partiamo per Firenze domani.</s>
         <keywords>
            <keyword>Firenze</keyword>
         </keywords>
      </sentence>
      <sentence id="ab7f4eb331c7bc7e82879e41a02169ce" audio_id="694197064069">
         <s>Sara ama ballare in discoteca.</s>
         <keywords>
            <keyword>discoteca</keyword>
            <keyword>ballare</keyword>
         </keywords>
      </sentence>
      <sentence id="e0989af168da5330058a2a39e1f94395" audio_id="353138604030">
         <s>Sara va in pizzeria con gli amici.</s>
         <keywords>
            <keyword>pizzeria</keyword>
            <keyword>con</keyword>
         </keywords>
      </sentence>
      <sentence id="fb8c886f7f20056a62e60f45664588fb" audio_id="454153014324">
         <s>Tu abiti al dodicesimo piano?</s>
         <keywords>
            <keyword>piano</keyword>
            <keyword>dodicesimo</keyword>
         </keywords>
      </sentence>
      <sentence id="0d842473d77259b37c22999e061cc325" audio_id="164106941038">
         <s>Tu parti per la Spagna domenica?</s>
         <keywords>
            <keyword>Spagna</keyword>
         </keywords>
      </sentence>
      <sentence id="af4bedd73f428c1b9193a04bf9509ed9" audio_id="217185252515">
         <s>Vado a Milano in aereo.</s>
         <keywords>
            <keyword>aereo</keyword>
            <keyword>Milano</keyword>
         </keywords>
      </sentence>
      <sentence id="2392bd44bbd3a7995eecdb4aab0ccdb7" audio_id="205151526412">
         <s>Vado a casa a dormire. A dopo!</s>
         <keywords>
            <keyword>casa</keyword>
         </keywords>
      </sentence>
      <sentence id="00b2629d54b49cb469c7f006fe29fb10" audio_id="375128613586">
         <s>Voi invitate i compagni di classe al cinema?</s>
         <keywords>
            <keyword>cinema</keyword>
         </keywords>
      </sentence>
      <sentence id="1bf1899ebdd08c6722cf0784cfea4095" audio_id="470168926435">
         <s>Voi prendete i mezzi di trasporto per andare in centro?</s>
         <keywords>
            <keyword>centro</keyword>
            <keyword>mezzi di trasporto</keyword>
         </keywords>
      </sentence>
      <sentence id="7c5791ab20675ecf917847ec93a9692b" audio_id="243107245851">
         <s>Voi venite a scuola in autobus di solito?</s>
         <keywords>
            <keyword>scuola</keyword>
            <keyword>autobus</keyword>
         </keywords>
      </sentence>
   </sentences>
</activity>
