<?xml version="1.0" ?>
<activity id="847190875830" type="missing_words" l2="it" l1="ar" version="1" n_voices="4">
   <course_name>italian</course_name>
   <title_prefix>كلمات ناقصة</title_prefix>
   <title>Verbi modali</title>
   <theme>Verbi modali</theme>
   <description>استمع ثم اكتب الكلمات الناقصة.</description>
   <sentences>
      <sentence id="5aa45523970328f4e670df1cac2c4f47" audio_id="320181290396">
         <s>Anna, puoi venire a giocare a pallavolo?</s>
         <keywords>
            <keyword>pallavolo</keyword>
         </keywords>
      </sentence>
      <sentence id="f61df2967b114fd9b3b2f95f5e6f52c0" audio_id="524146465404">
         <s>Chiara e Anna vogliono andare a fare spese dopo scuola.</s>
         <keywords>
            <keyword>scuola</keyword>
         </keywords>
      </sentence>
      <sentence id="b18ded87587b929abbcbdfa741703597" audio_id="565192827597">
         <s>Devo andare in farmacia.</s>
         <keywords>
            <keyword>farmacia</keyword>
         </keywords>
      </sentence>
      <sentence id="1254e842a8cd525ee8310723a42feba8" audio_id="790104203956">
         <s>Domani mattina io devo andare a fare spese.</s>
         <keywords>
            <keyword>mattina</keyword>
         </keywords>
      </sentence>
      <sentence id="e9676e75b4aecdc78ea8de96e16a9449" audio_id="358170849348">
         <s>Dovete tornare a casa adesso?</s>
         <keywords>
            <keyword>casa</keyword>
            <keyword>tornare</keyword>
         </keywords>
      </sentence>
      <sentence id="3b27052bdfbd428853a2fc31bd24c286" audio_id="412101310951">
         <s>Gli studenti possono andare in biblioteca a studiare.</s>
         <keywords>
            <keyword>biblioteca</keyword>
         </keywords>
      </sentence>
      <sentence id="57f7bb3e3663cbd4c7258241c8022f6d" audio_id="848128949709">
         <s>Io devo prendere l’autobus per arrivare al centro.</s>
         <keywords>
            <keyword>centro</keyword>
            <keyword>autobus</keyword>
         </keywords>
      </sentence>
      <sentence id="c125659941ea2d7ee1a5e743107783b6" audio_id="416139726385">
         <s>Io devo tornare a casa adesso.</s>
         <keywords>
            <keyword>casa</keyword>
            <keyword>tornare</keyword>
         </keywords>
      </sentence>
      <sentence id="574680618276de04bcedccb6a035c03e" audio_id="606140921463">
         <s>Io e Chiara vogliamo andare al teatro domenica.</s>
         <keywords>
            <keyword>teatro</keyword>
         </keywords>
      </sentence>
      <sentence id="e5e2a1ffc3a2e0283a47c13342e5bf4b" audio_id="309130687681">
         <s>Io non voglio prendere l’autobus, preferisco camminare.</s>
         <keywords>
            <keyword>autobus</keyword>
         </keywords>
      </sentence>
      <sentence id="a6dcfe10707cdf03a8062de5bea97e03" audio_id="242180870948">
         <s>Io posso prendere la metropolitana per tornare a casa.</s>
         <keywords>
            <keyword>casa</keyword>
            <keyword>metropolitana</keyword>
            <keyword>tornare</keyword>
         </keywords>
      </sentence>
      <sentence id="b33dc0a08151460046b3ad7f665eb930" audio_id="478156967132">
         <s>Io voglio andare al cinema sabato.</s>
         <keywords>
            <keyword>cinema</keyword>
         </keywords>
      </sentence>
      <sentence id="c845d85f120ad38236bee8b9883754de" audio_id="789146906468">
         <s>Io voglio fare colazione al bar.</s>
         <keywords>
            <keyword>bar</keyword>
         </keywords>
      </sentence>
      <sentence id="1398b589cdfeb483217cf27b5237e933" audio_id="945104263463">
         <s>Lei non può venire al ristorante stasera.</s>
         <keywords>
            <keyword>ristorante</keyword>
         </keywords>
      </sentence>
      <sentence id="97f6a5ac9f338af1159c2f627f533476" audio_id="316173481202">
         <s>Lei non vuole prendere il motorino per andare a scuola.</s>
         <keywords>
            <keyword>scuola</keyword>
            <keyword>motorino</keyword>
         </keywords>
      </sentence>
      <sentence id="362ccd8c25ac361802a3114d9f86ab5f" audio_id="586194305686">
         <s>Mi dispiace, io non posso venire al mare oggi.</s>
         <keywords>
            <keyword>mare</keyword>
         </keywords>
      </sentence>
      <sentence id="54e16d491fc006c5ace19d3fa3477066" audio_id="797167524686">
         <s>Mi dispiace, io non posso venire in discoteca a ballare domani.</s>
         <keywords>
            <keyword>discoteca</keyword>
            <keyword>ballare</keyword>
         </keywords>
      </sentence>
      <sentence id="5ad148c8f39960e46cf9bc4172fc0d50" audio_id="590174702982">
         <s>Noi vogliamo andare al mare oggi.</s>
         <keywords>
            <keyword>mare</keyword>
         </keywords>
      </sentence>
      <sentence id="6631b69c41d1d8e65d65164f86366b98" audio_id="782157017142">
         <s>Quale linea della metro dobbiamo prendere?</s>
         <keywords>
            <keyword>linea della metro</keyword>
         </keywords>
      </sentence>
      <sentence id="856925a4bd97df01bb3d325618c6a7a7" audio_id="929158259324">
         <s>Ragazzi, voi potete venire al cinema stasera?</s>
         <keywords>
            <keyword>cinema</keyword>
         </keywords>
      </sentence>
      <sentence id="7811893d32875054ac3b7d0d06ea48de" audio_id="107162565152">
         <s>Ragazzi, volete venire alla sala giochi?</s>
         <keywords>
            <keyword>sala giochi</keyword>
         </keywords>
      </sentence>
      <sentence id="28f5064becbce11b29332489c7fc21dd" audio_id="596179204617">
         <s>Sara, vuoi venire al teatro con me domani?</s>
         <keywords>
            <keyword>teatro</keyword>
            <keyword>con</keyword>
         </keywords>
      </sentence>
      <sentence id="a0df86fa8ffedf88620b97b198d819ea" audio_id="436149398420">
         <s>Tu devi andare a scuola domani?</s>
         <keywords>
            <keyword>scuola</keyword>
         </keywords>
      </sentence>
      <sentence id="11b9cf5d150af4b135b311e774f583be" audio_id="275180960512">
         <s>Tu vuoi venire in pizzeria stasera?</s>
         <keywords>
            <keyword>pizzeria</keyword>
         </keywords>
      </sentence>
      <sentence id="00e6c5a8d414fc72a7d3349eca5eff26" audio_id="407175251067">
         <s>Voi potete prendere il taxi per tornare a casa.</s>
         <keywords>
            <keyword>casa</keyword>
            <keyword>taxi</keyword>
            <keyword>tornare</keyword>
         </keywords>
      </sentence>
      <sentence id="504f23acc70114a0098e70b2f4e6c0c8" audio_id="138163598426">
         <s>Voi volete giocare a calcio o preferite giocare a pallacanestro?</s>
         <keywords>
            <keyword>pallacanestro</keyword>
            <keyword>preferite</keyword>
         </keywords>
      </sentence>
      <sentence id="7e7b600d66b5f1296eb8d1f7151e491c" audio_id="314104938276">
         <s>Volete venire al cinema con me?</s>
         <keywords>
            <keyword>cinema</keyword>
            <keyword>con</keyword>
         </keywords>
      </sentence>
      <sentence id="5e98c052ff7e63628bd25a307826d48d" audio_id="310148794020">
         <s>Vuoi venire a Firenze?</s>
         <keywords>
            <keyword>Firenze</keyword>
         </keywords>
      </sentence>
   </sentences>
</activity>
