<?xml version="1.0" ?>
<activity id="907126085408" type="translation" l2="it" l1="ar" version="1" n_voices="4">
   <course_name>italian</course_name>
   <title_prefix>ترجمة</title_prefix>
   <title>Aggettivi in -e</title>
   <theme>Aggettivi in -e</theme>
   <description>أعد ترتيب الكلمات لتتناسَب مع الجملة.</description>
   <sentences>
      <entry id="8acade93b7b901d2e87952af848b1d2f">
         <sentence lang="it" audio_id="267190796120">Il libro è interessante.</sentence>
         <translation lang="ar">الكتاب مُشوِّق.</translation>
         <chunks lang="ar">
            <chunk index="1">الكتاب</chunk>
            <chunk index="2">مُشوِّق.</chunk>
         </chunks>
      </entry>
      <entry id="2172dc568e7d474ec1ebf60bdc891db4">
         <sentence lang="it" audio_id="894103697394">La lezione di matematica è difficile.</sentence>
         <translation lang="ar">درس الرياضيات صعب.</translation>
         <chunks lang="ar">
            <chunk index="1">درس</chunk>
            <chunk index="2">الرياضيات</chunk>
            <chunk index="3">صعب.</chunk>
         </chunks>
      </entry>
      <entry id="483088b6d6c423f2789af569c79d469d">
         <sentence lang="it" audio_id="394147979679">La ragazza è gentile.</sentence>
         <translation lang="ar">الفتاة لطيفة.</translation>
         <chunks lang="ar">
            <chunk index="1">الفتاة</chunk>
            <chunk index="2">لطيفة.</chunk>
         </chunks>
      </entry>
      <entry id="5b726a9471b4ce54d0665c02278ef5c5">
         <sentence lang="it" audio_id="740103986050">Le studentesse sono intelligenti.</sentence>
         <translation lang="ar">الطالبات ذكيَّات.</translation>
         <chunks lang="ar">
            <chunk index="1">الطالبات</chunk>
            <chunk index="2">ذكيَّات.</chunk>
         </chunks>
      </entry>
      <entry id="b76570f27522718ce3b75c6545b0683e">
         <sentence lang="it" audio_id="674156178781">Lo zio di Marco è gentile.</sentence>
         <translation lang="ar">عمُّ Marco لطيف.</translation>
         <chunks lang="ar">
            <chunk index="1">عمُّ</chunk>
            <chunk index="2">Marco</chunk>
            <chunk index="3">لطيف.</chunk>
         </chunks>
      </entry>
      <entry id="f0e591a776fa87151eed68849c8f877b">
         <sentence lang="it" audio_id="578157930765">Sara, perché sei triste?</sentence>
         <translation lang="ar">Sara، لماذا أنتِ حزينة؟</translation>
         <chunks lang="ar">
            <chunk index="1">Sara،</chunk>
            <chunk index="2">لماذا</chunk>
            <chunk index="3">أنتِ</chunk>
            <chunk index="4">حزينة؟</chunk>
         </chunks>
      </entry>
      <entry id="a0a78da53df6c8f26e172d6fcaaafac3">
         <sentence lang="ar">Sara، لماذا أنتِ حزينة؟</sentence>
         <translation lang="it">Sara, perché sei triste?</translation>
         <chunks lang="it">
            <chunk index="1" audio_id="305189029053">Sara,</chunk>
            <chunk index="2" audio_id="105149080283">perché</chunk>
            <chunk index="3" audio_id="152160164053">sei</chunk>
            <chunk index="4" audio_id="182190402136">triste?</chunk>
         </chunks>
      </entry>
      <entry id="b1e4088f782deac9754d416f6485c3e7">
         <sentence lang="it" audio_id="819129849840">Tu ascolti la musica inglese?</sentence>
         <translation lang="ar">هل تستمع إلى الموسيقى الإنجليزيَّة؟</translation>
         <chunks lang="ar">
            <chunk index="1">هل</chunk>
            <chunk index="2">تستمع</chunk>
            <chunk index="3">إلى</chunk>
            <chunk index="4">الموسيقى</chunk>
            <chunk index="5">الإنجليزيَّة؟</chunk>
         </chunks>
      </entry>
      <entry id="7f2b8944948689c9e5d59a427e4ae5df">
         <sentence lang="ar">الطالبات ذكيَّات.</sentence>
         <translation lang="it">Le studentesse sono intelligenti.</translation>
         <chunks lang="it">
            <chunk index="1" audio_id="420190373720">Le</chunk>
            <chunk index="2" audio_id="139172732059">studentesse</chunk>
            <chunk index="3" audio_id="176130580750">sono</chunk>
            <chunk index="4" audio_id="217137358348">intelligenti.</chunk>
         </chunks>
      </entry>
      <entry id="2f1467d8aadc62d21c63b713862a4936">
         <sentence lang="ar">الفتاة لطيفة.</sentence>
         <translation lang="it">La ragazza è gentile.</translation>
         <chunks lang="it">
            <chunk index="1" audio_id="139182016747">La</chunk>
            <chunk index="2" audio_id="208125130964">ragazza</chunk>
            <chunk index="3" audio_id="892152891781">è</chunk>
            <chunk index="4" audio_id="184195037309">gentile.</chunk>
         </chunks>
      </entry>
      <entry id="5ff069a91c911b647ed6626fcb4f11e9">
         <sentence lang="ar">الكتاب مُشوِّق.</sentence>
         <translation lang="it">Il libro è interessante.</translation>
         <chunks lang="it">
            <chunk index="1" audio_id="262108452706">Il</chunk>
            <chunk index="2" audio_id="190134764652">libro</chunk>
            <chunk index="3" audio_id="892152891781">è</chunk>
            <chunk index="4" audio_id="983108482046">interessante.</chunk>
         </chunks>
      </entry>
      <entry id="d9d2ab1d1886a769bc2b91b46628e029">
         <sentence lang="ar">درس الرياضيات صعب.</sentence>
         <translation lang="it">La lezione di matematica è difficile.</translation>
         <chunks lang="it">
            <chunk index="1" audio_id="139182016747">La</chunk>
            <chunk index="2" audio_id="452140753106">lezione</chunk>
            <chunk index="3" audio_id="196190491453">di</chunk>
            <chunk index="4" audio_id="459135835162">matematica</chunk>
            <chunk index="5" audio_id="892152891781">è</chunk>
            <chunk index="6" audio_id="346186930965">difficile.</chunk>
         </chunks>
      </entry>
      <entry id="978d8ac78a21e5a412d9124047bf69ac">
         <sentence lang="ar">عمُّ Marco لطيف.</sentence>
         <translation lang="it">Lo zio di Marco è gentile.</translation>
         <chunks lang="it">
            <chunk index="1" audio_id="602126576939">Lo</chunk>
            <chunk index="2" audio_id="260163505054">zio</chunk>
            <chunk index="3" audio_id="196190491453">di</chunk>
            <chunk index="4" audio_id="545194503093">Marco</chunk>
            <chunk index="5" audio_id="892152891781">è</chunk>
            <chunk index="6" audio_id="184195037309">gentile.</chunk>
         </chunks>
      </entry>
      <entry id="a05c812695860b30e91d8ee3c9bb8c19">
         <sentence lang="ar">هل تستمع إلى الموسيقى الإنجليزيَّة؟</sentence>
         <translation lang="it">Tu ascolti la musica inglese?</translation>
         <chunks lang="it">
            <chunk index="1" audio_id="656136364306">Tu</chunk>
            <chunk index="2" audio_id="853185628945">ascolti</chunk>
            <chunk index="3" audio_id="139182016747">la</chunk>
            <chunk index="4" audio_id="190181796505">musica</chunk>
            <chunk index="5" audio_id="489159048146">inglese?</chunk>
         </chunks>
      </entry>
   </sentences>
</activity>
