<?xml version="1.0" ?>
<activity id="538170360606" type="dictation" l2="it" l1="ar" version="1" n_voices="4">
   <course_name>italian</course_name>
   <title_prefix>إملاء</title_prefix>
   <title>Verbi in -ire che prendono -isc</title>
   <theme>Verbi in -ire che prendono -isc</theme>
   <description>استمع ثم اكتب الجملة.</description>
   <sentences>
      <sentence id="4c7501536d09e477f62f485580bd3cc9" audio_id="409180569528">
         <s>Carlo, tu preferisci la storia o la geografia?</s>
      </sentence>
      <sentence id="0f81d3da4039ae51cf7f4169d80809da" audio_id="620182845402">
         <s>Gli studenti capiscono l’inglese.</s>
      </sentence>
      <sentence id="af599642a21a1be7811c4d59ea89839d" audio_id="125141891397">
         <s>Gli studenti puliscono l’aula.</s>
      </sentence>
      <sentence id="4e3d879827f1550f7facbd009b6835b8" audio_id="218124802921">
         <s>Heba, tu capisci l’italiano?</s>
      </sentence>
      <sentence id="3d7531f723d03e918ee444688cb7ff8b" audio_id="287103264831">
         <s>Il professore chiarisce un dubbio.</s>
      </sentence>
      <sentence id="e6e604af94ab038cfc785385beef21aa" audio_id="837154524360">
         <s>Il professore spedisce un’email.</s>
      </sentence>
      <sentence id="1337a2d32b8762503440f9b2ea6f8fb0" audio_id="637130850121">
         <s>Io capisco il cinese.</s>
      </sentence>
      <sentence id="f6b643a4ea63de9ca954d92f67e37477" audio_id="605185640176">
         <s>Io e Maria non mangiamo la cioccolata, noi preferiamo la frutta.</s>
      </sentence>
      <sentence id="aaf382cf13fed8924742980daa670296" audio_id="417182039861">
         <s>Io finisco di mangiare e poi dormo.</s>
      </sentence>
      <sentence id="2c57e3f7628f08bfd1f20be4f60bc266" audio_id="305126734709">
         <s>Io non capisco la lezione di matematica.</s>
      </sentence>
      <sentence id="bb841e6b6caa1f494c3c4853e1589657" audio_id="509130125763">
         <s>Io preferisco la macchina gialla.</s>
      </sentence>
      <sentence id="621d4f2b285439a799b12cb9d24f95bf" audio_id="795180643854">
         <s>Io pulisco casa di solito.</s>
      </sentence>
      <sentence id="3a58b33eb80eb48a8ba574a18ffab1e2" audio_id="725170758650">
         <s>Io spedisco un’email a Marco.</s>
      </sentence>
      <sentence id="7cb7abbf0b63137f9ddb89ca99099b1d" audio_id="893190504035">
         <s>La lezione di inglese finisce adesso.</s>
      </sentence>
      <sentence id="b5a8b2f099c2b022633d057951e9822e" audio_id="247162146368">
         <s>Lei capisce l’italiano molto bene.</s>
      </sentence>
      <sentence id="3ae4a9b61321ded8aa392763d8a43f30" audio_id="214158453913">
         <s>Lei preferisce abitare a Milano.</s>
      </sentence>
      <sentence id="c7d0ae3070f59d5a364ea57a191e699b" audio_id="623171602624">
         <s>Loro preferiscono giocare a calcio.</s>
      </sentence>
      <sentence id="c9c8e38d5b8e128613a55320024ab042" audio_id="395143403085">
         <s>Lui finisce la scuola elementare.</s>
      </sentence>
      <sentence id="b607bfe2072ca8b4747efbdd613a1a5f" audio_id="810141329176">
         <s>Lui spedisce un regalo a Luigi.</s>
      </sentence>
      <sentence id="57e5a4b9195ce3f9fd25d0f4b253afaf" audio_id="328185718278">
         <s>L’architetto costruisce la casa.</s>
      </sentence>
      <sentence id="67874e2aa17fceb2e1a71b3dda6a02cd" audio_id="814130141784">
         <s>Mario costruisce case.</s>
      </sentence>
      <sentence id="7165f7d6cd30fac8359ecbbbdb05f23c" audio_id="719151390952">
         <s>Noi capiamo l’inglese.</s>
      </sentence>
      <sentence id="13ddccd5c985bc70d6948422c1475908" audio_id="984147075629">
         <s>Noi finiamo di lavorare adesso.</s>
      </sentence>
      <sentence id="d6d5373f523f2480052c15af49017768" audio_id="325194612163">
         <s>Noi spediamo un regalo.</s>
      </sentence>
      <sentence id="e42d57c824a224df542eb3bacc571705" audio_id="903157263496">
         <s>Preferisci leggere un libro o ascoltare la musica?</s>
      </sentence>
      <sentence id="8a3dddbb4d645104afe60f08b5aeedc4" audio_id="254158718705">
         <s>Quando finisci di lavorare?</s>
      </sentence>
      <sentence id="d40908ebf325aeee7202fb35971707f6" audio_id="467127345176">
         <s>Ragazzi, voi quando finite la lezione di storia?</s>
      </sentence>
      <sentence id="7552642c65232193a2461b2bb9687b2e" audio_id="128156731858">
         <s>Tu capisci il francese?</s>
      </sentence>
      <sentence id="58a26f2552a6f8ab59646ea7bcc9e259" audio_id="275186241045">
         <s>Tu preferisci la pizza o la pasta?</s>
      </sentence>
      <sentence id="8639d6bc0fb9e670915d2128e068ee66" audio_id="415102391453">
         <s>Tu quando finisci la scuola media?</s>
      </sentence>
      <sentence id="b253f823e0c8052b5d875704931623ff" audio_id="524193751519">
         <s>Voi capite la lezione di matematica?</s>
      </sentence>
      <sentence id="7aa5f3048000ad16e5784708cecf2829" audio_id="764178057074">
         <s>Voi preferite prendere il treno o la macchina?</s>
      </sentence>
      <sentence id="8291db92c0538d6c15ae91c9e8df5c92" audio_id="834164308397">
         <s>Voi pulite casa di solito?</s>
      </sentence>
   </sentences>
</activity>
