<?xml version="1.0" ?>
<activity id="183169348052" type="translation" l2="it" l1="ar" version="1" n_voices="4">
   <course_name>italian</course_name>
   <title_prefix>ترجمة</title_prefix>
   <title>Verbi modali</title>
   <theme>Verbi modali</theme>
   <description>أعد ترتيب الكلمات لتتناسَب مع الجملة.</description>
   <sentences>
      <entry id="fdc3b90e27d0bb2315d11a3637aefde9">
         <sentence lang="ar">Sara، هل تريدين أن تأتي إلى المسرح معي غدًا؟</sentence>
         <translation lang="it">Sara, vuoi venire al teatro con me domani?</translation>
         <chunks lang="it">
            <chunk index="1" audio_id="305189029053">Sara,</chunk>
            <chunk index="2" audio_id="189157934260">vuoi</chunk>
            <chunk index="3" audio_id="302136320402">venire</chunk>
            <chunk index="4" audio_id="308186423047">al</chunk>
            <chunk index="5" audio_id="304107698530">teatro</chunk>
            <chunk index="6" audio_id="947172781593">con me</chunk>
            <chunk index="7" audio_id="868127384248">domani?</chunk>
         </chunks>
      </entry>
      <entry id="0a6b79284ebbc0ac1f43b1d7acb22ceb">
         <sentence lang="ar">أنا لا أستطيع الخروج الليلة.</sentence>
         <translation lang="it">Io non posso uscire stasera.</translation>
         <chunks lang="it">
            <chunk index="1" audio_id="245176495397">Io</chunk>
            <chunk index="2" audio_id="178104164202">non</chunk>
            <chunk index="3" audio_id="197125901032">posso</chunk>
            <chunk index="4" audio_id="489146750368">uscire</chunk>
            <chunk index="5" audio_id="816131680609">stasera.</chunk>
         </chunks>
      </entry>
      <entry id="37bab8ae6fa2da50d93c3c0054649409">
         <sentence lang="ar">نريد أنا وChiara الذهاب إلى المسرح يوم الأحد.</sentence>
         <translation lang="it">Io e Chiara vogliamo andare al teatro domenica.</translation>
         <chunks lang="it">
            <chunk index="1" audio_id="585178356752">Io e</chunk>
            <chunk index="2" audio_id="159198976807">Chiara</chunk>
            <chunk index="3" audio_id="142176930613">vogliamo</chunk>
            <chunk index="4" audio_id="120179396769">andare</chunk>
            <chunk index="5" audio_id="308186423047">al</chunk>
            <chunk index="6" audio_id="304107698530">teatro</chunk>
            <chunk index="7" audio_id="960141240562">domenica.</chunk>
         </chunks>
      </entry>
      <entry id="c2cce584303e050f349e3be9159e36d3">
         <sentence lang="ar">هل أنتم تريدون لعب كرة القدم أم تُفضِّلون لعب كرة السلَّة؟</sentence>
         <translation lang="it">Voi volete giocare a calcio o preferite giocare a pallacanestro?</translation>
         <chunks lang="it">
            <chunk index="1" audio_id="847148084767">Voi volete</chunk>
            <chunk index="2" audio_id="162142872793">giocare</chunk>
            <chunk index="3" audio_id="309141487914">a calcio</chunk>
            <chunk index="4" audio_id="258171453709">o</chunk>
            <chunk index="5" audio_id="268139104395">preferite</chunk>
            <chunk index="6" audio_id="543123608592">giocare a</chunk>
            <chunk index="7" audio_id="159197197486">pallacanestro?</chunk>
         </chunks>
      </entry>
      <entry id="1552ce5973ca7f034469870ef20d162f">
         <sentence lang="ar">هل يجب عليكما أنت وHeba المذاكرة غدًا؟</sentence>
         <translation lang="it">Tu e Heba dovete studiare domani?</translation>
         <chunks lang="it">
            <chunk index="1" audio_id="656136364306">Tu</chunk>
            <chunk index="2" audio_id="260143408439">e</chunk>
            <chunk index="3" audio_id="404198182165">Heba</chunk>
            <chunk index="4" audio_id="813135257248">dovete</chunk>
            <chunk index="5" audio_id="308176374128">studiare</chunk>
            <chunk index="6" audio_id="868127384248">domani?</chunk>
         </chunks>
      </entry>
      <entry id="ada448d2cc782251f6bbd703ed26da65">
         <sentence lang="ar">يجب أن أعود إلى المنزل الآن.</sentence>
         <translation lang="it">Io devo tornare a casa adesso.</translation>
         <chunks lang="it">
            <chunk index="1" audio_id="245176495397">Io</chunk>
            <chunk index="2" audio_id="643163435979">devo</chunk>
            <chunk index="3" audio_id="102198210271">tornare</chunk>
            <chunk index="4" audio_id="308190754232">a</chunk>
            <chunk index="5" audio_id="129163618578">casa</chunk>
            <chunk index="6" audio_id="370185842379">adesso.</chunk>
         </chunks>
      </entry>
      <entry id="466cc7216811b539f5c265312f8c7e53">
         <sentence lang="ar">يجب علينا أن نذهب إلى محطَّة القطار.</sentence>
         <translation lang="it">Noi dobbiamo andare alla stazione del treno.</translation>
         <chunks lang="it">
            <chunk index="1" audio_id="497180219025">Noi</chunk>
            <chunk index="2" audio_id="403150742084">dobbiamo</chunk>
            <chunk index="3" audio_id="120179396769">andare</chunk>
            <chunk index="4" audio_id="953190594246">alla</chunk>
            <chunk index="5" audio_id="323195394752">stazione</chunk>
            <chunk index="6" audio_id="934186456310">del</chunk>
            <chunk index="7" audio_id="524132485309">treno.</chunk>
         </chunks>
      </entry>
      <entry id="3fd87b6845a689484f2465078583c485">
         <sentence lang="ar">يستطيع الطلاب الذهاب إلى المكتبة للدراسة.</sentence>
         <translation lang="it">Gli studenti possono andare in biblioteca a studiare.</translation>
         <chunks lang="it">
            <chunk index="1" audio_id="346146197210">Gli</chunk>
            <chunk index="2" audio_id="675121323845">studenti</chunk>
            <chunk index="3" audio_id="505160409452">possono</chunk>
            <chunk index="4" audio_id="627141298978">andare in</chunk>
            <chunk index="5" audio_id="213176586078">biblioteca</chunk>
            <chunk index="6" audio_id="308190754232">a</chunk>
            <chunk index="7" audio_id="454129624370">studiare.</chunk>
         </chunks>
      </entry>
   </sentences>
</activity>
