<?xml version="1.0" ?>
<activity id="215102070143" type="unscrambling" l2="it" l1="ar" version="1">
   <course_name>italian</course_name>
   <title_prefix>تركيب الجُمَل</title_prefix>
   <title>Preposizioni</title>
   <theme>Preposizioni</theme>
   <description>أعد ترتيب الكلمات لتركيب الجملة.</description>
   <sentences>
      <sentence id="752f7471bdac6421af5bb25e777ced1d">
         <s>Ahmed va al ristorante a mangiare una pizza.</s>
         <chunks>
            <chunk index="1">Ahmed</chunk>
            <chunk index="2">va al</chunk>
            <chunk index="3">ristorante</chunk>
            <chunk index="4">a</chunk>
            <chunk index="5">mangiare</chunk>
            <chunk index="6">una</chunk>
            <chunk index="7">pizza.</chunk>
         </chunks>
      </sentence>
      <sentence id="03b72e287adfb8c5bfaf07b769639a99">
         <s>Andate a Firenze domani?</s>
         <chunks>
            <chunk index="1">Andate</chunk>
            <chunk index="2">a</chunk>
            <chunk index="3">Firenze</chunk>
            <chunk index="4">domani?</chunk>
         </chunks>
      </sentence>
      <sentence id="47616f6be12fe2e5dca9c557921cbb78">
         <s>Dino va in vacanza in Spagna.</s>
         <chunks>
            <chunk index="1">Dino</chunk>
            <chunk index="2">va</chunk>
            <chunk index="3">in</chunk>
            <chunk index="4">vacanza</chunk>
            <chunk index="5">in</chunk>
            <chunk index="6">Spagna.</chunk>
         </chunks>
      </sentence>
      <sentence id="19124dde7e6c60116bd8f32e4ffab425">
         <s>Io abito al primo piano.</s>
         <chunks>
            <chunk index="1">Io</chunk>
            <chunk index="2">abito</chunk>
            <chunk index="3">al</chunk>
            <chunk index="4">primo</chunk>
            <chunk index="5">piano.</chunk>
         </chunks>
      </sentence>
      <sentence id="b32bad18863fae31886edf0994e5350a">
         <s>Io e Sara andiamo al cinema stasera.</s>
         <chunks>
            <chunk index="1">Io</chunk>
            <chunk index="2">e</chunk>
            <chunk index="3">Sara</chunk>
            <chunk index="4">andiamo</chunk>
            <chunk index="5">al</chunk>
            <chunk index="6">cinema</chunk>
            <chunk index="7">stasera.</chunk>
         </chunks>
      </sentence>
      <sentence id="1190c2e7d176985ef0692430499faf64">
         <s>Io prendo il tram per arrivare in centro.</s>
         <chunks>
            <chunk index="1">Io</chunk>
            <chunk index="2">prendo</chunk>
            <chunk index="3">il tram</chunk>
            <chunk index="4">per</chunk>
            <chunk index="5">arrivare</chunk>
            <chunk index="6">in</chunk>
            <chunk index="7">centro.</chunk>
         </chunks>
      </sentence>
      <sentence id="db04b1570976370345e25bd27310f975">
         <s>Io vado a Parigi da solo.</s>
         <chunks>
            <chunk index="1">Io</chunk>
            <chunk index="2">vado</chunk>
            <chunk index="3">a</chunk>
            <chunk index="4">Parigi</chunk>
            <chunk index="5">da</chunk>
            <chunk index="6">solo.</chunk>
         </chunks>
      </sentence>
      <sentence id="2b72ef8028db1d6007477126b3cc4cce">
         <s>Io vado a scuola in macchina la mattina.</s>
         <chunks>
            <chunk index="1">Io</chunk>
            <chunk index="2">vado a</chunk>
            <chunk index="3">scuola</chunk>
            <chunk index="4">in</chunk>
            <chunk index="5">macchina</chunk>
            <chunk index="6">la</chunk>
            <chunk index="7">mattina.</chunk>
         </chunks>
      </sentence>
      <sentence id="68546b85bd0034141de2131169fbc260">
         <s>Loro vanno a scuola a piedi, non prendono l’autobus.</s>
         <chunks>
            <chunk index="1">Loro</chunk>
            <chunk index="2">vanno a</chunk>
            <chunk index="3">scuola a</chunk>
            <chunk index="4">piedi,</chunk>
            <chunk index="5">non</chunk>
            <chunk index="6">prendono</chunk>
            <chunk index="7">l’autobus.</chunk>
         </chunks>
      </sentence>
      <sentence id="4b2e2964b792ec0e83884db035acb02b">
         <s>Loro vengono da me a fare i compiti.</s>
         <chunks>
            <chunk index="1">Loro</chunk>
            <chunk index="2">vengono</chunk>
            <chunk index="3">da</chunk>
            <chunk index="4">me a</chunk>
            <chunk index="5">fare</chunk>
            <chunk index="6">i</chunk>
            <chunk index="7">compiti.</chunk>
         </chunks>
      </sentence>
      <sentence id="f3f2e5969c5fa604f057639d70b584e6">
         <s>Noi abitiamo in via Petrarca settantatré.</s>
         <chunks>
            <chunk index="1">Noi</chunk>
            <chunk index="2">abitiamo</chunk>
            <chunk index="3">in</chunk>
            <chunk index="4">via</chunk>
            <chunk index="5">Petrarca</chunk>
            <chunk index="6">settantatré.</chunk>
         </chunks>
      </sentence>
      <sentence id="bea6c04363ffc5711bc3a0f9710d6844">
         <s>Sara va in pizzeria con gli amici.</s>
         <chunks>
            <chunk index="1">Sara</chunk>
            <chunk index="2">va</chunk>
            <chunk index="3">in</chunk>
            <chunk index="4">pizzeria</chunk>
            <chunk index="5">con</chunk>
            <chunk index="6">gli</chunk>
            <chunk index="7">amici.</chunk>
         </chunks>
      </sentence>
   </sentences>
</activity>
