<?xml version="1.0" ?>
<activity id="345128964891" type="unscrambling" l2="it" l1="ar" version="1">
   <course_name>italian</course_name>
   <title_prefix>تركيب الجُمَل</title_prefix>
   <title>Verbi in -ire che prendono -isc</title>
   <theme>Verbi in -ire che prendono -isc</theme>
   <description>أعد ترتيب الكلمات لتركيب الجملة.</description>
   <sentences>
      <sentence id="2197f4940c723dd29e487161b39cbf9f">
         <s>Carlo, tu preferisci la storia o la geografia?</s>
         <chunks>
            <chunk index="1">Carlo,</chunk>
            <chunk index="2">tu</chunk>
            <chunk index="3">preferisci</chunk>
            <chunk index="4">la</chunk>
            <chunk index="5">storia</chunk>
            <chunk index="6">o la</chunk>
            <chunk index="7">geografia?</chunk>
         </chunks>
      </sentence>
      <sentence id="64feb9fe734f53dcd4063a1e2980e286">
         <s>Il professore chiarisce un dubbio.</s>
         <chunks>
            <chunk index="1">Il</chunk>
            <chunk index="2">professore</chunk>
            <chunk index="3">chiarisce</chunk>
            <chunk index="4">un</chunk>
            <chunk index="5">dubbio.</chunk>
         </chunks>
      </sentence>
      <sentence id="4dacdb0fef477bbba36efc917c9acf38">
         <s>Il professore spedisce un’email.</s>
         <chunks>
            <chunk index="1">Il</chunk>
            <chunk index="2">professore</chunk>
            <chunk index="3">spedisce</chunk>
            <chunk index="4">un’email.</chunk>
         </chunks>
      </sentence>
      <sentence id="d60b69fa9ae6648aaf2bc70b3dbdb3e4">
         <s>Io non capisco la lezione di matematica.</s>
         <chunks>
            <chunk index="1">Io</chunk>
            <chunk index="2">non</chunk>
            <chunk index="3">capisco</chunk>
            <chunk index="4">la</chunk>
            <chunk index="5">lezione</chunk>
            <chunk index="6">di</chunk>
            <chunk index="7">matematica.</chunk>
         </chunks>
      </sentence>
      <sentence id="c713b0c8915917a0f6a8902a041935e8">
         <s>Io pulisco casa di solito.</s>
         <chunks>
            <chunk index="1">Io</chunk>
            <chunk index="2">pulisco</chunk>
            <chunk index="3">casa</chunk>
            <chunk index="4">di</chunk>
            <chunk index="5">solito.</chunk>
         </chunks>
      </sentence>
      <sentence id="78a26ee47f4ee4e1ced6c97d75f40538">
         <s>Lei capisce l’italiano molto bene.</s>
         <chunks>
            <chunk index="1">Lei</chunk>
            <chunk index="2">capisce</chunk>
            <chunk index="3">l’italiano</chunk>
            <chunk index="4">molto</chunk>
            <chunk index="5">bene.</chunk>
         </chunks>
      </sentence>
      <sentence id="5d4ae9b688fc0d2b2828f3047269fe1b">
         <s>Lei preferisce abitare a Milano.</s>
         <chunks>
            <chunk index="1">Lei</chunk>
            <chunk index="2">preferisce</chunk>
            <chunk index="3">abitare</chunk>
            <chunk index="4">a</chunk>
            <chunk index="5">Milano.</chunk>
         </chunks>
      </sentence>
      <sentence id="9efab4a223e26806215f4064703b2389">
         <s>Loro preferiscono giocare a calcio.</s>
         <chunks>
            <chunk index="1">Loro</chunk>
            <chunk index="2">preferiscono</chunk>
            <chunk index="3">giocare</chunk>
            <chunk index="4">a</chunk>
            <chunk index="5">calcio.</chunk>
         </chunks>
      </sentence>
      <sentence id="6a676317bfd7c26612e1fa402ccb500d">
         <s>Noi finiamo di lavorare adesso.</s>
         <chunks>
            <chunk index="1">Noi</chunk>
            <chunk index="2">finiamo</chunk>
            <chunk index="3">di</chunk>
            <chunk index="4">lavorare</chunk>
            <chunk index="5">adesso.</chunk>
         </chunks>
      </sentence>
      <sentence id="4a2cd8edf377219cabc5a83f722a712d">
         <s>Tu quando finisci la scuola media?</s>
         <chunks>
            <chunk index="1">Tu</chunk>
            <chunk index="2">quando</chunk>
            <chunk index="3">finisci</chunk>
            <chunk index="4">la</chunk>
            <chunk index="5">scuola</chunk>
            <chunk index="6">media?</chunk>
         </chunks>
      </sentence>
      <sentence id="59d17f9dbb1382e412022e20c556fbbb">
         <s>Voi capite la lezione di matematica?</s>
         <chunks>
            <chunk index="1">Voi</chunk>
            <chunk index="2">capite</chunk>
            <chunk index="3">la</chunk>
            <chunk index="4">lezione</chunk>
            <chunk index="5">di</chunk>
            <chunk index="6">matematica?</chunk>
         </chunks>
      </sentence>
      <sentence id="6cf927209c9b3fe3caa93a3661c8bb9f">
         <s>Voi pulite casa di solito?</s>
         <chunks>
            <chunk index="1">Voi</chunk>
            <chunk index="2">pulite</chunk>
            <chunk index="3">casa</chunk>
            <chunk index="4">di</chunk>
            <chunk index="5">solito?</chunk>
         </chunks>
      </sentence>
   </sentences>
</activity>
