<?xml version="1.0" ?>
<activity id="515169495701" type="conjugation" l2="it" l1="ar" version="1">
   <course_name>italian</course_name>
   <title_prefix>تصريف الأفعال</title_prefix>
   <title>Verbi modali</title>
   <theme>Verbi modali</theme>
   <description>اختر الصيغة الصحيحة للفعل.</description>
   <sentences>
      <entry id="5dadefb5e77a2fdec580bc143706d69e">
         <sentence>Chiara e Anna vogliono andare a fare spese dopo scuola.</sentence>
         <verb>vogliono</verb>
         <forms>
            <form>volere</form>
            <form>voglio</form>
            <form>vuoi</form>
            <form>vuole</form>
            <form>vogliamo</form>
            <form>volete</form>
         </forms>
      </entry>
      <entry id="c864f130622b3345a510b1fb32d5426a">
         <sentence>Domani mattina io devo andare a fare spese.</sentence>
         <verb>devo</verb>
         <forms>
            <form>dovere</form>
            <form>devi</form>
            <form>deve</form>
            <form>dobbiamo</form>
            <form>dovete</form>
            <form>devono</form>
         </forms>
      </entry>
      <entry id="29ae2ac6b573bf1f051e40e3d50febf0">
         <sentence>Gli studenti possono andare in biblioteca a studiare.</sentence>
         <verb>possono</verb>
         <forms>
            <form>potere</form>
            <form>posso</form>
            <form>puoi</form>
            <form>può</form>
            <form>possiamo</form>
            <form>potete</form>
         </forms>
      </entry>
      <entry id="c315c064f3a1e8cb0afa4ef07df504e0">
         <sentence>I ragazzi non possono uscire stasera.</sentence>
         <verb>possono</verb>
         <forms>
            <form>potere</form>
            <form>posso</form>
            <form>puoi</form>
            <form>può</form>
            <form>possiamo</form>
            <form>potete</form>
         </forms>
      </entry>
      <entry id="85f1d5aa57bcefcbe415e08ba99ba08f">
         <sentence>Io devo prendere l’autobus per arrivare al centro.</sentence>
         <verb>devo</verb>
         <forms>
            <form>dovere</form>
            <form>devi</form>
            <form>deve</form>
            <form>dobbiamo</form>
            <form>dovete</form>
            <form>devono</form>
         </forms>
      </entry>
      <entry id="d329da05c5abd242b20ca1cd51e67c2d">
         <sentence>Io devo tornare a casa adesso.</sentence>
         <verb>devo</verb>
         <forms>
            <form>dovere</form>
            <form>devi</form>
            <form>deve</form>
            <form>dobbiamo</form>
            <form>dovete</form>
            <form>devono</form>
         </forms>
      </entry>
      <entry id="f137358dbc502b95e1e5768626efc44e">
         <sentence>Io e Ahmed non possiamo venire alla festa di Paolo.</sentence>
         <verb>possiamo</verb>
         <forms>
            <form>potere</form>
            <form>posso</form>
            <form>puoi</form>
            <form>può</form>
            <form>potete</form>
            <form>possono</form>
         </forms>
      </entry>
      <entry id="965d870d688decf7dffe77f181126016">
         <sentence>Io e Chiara vogliamo andare al teatro domenica.</sentence>
         <verb>vogliamo</verb>
         <forms>
            <form>volere</form>
            <form>voglio</form>
            <form>vuoi</form>
            <form>vuole</form>
            <form>volete</form>
            <form>vogliono</form>
         </forms>
      </entry>
      <entry id="e4f63db35b71c9f17b14088347551872">
         <sentence>Io non posso studiare domani.</sentence>
         <verb>posso</verb>
         <forms>
            <form>potere</form>
            <form>puoi</form>
            <form>può</form>
            <form>possiamo</form>
            <form>potete</form>
            <form>possono</form>
         </forms>
      </entry>
      <entry id="03857f5359fbc5d95912342a476bd1d6">
         <sentence>Io non posso uscire stasera.</sentence>
         <verb>posso</verb>
         <forms>
            <form>potere</form>
            <form>puoi</form>
            <form>può</form>
            <form>possiamo</form>
            <form>potete</form>
            <form>possono</form>
         </forms>
      </entry>
      <entry id="fdf96b0c4aa57f5fc0206df8d03d8a2a">
         <sentence>Io non posso venire alla festa domani. Mi dispiace!</sentence>
         <verb>posso</verb>
         <forms>
            <form>potere</form>
            <form>puoi</form>
            <form>può</form>
            <form>possiamo</form>
            <form>potete</form>
            <form>possono</form>
         </forms>
      </entry>
      <entry id="d3231e086a3741fd5d4dfee175b4903a">
         <sentence>Io non voglio mangiare la pizza stasera.</sentence>
         <verb>voglio</verb>
         <forms>
            <form>volere</form>
            <form>vuoi</form>
            <form>vuole</form>
            <form>vogliamo</form>
            <form>volete</form>
            <form>vogliono</form>
         </forms>
      </entry>
      <entry id="872309c770a7b75d8520911e19b4b12e">
         <sentence>Io non voglio prendere l’autobus, preferisco camminare.</sentence>
         <verb>voglio</verb>
         <forms>
            <form>volere</form>
            <form>vuoi</form>
            <form>vuole</form>
            <form>vogliamo</form>
            <form>volete</form>
            <form>vogliono</form>
         </forms>
      </entry>
      <entry id="f486b9ac22b0ddd88eac619d94f703ec">
         <sentence>Io posso prendere la metropolitana per tornare a casa.</sentence>
         <verb>posso</verb>
         <forms>
            <form>potere</form>
            <form>puoi</form>
            <form>può</form>
            <form>possiamo</form>
            <form>potete</form>
            <form>possono</form>
         </forms>
      </entry>
      <entry id="985f56aaa0ae02adb5a0e02b3efc87d7">
         <sentence>Io voglio andare al cinema sabato.</sentence>
         <verb>voglio</verb>
         <forms>
            <form>volere</form>
            <form>vuoi</form>
            <form>vuole</form>
            <form>vogliamo</form>
            <form>volete</form>
            <form>vogliono</form>
         </forms>
      </entry>
      <entry id="8e27ab90ba9928aa6bc5b44a9f41ee5f">
         <sentence>Io voglio fare colazione al bar.</sentence>
         <verb>voglio</verb>
         <forms>
            <form>volere</form>
            <form>vuoi</form>
            <form>vuole</form>
            <form>vogliamo</form>
            <form>volete</form>
            <form>vogliono</form>
         </forms>
      </entry>
      <entry id="6b1edd68b3079829bc448ce17ee384fa">
         <sentence>Lei deve finire i compiti stasera.</sentence>
         <verb>deve</verb>
         <forms>
            <form>dovere</form>
            <form>devo</form>
            <form>devi</form>
            <form>dobbiamo</form>
            <form>dovete</form>
            <form>devono</form>
         </forms>
      </entry>
      <entry id="2b4c8d570b2a06fe4c98df7b09957642">
         <sentence>Lei non può venire al ristorante stasera.</sentence>
         <verb>può</verb>
         <forms>
            <form>potere</form>
            <form>posso</form>
            <form>puoi</form>
            <form>possiamo</form>
            <form>potete</form>
            <form>possono</form>
         </forms>
      </entry>
      <entry id="79acfb76101d5527a22593137506c54b">
         <sentence>Lei non vuole prendere il motorino per andare a scuola.</sentence>
         <verb>vuole</verb>
         <forms>
            <form>volere</form>
            <form>voglio</form>
            <form>vuoi</form>
            <form>vogliamo</form>
            <form>volete</form>
            <form>vogliono</form>
         </forms>
      </entry>
      <entry id="d2afd0af462b72aa50fb750eed148e7b">
         <sentence>Loro devono finire i compiti stasera.</sentence>
         <verb>devono</verb>
         <forms>
            <form>dovere</form>
            <form>devo</form>
            <form>devi</form>
            <form>deve</form>
            <form>dobbiamo</form>
            <form>dovete</form>
         </forms>
      </entry>
      <entry id="7d6900ba744704e7c804c75e09aa4de5">
         <sentence>Mi dispiace, io non posso venire al mare oggi.</sentence>
         <verb>posso</verb>
         <forms>
            <form>potere</form>
            <form>puoi</form>
            <form>può</form>
            <form>possiamo</form>
            <form>potete</form>
            <form>possono</form>
         </forms>
      </entry>
      <entry id="514be187d671e532c4f71d7240c6603a">
         <sentence>Mi dispiace, io non posso venire in discoteca a ballare domani.</sentence>
         <verb>posso</verb>
         <forms>
            <form>potere</form>
            <form>puoi</form>
            <form>può</form>
            <form>possiamo</form>
            <form>potete</form>
            <form>possono</form>
         </forms>
      </entry>
      <entry id="f865e86f45774c7b660bf57e0461f1c4">
         <sentence>Noi dobbiamo andare alla stazione del treno.</sentence>
         <verb>dobbiamo</verb>
         <forms>
            <form>dovere</form>
            <form>devo</form>
            <form>devi</form>
            <form>deve</form>
            <form>dovete</form>
            <form>devono</form>
         </forms>
      </entry>
      <entry id="f814e911ec83e597975204cd0ec29294">
         <sentence>Noi dobbiamo studiare oggi.</sentence>
         <verb>dobbiamo</verb>
         <forms>
            <form>dovere</form>
            <form>devo</form>
            <form>devi</form>
            <form>deve</form>
            <form>dovete</form>
            <form>devono</form>
         </forms>
      </entry>
      <entry id="7a726e37aac90d9079ad028b8f239884">
         <sentence>Noi vogliamo andare al mare oggi.</sentence>
         <verb>vogliamo</verb>
         <forms>
            <form>volere</form>
            <form>voglio</form>
            <form>vuoi</form>
            <form>vuole</form>
            <form>volete</form>
            <form>vogliono</form>
         </forms>
      </entry>
      <entry id="0fd4307bf44f2ec169d40e4c7ae21d52">
         <sentence>Noi vogliamo vedere il nuovo film.</sentence>
         <verb>vogliamo</verb>
         <forms>
            <form>volere</form>
            <form>voglio</form>
            <form>vuoi</form>
            <form>vuole</form>
            <form>volete</form>
            <form>vogliono</form>
         </forms>
      </entry>
      <entry id="b2d2962d217b48ec8e4e6608856bcad2">
         <sentence>Paolo e Marco non vogliono venire alla festa di Luigi.</sentence>
         <verb>vogliono</verb>
         <forms>
            <form>volere</form>
            <form>voglio</form>
            <form>vuoi</form>
            <form>vuole</form>
            <form>vogliamo</form>
            <form>volete</form>
         </forms>
      </entry>
      <entry id="9c02dde085a5256a662f76601ae83126">
         <sentence>Paolo non vuole uscire stasera, preferisce guardare la televisione.</sentence>
         <verb>vuole</verb>
         <forms>
            <form>volere</form>
            <form>voglio</form>
            <form>vuoi</form>
            <form>vogliamo</form>
            <form>volete</form>
            <form>vogliono</form>
         </forms>
      </entry>
      <entry id="cf10d49f3e7ad38960e29b45abe26df7">
         <sentence>Ragazzi, voi potete venire al cinema stasera?</sentence>
         <verb>potete</verb>
         <forms>
            <form>potere</form>
            <form>posso</form>
            <form>puoi</form>
            <form>può</form>
            <form>possiamo</form>
            <form>possono</form>
         </forms>
      </entry>
      <entry id="16d646d69eea019dc689c86e9607bd1b">
         <sentence>Sara deve andare a lavorare il sabato.</sentence>
         <verb>deve</verb>
         <forms>
            <form>dovere</form>
            <form>devo</form>
            <form>devi</form>
            <form>dobbiamo</form>
            <form>dovete</form>
            <form>devono</form>
         </forms>
      </entry>
      <entry id="8232a88952db144428efdf1b0f8e5d7f">
         <sentence>Tu devi andare a scuola domani?</sentence>
         <verb>devi</verb>
         <forms>
            <form>dovere</form>
            <form>devo</form>
            <form>deve</form>
            <form>dobbiamo</form>
            <form>dovete</form>
            <form>devono</form>
         </forms>
      </entry>
      <entry id="43711a027b5dacbe1e2e0a18b8165061">
         <sentence>Tu e Heba dovete studiare domani?</sentence>
         <verb>dovete</verb>
         <forms>
            <form>dovere</form>
            <form>devo</form>
            <form>devi</form>
            <form>deve</form>
            <form>dobbiamo</form>
            <form>devono</form>
         </forms>
      </entry>
      <entry id="dddb87d7b847b831f386d994b836a0dd">
         <sentence>Tu puoi uscire domani?</sentence>
         <verb>puoi</verb>
         <forms>
            <form>potere</form>
            <form>posso</form>
            <form>può</form>
            <form>possiamo</form>
            <form>potete</form>
            <form>possono</form>
         </forms>
      </entry>
      <entry id="8ea18ea2fbe04e1545a9c82217b7b858">
         <sentence>Tu vuoi venire in pizzeria stasera?</sentence>
         <verb>vuoi</verb>
         <forms>
            <form>volere</form>
            <form>voglio</form>
            <form>vuole</form>
            <form>vogliamo</form>
            <form>volete</form>
            <form>vogliono</form>
         </forms>
      </entry>
      <entry id="d7b1d5e4c6327c1a31a8dffb93cd0299">
         <sentence>Voi potete prendere il taxi per tornare a casa.</sentence>
         <verb>potete</verb>
         <forms>
            <form>potere</form>
            <form>posso</form>
            <form>puoi</form>
            <form>può</form>
            <form>possiamo</form>
            <form>possono</form>
         </forms>
      </entry>
      <entry id="bfca597826312b4b6a5972ca1e8195e7">
         <sentence>Voi volete giocare a calcio o preferite giocare a pallacanestro?</sentence>
         <verb>volete</verb>
         <forms>
            <form>volere</form>
            <form>voglio</form>
            <form>vuoi</form>
            <form>vuole</form>
            <form>vogliamo</form>
            <form>vogliono</form>
         </forms>
      </entry>
      <entry id="a9ea3f4b3baa4d10eab5938e22f6e302">
         <sentence>Vuoi venire a Firenze?</sentence>
         <verb>vuoi</verb>
         <forms>
            <form>volere</form>
            <form>voglio</form>
            <form>vuole</form>
            <form>vogliamo</form>
            <form>volete</form>
            <form>vogliono</form>
         </forms>
      </entry>
   </sentences>
</activity>
