<?xml version="1.0" ?>
<activity id="273138302560" type="translation" l2="it" l1="ar" version="1" n_voices="4">
   <course_name>italian</course_name>
   <title_prefix>ترجمة</title_prefix>
   <title>Chiedere/dire l’ora</title>
   <theme>Chiedere/dire l’ora</theme>
   <description>أعد ترتيب الكلمات لتتناسَب مع الجملة.</description>
   <sentences>
      <entry id="f65d9a9fb7b6d4f795ab84574eb0c73f">
         <sentence lang="ar">إنها الساعة التاسعة وخمس وأربعون دقيقة.</sentence>
         <translation lang="it">Sono le nove e quarantacinque.</translation>
         <chunks lang="it">
            <chunk index="1" audio_id="176130580750">Sono</chunk>
            <chunk index="2" audio_id="420190373720">le</chunk>
            <chunk index="3" audio_id="173163729858">nove</chunk>
            <chunk index="4" audio_id="260143408439">e</chunk>
            <chunk index="5" audio_id="395125102082">quarantacinque.</chunk>
         </chunks>
      </entry>
      <entry id="24cb66150c7c3bc78ab484454e0a4f1c">
         <sentence lang="ar">إنها الساعة الثانية عشرة والربع ظهرًا.</sentence>
         <translation lang="it">È mezzogiorno e un quarto.</translation>
         <chunks lang="it">
            <chunk index="1" audio_id="892152891781">È</chunk>
            <chunk index="2" audio_id="264123651467">mezzogiorno</chunk>
            <chunk index="3" audio_id="260143408439">e</chunk>
            <chunk index="4" audio_id="253191472013">un</chunk>
            <chunk index="5" audio_id="813178317292">quarto.</chunk>
         </chunks>
      </entry>
      <entry id="5247dbe1ad7918b5e1399d2818c7fefc">
         <sentence lang="ar">الساعة الثالثة والنصف.</sentence>
         <translation lang="it">Sono le tre e mezza.</translation>
         <chunks lang="it">
            <chunk index="1" audio_id="176130580750">Sono</chunk>
            <chunk index="2" audio_id="420190373720">le</chunk>
            <chunk index="3" audio_id="153153570718">tre</chunk>
            <chunk index="4" audio_id="260143408439">e</chunk>
            <chunk index="5" audio_id="157183678794">mezza.</chunk>
         </chunks>
      </entry>
      <entry id="9cfe1fc0873d2926ecceb05d6325844f">
         <sentence lang="ar">الساعة الثامنة إلا ربعًا.</sentence>
         <translation lang="it">Sono le otto meno un quarto.</translation>
         <chunks lang="it">
            <chunk index="1" audio_id="176130580750">Sono</chunk>
            <chunk index="2" audio_id="420190373720">le</chunk>
            <chunk index="3" audio_id="343195479386">otto</chunk>
            <chunk index="4" audio_id="230151752106">meno</chunk>
            <chunk index="5" audio_id="253191472013">un</chunk>
            <chunk index="6" audio_id="813178317292">quarto.</chunk>
         </chunks>
      </entry>
      <entry id="2ae49d99e62de425e2bebc9430c9d3d6">
         <sentence lang="ar">الساعة الرابعة والنصف.</sentence>
         <translation lang="it">Sono le quattro e mezza.</translation>
         <chunks lang="it">
            <chunk index="1" audio_id="176130580750">Sono</chunk>
            <chunk index="2" audio_id="420190373720">le</chunk>
            <chunk index="3" audio_id="105105980570">quattro</chunk>
            <chunk index="4" audio_id="260143408439">e</chunk>
            <chunk index="5" audio_id="157183678794">mezza.</chunk>
         </chunks>
      </entry>
      <entry id="2b9de5697adf55ec20987e4366078f06">
         <sentence lang="ar">الساعة السادسة.</sentence>
         <translation lang="it">Sono le sei.</translation>
         <chunks lang="it">
            <chunk index="1" audio_id="176130580750">Sono</chunk>
            <chunk index="2" audio_id="420190373720">le</chunk>
            <chunk index="3" audio_id="736196562850">sei.</chunk>
         </chunks>
      </entry>
      <entry id="5fc3945463cd937f2c01881a7b57ee96">
         <sentence lang="ar">الساعة الواحدة والربع.</sentence>
         <translation lang="it">Sono le due e un quarto.</translation>
         <chunks lang="it">
            <chunk index="1" audio_id="176130580750">Sono</chunk>
            <chunk index="2" audio_id="420190373720">le</chunk>
            <chunk index="3" audio_id="129159798970">due</chunk>
            <chunk index="4" audio_id="260143408439">e</chunk>
            <chunk index="5" audio_id="253191472013">un</chunk>
            <chunk index="6" audio_id="813178317292">quarto.</chunk>
         </chunks>
      </entry>
      <entry id="bf6771d67bbf66c6fe4da943cf176772">
         <sentence lang="ar">الساعة الواحدة وعشرون دقيقة.</sentence>
         <translation lang="it">È l’una e venti.</translation>
         <chunks lang="it">
            <chunk index="1" audio_id="892152891781">È</chunk>
            <chunk index="2" audio_id="502137606809">l’una</chunk>
            <chunk index="3" audio_id="260143408439">e</chunk>
            <chunk index="4" audio_id="585189873149">venti.</chunk>
         </chunks>
      </entry>
   </sentences>
</activity>
