<?xml version="1.0" ?>
<activity id="836109075780" type="dictation" l2="it" l1="ar" version="1" n_voices="4">
   <course_name>italian</course_name>
   <title_prefix>إملاء</title_prefix>
   <title>Preposizioni</title>
   <theme>Preposizioni</theme>
   <description>استمع ثم اكتب الجملة.</description>
   <sentences>
      <sentence id="04d6cb957ab4c48ea78aa3ec1016bbc2" audio_id="425191630161">
         <s>Ahmed va al ristorante a mangiare una pizza.</s>
      </sentence>
      <sentence id="40acd8e6c3ff3a436d4679eefa034d32" audio_id="149182538174">
         <s>Andate a Firenze domani?</s>
      </sentence>
      <sentence id="e19f3eaa893a7e6be7fe28dc6056bb22" audio_id="829179134719">
         <s>Andate a Milano in macchina?</s>
      </sentence>
      <sentence id="141d05d8e965fb09d308b8e3d3730f9d" audio_id="120184797654">
         <s>Anna e Maria vengono da Parigi.</s>
      </sentence>
      <sentence id="8b9002c67ccef7d4be6337c388da7a58" audio_id="298156383072">
         <s>Anna parte per la Germania domani.</s>
      </sentence>
      <sentence id="173531185da08a88dd566cc7dce2c578" audio_id="253158142706">
         <s>Anna viene in Italia domani.</s>
      </sentence>
      <sentence id="631708917ea0aaeed4feadfa311c2891" audio_id="838123426265">
         <s>Dino preferisce tornare a casa a piedi.</s>
      </sentence>
      <sentence id="9170fa272c0754d529624f2cdf5ff038" audio_id="920194570683">
         <s>Dino va in vacanza in Spagna.</s>
      </sentence>
      <sentence id="970c6b2260f65a8a181beb350f28b7f6" audio_id="237184531851">
         <s>Gli studenti partono per gli Stati Uniti domani mattina.</s>
      </sentence>
      <sentence id="88c52b31736b1d662b07af3b07a892f8" audio_id="976176292986">
         <s>I ragazzi vanno a teatro sabato.</s>
      </sentence>
      <sentence id="78717b04e9f56c8971242df2d11950ce" audio_id="859120238671">
         <s>Il professore viene a scuola in macchina.</s>
      </sentence>
      <sentence id="2a10ad62c2fc5e8ba0bd8db3edddd812" audio_id="904165893704">
         <s>Io abito a Milano, ma lavoro a Torino.</s>
      </sentence>
      <sentence id="8acfb733f4e64b70ae79e61289a737c3" audio_id="238125241432">
         <s>Io abito a Roma.</s>
      </sentence>
      <sentence id="a9a04d879bba495f0a8cc564edd6a286" audio_id="507195781015">
         <s>Io abito al primo piano.</s>
      </sentence>
      <sentence id="c96ffa1c2c90bbc9dbd8a26ba968967f" audio_id="753146971202">
         <s>Io e Sara andiamo al cinema stasera.</s>
      </sentence>
      <sentence id="e4fadb6af559e59882b80e1bccfbe7dc" audio_id="948128945746">
         <s>Io ho una casa in Francia.</s>
      </sentence>
      <sentence id="2543182e7ab2cf6eeb718a404963445f" audio_id="635136868012">
         <s>Io preferisco andare a scuola in bicicletta.</s>
      </sentence>
      <sentence id="916e78dfd29e46485e83a8d4b93955a5" audio_id="573178547521">
         <s>Io prendo il tram per arrivare in centro.</s>
      </sentence>
      <sentence id="35b58c0a86892a43dc62c8a15b72fb73" audio_id="685161243853">
         <s>Io prendo l’aereo per andare a Parigi.</s>
      </sentence>
      <sentence id="31341636c785faaf93a575c0c00cc95e" audio_id="523154395869">
         <s>Io sono italiana, vengo da Roma.</s>
      </sentence>
      <sentence id="8e2f317caf9d04dd64e616a7b647d5a0" audio_id="952153567686">
         <s>Io studio spesso in biblioteca.</s>
      </sentence>
      <sentence id="4bea90fe278073d295eeef99f72703cc" audio_id="730184089276">
         <s>Io vado a Parigi da solo.</s>
      </sentence>
      <sentence id="e7160e072e45d1c73d4ae31f2062ae26" audio_id="619131014926">
         <s>Io vado a scuola a piedi.</s>
      </sentence>
      <sentence id="354c5696049a89c15bc683849dbed444" audio_id="859135698451">
         <s>Io vado a scuola in macchina la mattina.</s>
      </sentence>
      <sentence id="f7a6564aa4ac3adefa712fc887d941e9" audio_id="156167279382">
         <s>La mamma va in farmacia.</s>
      </sentence>
      <sentence id="8fa5bf6b6a10e0508cdbf77220bb63e9" audio_id="869149784231">
         <s>Le ragazze ballano in discoteca.</s>
      </sentence>
      <sentence id="3f611b0e77f86aa53e9c9900aaa0d86f" audio_id="260158050981">
         <s>Lei abita al terzo piano.</s>
      </sentence>
      <sentence id="e24a8a6a35b9372e0c91ea0f538e8c76" audio_id="957195931506">
         <s>Lei abita in via Roma sedici.</s>
      </sentence>
      <sentence id="a68eb065a9b2a0f12dbcafc78f950280" audio_id="513168484582">
         <s>Lei ama andare a teatro.</s>
      </sentence>
      <sentence id="b5d9a1d320742e89f810256d91d2e6d4" audio_id="852168103638">
         <s>Loro abitano in via Garibaldi settantadue.</s>
      </sentence>
      <sentence id="7cb8d052764beec5d5a012f75ded0cd3" audio_id="146146406174">
         <s>Loro vanno a Parigi in vacanza.</s>
      </sentence>
      <sentence id="0bd5ec6bea5b6b913c8864a2f30a3f75" audio_id="415173875926">
         <s>Loro vanno a scuola a piedi, non prendono l’autobus.</s>
      </sentence>
      <sentence id="250667d90c79f661992b02c1e0e72d05" audio_id="132123783569">
         <s>Loro vengono da me a fare i compiti.</s>
      </sentence>
      <sentence id="a6e4a5e570e81b17bc8f2dc9dad06376" audio_id="968172935396">
         <s>Marco va a scuola in motorino.</s>
      </sentence>
      <sentence id="31b215d5d18192d2bed36d8c35bd6577" audio_id="304169079035">
         <s>Marco, vieni da me a mangiare una pizza?</s>
      </sentence>
      <sentence id="63e313227f61f1a96025fdae093ac65b" audio_id="759135348589">
         <s>Noi abitiamo in via Petrarca settantatré.</s>
      </sentence>
      <sentence id="f523da19a498e026873e61b5073e1322" audio_id="624121460715">
         <s>Noi andiamo a scuola a piedi di solito.</s>
      </sentence>
      <sentence id="44e2e18b30d61f8314d4fe67354ba67b" audio_id="163137259532">
         <s>Noi andiamo al ristorante domani sera.</s>
      </sentence>
      <sentence id="58c2e02d13a5131dc835c428654648f8" audio_id="896102432719">
         <s>Noi partiamo per Firenze domani.</s>
      </sentence>
      <sentence id="f9ecc6452a8189616704a40f09d80b0e" audio_id="549106583167">
         <s>Oggi devo andare a una festa.</s>
      </sentence>
      <sentence id="c5ddead50d1faa273fceccd0f4d080ac" audio_id="876127581987">
         <s>Oggi noi andiamo da Marco a studiare.</s>
      </sentence>
      <sentence id="478aaf34ea60de544144eeac392fa6c4" audio_id="694197064069">
         <s>Sara ama ballare in discoteca.</s>
      </sentence>
      <sentence id="91ee9fb28c3ef2ecea46374ce3ee7ff8" audio_id="353138604030">
         <s>Sara va in pizzeria con gli amici.</s>
      </sentence>
      <sentence id="5e566afa752ee0e1edc4ba2b8b70c20e" audio_id="454153014324">
         <s>Tu abiti al dodicesimo piano?</s>
      </sentence>
      <sentence id="658752d2031c1326265cd1c989206206" audio_id="858164989102">
         <s>Tu da dove vieni?</s>
      </sentence>
      <sentence id="5e4e1a4ba85fb81bef9d6b37dc6c7cb0" audio_id="164106941038">
         <s>Tu parti per la Spagna domenica?</s>
      </sentence>
      <sentence id="8d357d3f037658098ad937ff22b3fdcc" audio_id="987147273193">
         <s>Tu vai a una festa domani?</s>
      </sentence>
      <sentence id="8a8c458b6d2cbfe92f5b19262eabc7a5" audio_id="217185252515">
         <s>Vado a Milano in aereo.</s>
      </sentence>
      <sentence id="aaa1717e577b76f6d7f3d0939accb509" audio_id="205151526412">
         <s>Vado a casa a dormire. A dopo!</s>
      </sentence>
      <sentence id="b368fb8159fa9b3063dd98cf29b1850b" audio_id="375128613586">
         <s>Voi invitate i compagni di classe al cinema?</s>
      </sentence>
      <sentence id="ed4305e768d63160f25adcb34a9bda15" audio_id="470168926435">
         <s>Voi prendete i mezzi di trasporto per andare in centro?</s>
      </sentence>
      <sentence id="4ef25890023b27eda19b9029a69a363f" audio_id="243107245851">
         <s>Voi venite a scuola in autobus di solito?</s>
      </sentence>
   </sentences>
</activity>
