<?xml version="1.0" ?>
<activity id="386139259256" type="unscrambling" l2="it" l1="ar" version="1">
   <course_name>italian</course_name>
   <title_prefix>تركيب الجُمَل</title_prefix>
   <title>Aggettivi in -e</title>
   <theme>Aggettivi in -e</theme>
   <description>أعد ترتيب الكلمات لتركيب الجملة.</description>
   <sentences>
      <sentence id="3167388dfcbca22ff61d4d444172f8cd">
         <s>Il libro è interessante.</s>
         <chunks>
            <chunk index="1">Il</chunk>
            <chunk index="2">libro</chunk>
            <chunk index="3">è</chunk>
            <chunk index="4">interessante.</chunk>
         </chunks>
      </sentence>
      <sentence id="3e4a8885312086d27c7470d1810e3227">
         <s>La lezione di matematica è difficile.</s>
         <chunks>
            <chunk index="1">La</chunk>
            <chunk index="2">lezione</chunk>
            <chunk index="3">di</chunk>
            <chunk index="4">matematica</chunk>
            <chunk index="5">è</chunk>
            <chunk index="6">difficile.</chunk>
         </chunks>
      </sentence>
      <sentence id="933f3e926e01192d4842a89d2a825440">
         <s>La ragazza è gentile.</s>
         <chunks>
            <chunk index="1">La</chunk>
            <chunk index="2">ragazza</chunk>
            <chunk index="3">è</chunk>
            <chunk index="4">gentile.</chunk>
         </chunks>
      </sentence>
      <sentence id="7eb9ae9c3085a2a02ae5ee4043602ee8">
         <s>Le studentesse sono intelligenti.</s>
         <chunks>
            <chunk index="1">Le</chunk>
            <chunk index="2">studentesse</chunk>
            <chunk index="3">sono</chunk>
            <chunk index="4">intelligenti.</chunk>
         </chunks>
      </sentence>
      <sentence id="d433a5a5b616c189acab1a72cc515f2d">
         <s>Lo zio di Marco è gentile.</s>
         <chunks>
            <chunk index="1">Lo</chunk>
            <chunk index="2">zio</chunk>
            <chunk index="3">di</chunk>
            <chunk index="4">Marco</chunk>
            <chunk index="5">è</chunk>
            <chunk index="6">gentile.</chunk>
         </chunks>
      </sentence>
      <sentence id="0d53402b0f74c0f2e9db90d21059fed7">
         <s>Sara, perché sei triste?</s>
         <chunks>
            <chunk index="1">Sara,</chunk>
            <chunk index="2">perché</chunk>
            <chunk index="3">sei</chunk>
            <chunk index="4">triste?</chunk>
         </chunks>
      </sentence>
      <sentence id="5eae77962cecf02435fea6f3a81513b2">
         <s>Tu ascolti la musica inglese?</s>
         <chunks>
            <chunk index="1">Tu</chunk>
            <chunk index="2">ascolti</chunk>
            <chunk index="3">la</chunk>
            <chunk index="4">musica</chunk>
            <chunk index="5">inglese?</chunk>
         </chunks>
      </sentence>
   </sentences>
</activity>
