<?xml version="1.0" ?>
<activity id="475184063479" type="unscrambling" l2="it" l1="ar" version="1">
   <course_name>italian</course_name>
   <title_prefix>تركيب الجُمَل</title_prefix>
   <title>Chiedere/dire l’ora</title>
   <theme>Chiedere/dire l’ora</theme>
   <description>أعد ترتيب الكلمات لتركيب الجملة.</description>
   <sentences>
      <sentence id="aa3ea6dfeb31f1f0fb75c731e1463d45">
         <s>Sono le due e un quarto.</s>
         <chunks>
            <chunk index="1">Sono</chunk>
            <chunk index="2">le</chunk>
            <chunk index="3">due</chunk>
            <chunk index="4">e</chunk>
            <chunk index="5">un</chunk>
            <chunk index="6">quarto.</chunk>
         </chunks>
      </sentence>
      <sentence id="3479bd59d67457008a4a5c805000a697">
         <s>Sono le nove e quarantacinque.</s>
         <chunks>
            <chunk index="1">Sono</chunk>
            <chunk index="2">le</chunk>
            <chunk index="3">nove</chunk>
            <chunk index="4">e</chunk>
            <chunk index="5">quarantacinque.</chunk>
         </chunks>
      </sentence>
      <sentence id="90d59d76cb069280a63d7b29ed2076b5">
         <s>Sono le otto meno un quarto.</s>
         <chunks>
            <chunk index="1">Sono</chunk>
            <chunk index="2">le</chunk>
            <chunk index="3">otto</chunk>
            <chunk index="4">meno</chunk>
            <chunk index="5">un</chunk>
            <chunk index="6">quarto.</chunk>
         </chunks>
      </sentence>
      <sentence id="3d08ee5419c30ab0c82a3e02a34fb648">
         <s>Sono le quattro e mezza.</s>
         <chunks>
            <chunk index="1">Sono</chunk>
            <chunk index="2">le</chunk>
            <chunk index="3">quattro</chunk>
            <chunk index="4">e</chunk>
            <chunk index="5">mezza.</chunk>
         </chunks>
      </sentence>
      <sentence id="980a5c59b229e23a28606593772d84c3">
         <s>Sono le sei.</s>
         <chunks>
            <chunk index="1">Sono</chunk>
            <chunk index="2">le</chunk>
            <chunk index="3">sei.</chunk>
         </chunks>
      </sentence>
      <sentence id="9f9241431ee7c82b12e01aeff62b44e4">
         <s>Sono le tre e mezza.</s>
         <chunks>
            <chunk index="1">Sono</chunk>
            <chunk index="2">le</chunk>
            <chunk index="3">tre</chunk>
            <chunk index="4">e</chunk>
            <chunk index="5">mezza.</chunk>
         </chunks>
      </sentence>
      <sentence id="e03cf91e0bb0ae5e03c2247595e81ef1">
         <s>È l’una e venti.</s>
         <chunks>
            <chunk index="1">È</chunk>
            <chunk index="2">l’una</chunk>
            <chunk index="3">e</chunk>
            <chunk index="4">venti.</chunk>
         </chunks>
      </sentence>
      <sentence id="9c0f9de188affef5b1ff4910412304fb">
         <s>È mezzogiorno e un quarto.</s>
         <chunks>
            <chunk index="1">È</chunk>
            <chunk index="2">mezzogiorno</chunk>
            <chunk index="3">e</chunk>
            <chunk index="4">un</chunk>
            <chunk index="5">quarto.</chunk>
         </chunks>
      </sentence>
   </sentences>
</activity>
