<?xml version="1.0" ?>
<activity id="927138305706" type="conjugation" l2="it" l1="ar" version="1">
   <course_name>italian</course_name>
   <title_prefix>تصريف الأفعال</title_prefix>
   <title>Verbi in -ire che prendono -isc</title>
   <theme>Verbi in -ire che prendono -isc</theme>
   <description>اختر الصيغة الصحيحة للفعل.</description>
   <sentences>
      <entry id="fb153d7e87e073190a134507b37d3a99">
         <sentence>Carlo, tu preferisci la storia o la geografia?</sentence>
         <verb>preferisci</verb>
         <forms>
            <form>preferire</form>
            <form>preferisco</form>
            <form>preferisce</form>
            <form>preferiamo</form>
            <form>preferite</form>
            <form>preferiscono</form>
         </forms>
      </entry>
      <entry id="18e1edc6e8482a8a58b791a573b05535">
         <sentence>Gli studenti capiscono l’inglese.</sentence>
         <verb>capiscono</verb>
         <forms>
            <form>capire</form>
            <form>capisco</form>
            <form>capisci</form>
            <form>capisce</form>
            <form>capiamo</form>
            <form>capite</form>
         </forms>
      </entry>
      <entry id="21449e44db8a25b171fd498ebb4c1a32">
         <sentence>Gli studenti puliscono l’aula.</sentence>
         <verb>puliscono</verb>
         <forms>
            <form>pulire</form>
            <form>pulisco</form>
            <form>pulisci</form>
            <form>pulisce</form>
            <form>puliamo</form>
            <form>pulite</form>
         </forms>
      </entry>
      <entry id="5e2a370a06b7f43f71d841895dcf8757">
         <sentence>Heba, tu capisci l’italiano?</sentence>
         <verb>capisci</verb>
         <forms>
            <form>capire</form>
            <form>capisco</form>
            <form>capisce</form>
            <form>capiamo</form>
            <form>capite</form>
            <form>capiscono</form>
         </forms>
      </entry>
      <entry id="4765a9eff701ffe262b1ee215edc1aa9">
         <sentence>Il professore chiarisce un dubbio.</sentence>
         <verb>chiarisce</verb>
         <forms>
            <form>chiarire</form>
            <form>chiarisco</form>
            <form>chiarisci</form>
            <form>chiariamo</form>
            <form>chiarite</form>
            <form>chiariscono</form>
         </forms>
      </entry>
      <entry id="a181cc3dc366f6bfc51e30c8b227d74a">
         <sentence>Il professore spedisce un’email.</sentence>
         <verb>spedisce</verb>
         <forms>
            <form>spedire</form>
            <form>spedisco</form>
            <form>spedisci</form>
            <form>spediamo</form>
            <form>spedite</form>
            <form>spediscono</form>
         </forms>
      </entry>
      <entry id="c628c598a77607c946fb450e1436ea23">
         <sentence>Io capisco il cinese.</sentence>
         <verb>capisco</verb>
         <forms>
            <form>capire</form>
            <form>capisci</form>
            <form>capisce</form>
            <form>capiamo</form>
            <form>capite</form>
            <form>capiscono</form>
         </forms>
      </entry>
      <entry id="45924088808362b4f5355ed2dbbb8dd0">
         <sentence>Io e Maria non mangiamo la cioccolata, noi preferiamo la frutta.</sentence>
         <verb>preferiamo</verb>
         <forms>
            <form>preferire</form>
            <form>preferisco</form>
            <form>preferisci</form>
            <form>preferisce</form>
            <form>preferite</form>
            <form>preferiscono</form>
         </forms>
      </entry>
      <entry id="bbc61df805a842c1be66dae2eb9fb8c3">
         <sentence>Io finisco di mangiare e poi dormo.</sentence>
         <verb>finisco</verb>
         <forms>
            <form>finire</form>
            <form>finisci</form>
            <form>finisce</form>
            <form>finiamo</form>
            <form>finite</form>
            <form>finiscono</form>
         </forms>
      </entry>
      <entry id="5c1c50bd7709aa2508d196c265c23b68">
         <sentence>Io non capisco la lezione di matematica.</sentence>
         <verb>capisco</verb>
         <forms>
            <form>capire</form>
            <form>capisci</form>
            <form>capisce</form>
            <form>capiamo</form>
            <form>capite</form>
            <form>capiscono</form>
         </forms>
      </entry>
      <entry id="48cb0627b05041e0eebe4f7ae4fa35bd">
         <sentence>Io preferisco la macchina gialla.</sentence>
         <verb>preferisco</verb>
         <forms>
            <form>preferire</form>
            <form>preferisci</form>
            <form>preferisce</form>
            <form>preferiamo</form>
            <form>preferite</form>
            <form>preferiscono</form>
         </forms>
      </entry>
      <entry id="f307deda29edadac85917a4e4f69538b">
         <sentence>Io pulisco casa di solito.</sentence>
         <verb>pulisco</verb>
         <forms>
            <form>pulire</form>
            <form>pulisci</form>
            <form>pulisce</form>
            <form>puliamo</form>
            <form>pulite</form>
            <form>puliscono</form>
         </forms>
      </entry>
      <entry id="024445bebe9c63d8c262643bb4739d30">
         <sentence>Io spedisco un’email a Marco.</sentence>
         <verb>spedisco</verb>
         <forms>
            <form>spedire</form>
            <form>spedisci</form>
            <form>spedisce</form>
            <form>spediamo</form>
            <form>spedite</form>
            <form>spediscono</form>
         </forms>
      </entry>
      <entry id="77de02758932256896115472af577ab6">
         <sentence>La lezione di inglese finisce adesso.</sentence>
         <verb>finisce</verb>
         <forms>
            <form>finire</form>
            <form>finisco</form>
            <form>finisci</form>
            <form>finiamo</form>
            <form>finite</form>
            <form>finiscono</form>
         </forms>
      </entry>
      <entry id="f2544280f430895ebf398510c7de7c86">
         <sentence>Lei capisce l’italiano molto bene.</sentence>
         <verb>capisce</verb>
         <forms>
            <form>capire</form>
            <form>capisco</form>
            <form>capisci</form>
            <form>capiamo</form>
            <form>capite</form>
            <form>capiscono</form>
         </forms>
      </entry>
      <entry id="6e36c25c5aaf46099096b63389eb565d">
         <sentence>Lei preferisce abitare a Milano.</sentence>
         <verb>preferisce</verb>
         <forms>
            <form>preferire</form>
            <form>preferisco</form>
            <form>preferisci</form>
            <form>preferiamo</form>
            <form>preferite</form>
            <form>preferiscono</form>
         </forms>
      </entry>
      <entry id="e11fd2f9bc5c57c739d6dac4530959d5">
         <sentence>Loro preferiscono giocare a calcio.</sentence>
         <verb>preferiscono</verb>
         <forms>
            <form>preferire</form>
            <form>preferisco</form>
            <form>preferisci</form>
            <form>preferisce</form>
            <form>preferiamo</form>
            <form>preferite</form>
         </forms>
      </entry>
      <entry id="7aa854d8745aa40964c2b6b2fe100a0d">
         <sentence>Lui finisce la scuola elementare.</sentence>
         <verb>finisce</verb>
         <forms>
            <form>finire</form>
            <form>finisco</form>
            <form>finisci</form>
            <form>finiamo</form>
            <form>finite</form>
            <form>finiscono</form>
         </forms>
      </entry>
      <entry id="765eb22983b5485777a77a99ca00f1a5">
         <sentence>Lui spedisce un regalo a Luigi.</sentence>
         <verb>spedisce</verb>
         <forms>
            <form>spedire</form>
            <form>spedisco</form>
            <form>spedisci</form>
            <form>spediamo</form>
            <form>spedite</form>
            <form>spediscono</form>
         </forms>
      </entry>
      <entry id="60e47084387dfa84e8dfa278f03837c4">
         <sentence>L’architetto costruisce la casa.</sentence>
         <verb>costruisce</verb>
         <forms>
            <form>costruire</form>
            <form>costruisco</form>
            <form>costruisci</form>
            <form>costruiamo</form>
            <form>costruite</form>
            <form>costruiscono</form>
         </forms>
      </entry>
      <entry id="94ff7d022ba2b51ceebbf119ae2469d5">
         <sentence>Mario costruisce case.</sentence>
         <verb>costruisce</verb>
         <forms>
            <form>costruire</form>
            <form>costruisco</form>
            <form>costruisci</form>
            <form>costruiamo</form>
            <form>costruite</form>
            <form>costruiscono</form>
         </forms>
      </entry>
      <entry id="d8a8dc04ef77ab1f96fe46b97a9584be">
         <sentence>Noi capiamo l’inglese.</sentence>
         <verb>capiamo</verb>
         <forms>
            <form>capire</form>
            <form>capisco</form>
            <form>capisci</form>
            <form>capisce</form>
            <form>capite</form>
            <form>capiscono</form>
         </forms>
      </entry>
      <entry id="cb95d5b544608a45ef7e35440204a17b">
         <sentence>Noi finiamo di lavorare adesso.</sentence>
         <verb>finiamo</verb>
         <forms>
            <form>finire</form>
            <form>finisco</form>
            <form>finisci</form>
            <form>finisce</form>
            <form>finite</form>
            <form>finiscono</form>
         </forms>
      </entry>
      <entry id="3393f616c4347d65f3333ba787c1e306">
         <sentence>Noi spediamo un regalo.</sentence>
         <verb>spediamo</verb>
         <forms>
            <form>spedire</form>
            <form>spedisco</form>
            <form>spedisci</form>
            <form>spedisce</form>
            <form>spedite</form>
            <form>spediscono</form>
         </forms>
      </entry>
      <entry id="fa2793bdf43d251b3519eb48b217a84b">
         <sentence>Ragazzi, voi quando finite la lezione di storia?</sentence>
         <verb>finite</verb>
         <forms>
            <form>finire</form>
            <form>finisco</form>
            <form>finisci</form>
            <form>finisce</form>
            <form>finiamo</form>
            <form>finiscono</form>
         </forms>
      </entry>
      <entry id="91044434c2a34e96ee43e9933660b094">
         <sentence>Tu capisci il francese?</sentence>
         <verb>capisci</verb>
         <forms>
            <form>capire</form>
            <form>capisco</form>
            <form>capisce</form>
            <form>capiamo</form>
            <form>capite</form>
            <form>capiscono</form>
         </forms>
      </entry>
      <entry id="f91fc50dd34ba1c7dbf0c745335f04b7">
         <sentence>Tu preferisci la pizza o la pasta?</sentence>
         <verb>preferisci</verb>
         <forms>
            <form>preferire</form>
            <form>preferisco</form>
            <form>preferisce</form>
            <form>preferiamo</form>
            <form>preferite</form>
            <form>preferiscono</form>
         </forms>
      </entry>
      <entry id="0cb3bd5546e0b3e0b37b7ad75241c473">
         <sentence>Tu quando finisci la scuola media?</sentence>
         <verb>finisci</verb>
         <forms>
            <form>finire</form>
            <form>finisco</form>
            <form>finisce</form>
            <form>finiamo</form>
            <form>finite</form>
            <form>finiscono</form>
         </forms>
      </entry>
      <entry id="07e1241441583351fcf15dd2be73bc18">
         <sentence>Voi capite la lezione di matematica?</sentence>
         <verb>capite</verb>
         <forms>
            <form>capire</form>
            <form>capisco</form>
            <form>capisci</form>
            <form>capisce</form>
            <form>capiamo</form>
            <form>capiscono</form>
         </forms>
      </entry>
      <entry id="3f6d2a51e1360c93f228a07f93e52a78">
         <sentence>Voi preferite prendere il treno o la macchina?</sentence>
         <verb>preferite</verb>
         <forms>
            <form>preferire</form>
            <form>preferisco</form>
            <form>preferisci</form>
            <form>preferisce</form>
            <form>preferiamo</form>
            <form>preferiscono</form>
         </forms>
      </entry>
      <entry id="66229635cc744884e33302872dc2537d">
         <sentence>Voi pulite casa di solito?</sentence>
         <verb>pulite</verb>
         <forms>
            <form>pulire</form>
            <form>pulisco</form>
            <form>pulisci</form>
            <form>pulisce</form>
            <form>puliamo</form>
            <form>puliscono</form>
         </forms>
      </entry>
   </sentences>
</activity>
