<?xml version="1.0" ?>
<activity id="695161718710" type="dictation" l2="it" l1="ar" version="1" n_voices="4">
   <course_name>italian</course_name>
   <title_prefix>إملاء</title_prefix>
   <title>Forma di cortesia</title>
   <theme>Forma di cortesia</theme>
   <description>استمع ثم اكتب الجملة.</description>
   <sentences>
      <sentence id="a2dedab0e3be9481d8649e29d6d8bddb" audio_id="395165283745">
         <s>Buonasera signor Bianchi! Lei preferisce mangiare la pasta o la pizza?</s>
      </sentence>
      <sentence id="9ede1f2bd4a558c1f34bbbc318ba32bf" audio_id="480131427493">
         <s>Buongiorno professore! Lei dove abita?</s>
      </sentence>
      <sentence id="f304c4d323cd80bc895de14e0d955688" audio_id="529160370625">
         <s>Buongiorno signora, Lei come si chiama?</s>
      </sentence>
      <sentence id="6726aea1834f5ba5c1f4ac64aa5987a9" audio_id="386195494582">
         <s>Professor Rossi, Lei ha una penna rossa?</s>
      </sentence>
      <sentence id="75d819e714a839eb06027956dd9b1e79" audio_id="106157596802">
         <s>Professor Rossi, Lei è molto giovane!</s>
      </sentence>
      <sentence id="619db6bd22fcccf5552e6ee318543f45" audio_id="272131857659">
         <s>Professore, Lei insegna italiano?</s>
      </sentence>
      <sentence id="4d76c014aeb0abb7214e4358d68e9639" audio_id="484173593127">
         <s>Professore, Lei prende la macchina di solito?</s>
      </sentence>
      <sentence id="34ed5972da54510af181b4761c2958e8" audio_id="936193686309">
         <s>Professore, Lei è molto alto!</s>
      </sentence>
      <sentence id="d7df8906698891d8ac5b772e95655f73" audio_id="914164364213">
         <s>Professoressa, Lei conosce lo studente nuovo?</s>
      </sentence>
      <sentence id="ce722f6f6eaa8c964eb9c8e81545fdb4" audio_id="719187243406">
         <s>Professoressa, Lei insegna matematica?</s>
      </sentence>
      <sentence id="cfa7787ec6dcf9b53411ee49938b5e97" audio_id="363149246292">
         <s>Professoressa, Lei legge un libro di storia?</s>
      </sentence>
      <sentence id="2e5e6653c7fcd2c17b5dfc361b55b14b" audio_id="340180968274">
         <s>Professoressa, Lei preferisce mangiare la frutta o la cioccolata?</s>
      </sentence>
      <sentence id="8ef86341bdc1a1457e670273965a83e3" audio_id="736123739496">
         <s>Professoressa, Lei è italiana o inglese?</s>
      </sentence>
      <sentence id="c7e316354436ed498a8e0de979fd166b" audio_id="392175751761">
         <s>Signor Rossi, Lei lavora a Roma?</s>
      </sentence>
      <sentence id="d43e977c05c67caf5b339c605db438ba" audio_id="468104582056">
         <s>Signora Bianchi, Lei è molto gentile!</s>
      </sentence>
      <sentence id="c3d054250702d99141d06c97e89ec0ed" audio_id="742108169095">
         <s>Signora Maria, Lei ha un cellulare?</s>
      </sentence>
      <sentence id="ae04888f5b1a6a802f79eba4149b18ce" audio_id="897141379426">
         <s>Signora, Lei capisce l’inglese?</s>
      </sentence>
      <sentence id="6696f72d72de09855b5a91ad2f67e9d5" audio_id="358179758576">
         <s>Signora, Lei finisce di lavorare adesso?</s>
      </sentence>
      <sentence id="873bb65eec02ae432defca556dd969b1" audio_id="146105132879">
         <s>Signora, Lei ha un cane?</s>
      </sentence>
      <sentence id="101f63a46c2ebab0afec57d21bf2b832" audio_id="950186516280">
         <s>Signora, Lei ha una casa molto bella!</s>
      </sentence>
      <sentence id="58366bce05a6a0b60ffd3efdb3c2b633" audio_id="290178053263">
         <s>Signora, Lei prende il treno di solito?</s>
      </sentence>
      <sentence id="73eff102ff35efc1e7d2c52bc0bcb15b" audio_id="856145159439">
         <s>Signora, Lei è italiana o spagnola?</s>
      </sentence>
      <sentence id="fb4f077f4342f0fa3a231a9dbffeb9d0" audio_id="512121795437">
         <s>Signore, Lei capisce l’italiano?</s>
      </sentence>
      <sentence id="2bb9883514501642ed508d61b0ad7c9b" audio_id="149176973173">
         <s>Signore, Lei ha una penna?</s>
      </sentence>
      <sentence id="22dadf20c52877f24a286d9a95613a53" audio_id="947143017317">
         <s>Signore, Lei lavora alle scuole superiori?</s>
      </sentence>
      <sentence id="c210822ad36ad5a000020f1652558845" audio_id="185123756403">
         <s>Signore, Lei preferisce prendere il treno o la macchina?</s>
      </sentence>
      <sentence id="0741b2c473f9af068060aa71bd56f99c" audio_id="607197258717">
         <s>Signore, Lei quanti anni ha?</s>
      </sentence>
      <sentence id="625c059dc12117c6d9c309a2790431ca" audio_id="816168608517">
         <s>Signore, Lei è molto scortese!</s>
      </sentence>
      <sentence id="f065a92913d4b72a79b502e72d678fd9" audio_id="682121781458">
         <s>Signore, Lei è molto simpatico!</s>
      </sentence>
      <sentence id="0776287c0cec994da98edbd5db5c2567" audio_id="215175706146">
         <s>Signore, perché Lei è triste?</s>
      </sentence>
   </sentences>
</activity>
